[{"id":"uavgx49m9zooo63","proppos":"01","proptype":"TextBox","propname":"id","proptitle":"#","propdatatype":"Int","propplaceholder":"","propvalue":"","proprow":"1","propcol":"1","proprequired":true,"propstart":"0","propstep":"1","propmax":"100","propoptions":"","propprepend":"","propappend":"","propdateformat":"Y-m-d H:i","propformats":"https://flatpickr.js.org/formatting/","propdisplayformat":"D, d M Y H:i","proptime24":false,"proplocale":"en","propsingleselect":false,"propcolor":"","propactivecolor":"","propsize":"","propthickness":"","propicon":"","propiconsize":"42px","propmaxlen":"","proprows":"","prophandlediameter":"16","propwheeldiameter":"200","propwheelthickness":"20","propwheelposition":"top-end","propwidth":"","propheight":"","propshape":"circle","propurl":"","propring":false,"propringcolor":"primary","propringoffset":"2","propringoffsetcolor":"base-100","proponlinestatus":false,"proponline":false,"proptextcolor":"","proptextsize":"","propaccept":"","propmultiple":false,"propalign":"left","propvisible":false,"propenabled":true,"propreadonly":false,"propactive":true,"propsort":false,"propfocus":false,"propblock":false,"propupdate":"","proptermscaption":"Terms and Conditions","proptermsurl":"","propprivacycaption":"Privacy Policy","propprivacyurl":"","propaction":"None","propcolumntype":"None","propcolumnvertical":"","propcolumnvisible":true,"propsubtitle1":"","propsubtitle2":"","proptotal":false,"propforeigntable":"","propforeignfield":"","propforeigndisplayfield":"","propforeigndisplayfield1":"","propforeigndisplayfield2":"","propcomputevalue":false,"propcomputering":false,"propcomputecolor":false,"propcomputebgcolor":false,"propcomputetextcolor":false,"propcomputeclass":false,"daisyuidocs":"https://daisyui.com/components/input/","edit":null,"delete":null,"clone":null,"down":null,"up":null},{"id":"esmkksbm9zop1py","proppos":"01","proptype":"TextBox","propname":"name","proptitle":"Name","propdatatype":"String","propplaceholder":"","propvalue":"","proprow":"2","propcol":"1","proprequired":true,"propstart":"0","propstep":"1","propmax":"100","propoptions":"","propprepend":"","propappend":"","propdateformat":"Y-m-d H:i","propformats":"https://flatpickr.js.org/formatting/","propdisplayformat":"D, d M Y H:i","proptime24":false,"proplocale":"en","propsingleselect":false,"propcolor":"","propactivecolor":"","propsize":"","propthickness":"","propicon":"","propiconsize":"42px","propmaxlen":"","proprows":"","prophandlediameter":"16","propwheeldiameter":"200","propwheelthickness":"20","propwheelposition":"top-end","propwidth":"","propheight":"","propshape":"circle","propurl":"","propring":false,"propringcolor":"primary","propringoffset":"2","propringoffsetcolor":"base-100","proponlinestatus":false,"proponline":false,"proptextcolor":"","proptextsize":"","propaccept":"","propmultiple":false,"propalign":"left","propvisible":true,"propenabled":true,"propreadonly":false,"propactive":true,"propsort":false,"propfocus":true,"propcenterchildren":false,"propblock":false,"propupdate":"","proptermscaption":"Terms and Conditions","proptermsurl":"","propprivacycaption":"Privacy Policy","propprivacyurl":"","propaction":"None","propcolumntype":"TextBox","propcolumnvertical":"","propcolumnvisible":true,"propsubtitle1":"","propsubtitle2":"","proptotal":false,"propforeigntable":"","propforeignfield":"","propforeigndisplayfield":"","propforeigndisplayfield1":"","propforeigndisplayfield2":"","propcomputevalue":false,"propcomputering":false,"propcomputecolor":false,"propcomputebgcolor":false,"propcomputetextcolor":false,"propcomputeclass":false,"daisyuidocs":"https://daisyui.com/components/input/","edit":null,"delete":null,"clone":null,"down":null,"up":null}]