{"properties":[{"Key":"ParentID","DisplayName":"ParentID","FieldType":"String","DefaultValue":"","Description":"The ParentID of this component","List":""},{"Key":"Label","DisplayName":"Label","FieldType":"String","DefaultValue":"Group Select","Description":"Label","List":""},{"Key":"LegendColor","DisplayName":"Label Color","FieldType":"String","DefaultValue":"","Description":"Label Color","List":""},{"Key":"GroupName","DisplayName":"Group Name","FieldType":"String","DefaultValue":"group1","Description":"Group Name","List":""},{"Key":"RawOptions","DisplayName":"Options","FieldType":"String","DefaultValue":"b4a=b4a; b4i=b4i; b4j=b4j; b4r=b4r","Description":"Options","List":""},{"Key":"Selected","DisplayName":"Selected","FieldType":"String","DefaultValue":"","Description":"Selected","List":""},{"Key":"SingleSelect","DisplayName":"Single Select","FieldType":"Boolean","DefaultValue":"False","Description":"Single Select","List":""},{"Key":"ChipColor","DisplayName":"Chip Color","FieldType":"String","DefaultValue":"neutral","Description":"Chip Color","List":""},{"Key":"ActiveColor","DisplayName":"Active Color","FieldType":"String","DefaultValue":"#22c55e","Description":"Active Color","List":""},{"Key":"TextColor","DisplayName":"Text Color","FieldType":"String","DefaultValue":"#ffffff","Description":"Text Color","List":""},{"Key":"ThemeController","DisplayName":"Theme Controller","FieldType":"Boolean","DefaultValue":"False","Description":"Theme Controller","List":""},{"Key":"Size","DisplayName":"Chip Size","FieldType":"String","DefaultValue":"xs","Description":"Button Size","List":"lg|md|none|sm|xl|xs"},{"Key":"BackgroundColor","DisplayName":"Background Color","FieldType":"String","DefaultValue":"base-200","Description":"Background Color","List":""},{"Key":"Border","DisplayName":"Border","FieldType":"Boolean","DefaultValue":"True","Description":"Border","List":""},{"Key":"BorderColor","DisplayName":"Border Color","FieldType":"String","DefaultValue":"base-300","Description":"Border Color","List":""},{"Key":"Height","DisplayName":"Height","FieldType":"String","DefaultValue":"","Description":"Height","List":""},{"Key":"Width","DisplayName":"Width","FieldType":"String","DefaultValue":"full","Description":"Width","List":""},{"Key":"RoundedBox","DisplayName":"Rounded Box","FieldType":"Boolean","DefaultValue":"True","Description":"Rounded Box","List":""},{"Key":"Shadow","DisplayName":"Shadow","FieldType":"String","DefaultValue":"none","Description":"Shadow","List":"2xl|inner|lg|md|none|shadow|sm|xl"},{"Key":"Visible","DisplayName":"Visible","FieldType":"Boolean","DefaultValue":"True","Description":"If visible.","List":""},{"Key":"Enabled","DisplayName":"Enabled","FieldType":"Boolean","DefaultValue":"True","Description":"If enabled.","List":""},{"Key":"PositionStyle","DisplayName":"Position Style","FieldType":"String","DefaultValue":"none","Description":"Position","List":"absolute|fixed|none|relative|static|sticky"},{"Key":"Position","DisplayName":"Position Locations","FieldType":"String","DefaultValue":"t=?; b=?; r=?; l=?","Description":"Position Locations","List":""},{"Key":"MarginAXYTBLR","DisplayName":"Margins","FieldType":"String","DefaultValue":"a=?; x=?; y=?; t=?; b=?; l=?; r=?","Description":"Margins A(all)-X(LR)-Y(TB)-T-B-L-R","List":""},{"Key":"PaddingAXYTBLR","DisplayName":"Paddings","FieldType":"String","DefaultValue":"a=4; x=?; y=?; t=?; b=?; l=?; r=?","Description":"Paddings A(all)-X(LR)-Y(TB)-T-B-L-R","List":""},{"Key":"RawClasses","DisplayName":"Classes (;)","FieldType":"String","DefaultValue":"","Description":"Classes added to the HTML tag.","List":""},{"Key":"RawStyles","DisplayName":"Styles (JSON)","FieldType":"String","DefaultValue":"","Description":"Styles added to the HTML tag. Must be a json String use = and ;","List":""},{"Key":"RawAttributes","DisplayName":"Attributes (JSON)","FieldType":"String","DefaultValue":"","Description":"Attributes added to the HTML tag. Must be a json String use = and ;","List":""}],"events":[{"name":"Change (Selected As String)"}],"methods":[{"name":"Class_Globals","signature":"Class_Globals"},{"name":"Initialize","signature":"Initialize (Callback As Object, Name As String, EventName As String)"},{"name":"getID","signature":"getID() As String"},{"name":"SetProperties","signature":"SetProperties(props As Map)"},{"name":"GetProperties","signature":"GetProperties As Map"},{"name":"AddComponent","signature":"AddComponent"},{"name":"Remove","signature":"Remove()"},{"name":"setParentID","signature":"setParentID(s As String)"},{"name":"getParentID","signature":"getParentID As String"},{"name":"getHere","signature":"getHere() As String"},{"name":"setVisible","signature":"setVisible(b As Boolean)"},{"name":"getVisible","signature":"getVisible As Boolean"},{"name":"setEnabled","signature":"setEnabled(b As Boolean)"},{"name":"getEnabled","signature":"getEnabled As Boolean"},{"name":"setPositionStyle","signature":"setPositionStyle(s As String)"},{"name":"getPositionStyle","signature":"getPositionStyle As String"},{"name":"setPosition","signature":"setPosition(s As String)"},{"name":"getPosition","signature":"getPosition As String"},{"name":"setAttributes","signature":"setAttributes(s As String)"},{"name":"setStyles","signature":"setStyles(s As String)"},{"name":"setClasses","signature":"setClasses(s As String)"},{"name":"setPaddingAXYTBLR","signature":"setPaddingAXYTBLR(s As String)"},{"name":"setMarginAXYTBLR","signature":"setMarginAXYTBLR(s As String)"},{"name":"getAttributes","signature":"getAttributes As String"},{"name":"getStyles","signature":"getStyles As String"},{"name":"getClasses","signature":"getClasses As String"},{"name":"getPaddingAXYTBLR","signature":"getPaddingAXYTBLR As String"},{"name":"getMarginAXYTBLR","signature":"getMarginAXYTBLR As String"},{"name":"DesignerCreateView","signature":"DesignerCreateView (Target As BANanoElement, Props As Map)"},{"name":"setThemeController\t\t\t","signature":"setThemeController(b As Boolean)\t\t\t"},{"name":"getThemeController","signature":"getThemeController As Boolean"},{"name":"setLegendColor\t\t\t","signature":"setLegendColor(s As String)\t\t\t"},{"name":"getLegendColor","signature":"getLegendColor As String"},{"name":"setTextColor","signature":"setTextColor(s As String)"},{"name":"getTextColor","signature":"getTextColor As String"},{"name":"Clear\t\t\t","signature":"Clear\t\t\t"},{"name":"setActiveColor","signature":"setActiveColor(s As String)"},{"name":"setBackgroundColor","signature":"setBackgroundColor(s As String)"},{"name":"setBorder","signature":"setBorder(b As Boolean)"},{"name":"setBorderColor","signature":"setBorderColor(s As String)"},{"name":"setGroupName","signature":"setGroupName(s As String)"},{"name":"setHeight","signature":"setHeight(s As String)"},{"name":"setLabel","signature":"setLabel(s As String)"},{"name":"SetItemsChips","signature":"SetItemsChips(titems As Map)"},{"name":"setOptions\t\t\t\t","signature":"setOptions(s As String)\t\t\t\t"},{"name":"SetOptionsFromMap\t\t\t","signature":"SetOptionsFromMap(mItems As Map)\t\t\t"},{"name":"AddOption","signature":"AddOption(k As String, v As String)"},{"name":"setRoundedBox","signature":"setRoundedBox(b As Boolean)"},{"name":"setSelected\t\t\t\t\t","signature":"setSelected(s As String)\t\t\t\t\t"},{"name":"setShadow","signature":"setShadow(s As String)"},{"name":"setSingleSelect","signature":"setSingleSelect(b As Boolean)"},{"name":"setSize","signature":"setSize(s As String)"},{"name":"setWidth","signature":"setWidth(s As String)"},{"name":"getActiveColor","signature":"getActiveColor As String"},{"name":"getBackgroundColor","signature":"getBackgroundColor As String"},{"name":"getBorder","signature":"getBorder As Boolean"},{"name":"getBorderColor","signature":"getBorderColor As String"},{"name":"getGroupName","signature":"getGroupName As String"},{"name":"getHeight","signature":"getHeight As String"},{"name":"getLabel","signature":"getLabel As String"},{"name":"getOptions","signature":"getOptions As String"},{"name":"getRoundedBox","signature":"getRoundedBox As Boolean"},{"name":"getSelected","signature":"getSelected As String"},{"name":"getShadow","signature":"getShadow As String"},{"name":"getSingleSelect","signature":"getSingleSelect As Boolean"},{"name":"getSize","signature":"getSize As String"},{"name":"getWidth","signature":"getWidth As String"},{"name":"setChipColor","signature":"setChipColor(s As String)"},{"name":"getChipColor","signature":"getChipColor As String"},{"name":"IsBlank","signature":"IsBlank As Boolean"},{"name":"ResetValidation","signature":"ResetValidation"},{"name":"getValue","signature":"getValue As String"},{"name":"setValue","signature":"setValue(s As String)"},{"name":"SetLanguages","signature":"SetLanguages"},{"name":"SetCountries","signature":"SetCountries"},{"name":"SetYears","signature":"SetYears(yearsIntoPast As Int, yearsIntoFuture As Int)"},{"name":"SetMonths","signature":"SetMonths"},{"name":"SetDays","signature":"SetDays"},{"name":"SetThemes","signature":"SetThemes"}]}