{"properties":[{"Key":"ParentID","DisplayName":"ParentID","FieldType":"String","DefaultValue":"","Description":"The ParentID of this component","List":""},{"Key":"Format","DisplayName":"Format","FieldType":"String","DefaultValue":"auto","Description":"Format","List":"auto|codabar|CODE128|CODE128A|CODE128AUTO|CODE128B|CODE128C|CODE39|EAN13|EAN2|EAN5|EAN8|GenericBarcode|ITF|ITF14|MSI|MSI10|MSI1010|MSI11|MSI1110|pharmacode|UPC|UPCE"},{"Key":"Value","DisplayName":"Value","FieldType":"String","DefaultValue":"123456789012","Description":"Value Of Bar Code","List":""},{"Key":"Text","DisplayName":"Text","FieldType":"String","DefaultValue":"JsBarCode","Description":"Text","List":""},{"Key":"Background","DisplayName":"Background","FieldType":"String","DefaultValue":"#ffffff","Description":"Background Color","List":""},{"Key":"DisplayValue","DisplayName":"Display Value","FieldType":"Boolean","DefaultValue":"True","Description":"Display Value","List":""},{"Key":"Flat","DisplayName":"Flat","FieldType":"Boolean","DefaultValue":"False","Description":"Flat","List":""},{"Key":"Font","DisplayName":"Font","FieldType":"String","DefaultValue":"monospace","Description":"Font","List":""},{"Key":"FontBold","DisplayName":"Font Bold","FieldType":"Boolean","DefaultValue":"False","Description":"Font Bold","List":""},{"Key":"FontItalic","DisplayName":"Font Italic","FieldType":"Boolean","DefaultValue":"False","Description":"Font Italic","List":""},{"Key":"FontSize","DisplayName":"Font Size","FieldType":"Int","DefaultValue":"20","Description":"Font Size","List":""},{"Key":"Height","DisplayName":"Height","FieldType":"Int","DefaultValue":"100","Description":"Height","List":""},{"Key":"Width","DisplayName":"Width","FieldType":"Int","DefaultValue":"2","Description":"Width","List":""},{"Key":"LineColor","DisplayName":"Line Color","FieldType":"String","DefaultValue":"#000000","Description":"Line Color","List":""},{"Key":"Margin","DisplayName":"Margin","FieldType":"Int","DefaultValue":"10","Description":"Margin","List":""},{"Key":"MarginBottom","DisplayName":"Margin Bottom","FieldType":"Int","DefaultValue":"-1","Description":"Margin Bottom","List":""},{"Key":"MarginLeft","DisplayName":"Margin Left","FieldType":"Int","DefaultValue":"-1","Description":"Margin Left","List":""},{"Key":"MarginRight","DisplayName":"Margin Right","FieldType":"Int","DefaultValue":"-1","Description":"Margin Right","List":""},{"Key":"MarginTop","DisplayName":"Margin Top","FieldType":"Int","DefaultValue":"-1","Description":"Margin Top","List":""},{"Key":"TextAlign","DisplayName":"Text Align","FieldType":"String","DefaultValue":"center","Description":"Text Align","List":"center|left|right"},{"Key":"TextMargin","DisplayName":"Text Margin","FieldType":"Int","DefaultValue":"2","Description":"Text Margin","List":""},{"Key":"TextPosition","DisplayName":"Text Position","FieldType":"String","DefaultValue":"bottom","Description":"Text Position","List":"bottom|top"},{"Key":"Visible","DisplayName":"Visible","FieldType":"Boolean","DefaultValue":"True","Description":"If visible.","List":""},{"Key":"Enabled","DisplayName":"Enabled","FieldType":"Boolean","DefaultValue":"True","Description":"If enabled.","List":""},{"Key":"PositionStyle","DisplayName":"Position Style","FieldType":"String","DefaultValue":"none","Description":"Position","List":"absolute|fixed|none|relative|static|sticky"},{"Key":"Position","DisplayName":"Position Locations","FieldType":"String","DefaultValue":"t=?; b=?; r=?; l=?","Description":"Position Locations","List":""},{"Key":"MarginAXYTBLR","DisplayName":"Margins","FieldType":"String","DefaultValue":"a=?; x=?; y=?; t=?; b=?; l=?; r=?","Description":"Margins A(all)-X(LR)-Y(TB)-T-B-L-R","List":""},{"Key":"PaddingAXYTBLR","DisplayName":"Paddings","FieldType":"String","DefaultValue":"a=?; x=?; y=?; t=?; b=?; l=?; r=?","Description":"Paddings A(all)-X(LR)-Y(TB)-T-B-L-R","List":""},{"Key":"RawClasses","DisplayName":"Classes (;)","FieldType":"String","DefaultValue":"","Description":"Classes added to the HTML tag.","List":""},{"Key":"RawStyles","DisplayName":"Styles (JSON)","FieldType":"String","DefaultValue":"","Description":"Styles added to the HTML tag. Must be a json String use = and ;","List":""},{"Key":"RawAttributes","DisplayName":"Attributes (JSON)","FieldType":"String","DefaultValue":"","Description":"Attributes added to the HTML tag. Must be a json String use = and ;","List":""}],"events":[{"name":"Valid (valid as Boolan)"}],"methods":[{"name":"Class_Globals","signature":"Class_Globals"},{"name":"Initialize","signature":"Initialize (Callback As Object, Name As String, EventName As String)"},{"name":"getID","signature":"getID() As String"},{"name":"SetProperties","signature":"SetProperties(props As Map)"},{"name":"GetProperties","signature":"GetProperties As Map"},{"name":"AddComponent","signature":"AddComponent"},{"name":"Remove","signature":"Remove()"},{"name":"setParentID","signature":"setParentID(s As String)"},{"name":"getParentID","signature":"getParentID As String"},{"name":"getHere","signature":"getHere() As String"},{"name":"setVisible","signature":"setVisible(b As Boolean)"},{"name":"getVisible","signature":"getVisible As Boolean"},{"name":"setEnabled","signature":"setEnabled(b As Boolean)"},{"name":"getEnabled","signature":"getEnabled As Boolean"},{"name":"OnEvent","signature":"OnEvent(event As String, methodName As String)"},{"name":"setPositionStyle","signature":"setPositionStyle(s As String)"},{"name":"getPositionStyle","signature":"getPositionStyle As String"},{"name":"setPosition","signature":"setPosition(s As String)"},{"name":"getPosition","signature":"getPosition As String"},{"name":"setAttributes","signature":"setAttributes(s As String)"},{"name":"setStyles","signature":"setStyles(s As String)"},{"name":"setClasses","signature":"setClasses(s As String)"},{"name":"setPaddingAXYTBLR","signature":"setPaddingAXYTBLR(s As String)"},{"name":"setMarginAXYTBLR","signature":"setMarginAXYTBLR(s As String)"},{"name":"getAttributes","signature":"getAttributes As String"},{"name":"getStyles","signature":"getStyles As String"},{"name":"getClasses","signature":"getClasses As String"},{"name":"getPaddingAXYTBLR","signature":"getPaddingAXYTBLR As String"},{"name":"getMarginAXYTBLR","signature":"getMarginAXYTBLR As String"},{"name":"setText","signature":"setText(s As String)"},{"name":"getText","signature":"getText As String"},{"name":"setValue","signature":"setValue(text As String)"},{"name":"getValue","signature":"getValue As String"},{"name":"DesignerCreateView","signature":"DesignerCreateView (Target As BANanoElement, Props As Map)"},{"name":"Refresh\t\t\t\t","signature":"Refresh\t\t\t\t"},{"name":"toBlob","signature":"toBlob As Object"},{"name":"ToDataURL","signature":"ToDataURL As String"},{"name":"setBackground","signature":"setBackground(s As String)"},{"name":"setDisplayValue","signature":"setDisplayValue(b As Boolean)"},{"name":"setFlat","signature":"setFlat(b As Boolean)"},{"name":"setFont","signature":"setFont(s As String)"},{"name":"setFontBold","signature":"setFontBold(b As Boolean)"},{"name":"setFontItalic","signature":"setFontItalic(b As Boolean)"},{"name":"setFontSize","signature":"setFontSize(i As Int)"},{"name":"setFormat","signature":"setFormat(s As String)"},{"name":"setHeight","signature":"setHeight(i As Int)"},{"name":"setLineColor","signature":"setLineColor(s As String)"},{"name":"setMargin","signature":"setMargin(i As Int)"},{"name":"setMarginBottom","signature":"setMarginBottom(i As Int)"},{"name":"setMarginLeft","signature":"setMarginLeft(i As Int)"},{"name":"setMarginRight","signature":"setMarginRight(i As Int)"},{"name":"setMarginTop","signature":"setMarginTop(i As Int)"},{"name":"setTextAlign","signature":"setTextAlign(s As String)"},{"name":"setTextMargin","signature":"setTextMargin(i As Int)"},{"name":"setTextPosition","signature":"setTextPosition(s As String)"},{"name":"setWidth","signature":"setWidth(i As Int)"},{"name":"getBackground","signature":"getBackground As String"},{"name":"getDisplayValue","signature":"getDisplayValue As Boolean"},{"name":"getFlat","signature":"getFlat As Boolean"},{"name":"getFont","signature":"getFont As String"},{"name":"getFontBold","signature":"getFontBold As Boolean"},{"name":"getFontItalic","signature":"getFontItalic As Boolean"},{"name":"getFontSize","signature":"getFontSize As Int"},{"name":"getFormat","signature":"getFormat As String"},{"name":"getHeight","signature":"getHeight As Int"},{"name":"getLineColor","signature":"getLineColor As String"},{"name":"getMargin","signature":"getMargin As Int"},{"name":"getMarginBottom","signature":"getMarginBottom As Int"},{"name":"getMarginLeft","signature":"getMarginLeft As Int"},{"name":"getMarginRight","signature":"getMarginRight As Int"},{"name":"getMarginTop","signature":"getMarginTop As Int"},{"name":"getTextAlign","signature":"getTextAlign As String"},{"name":"getTextMargin","signature":"getTextMargin As Int"},{"name":"getTextPosition","signature":"getTextPosition As String"},{"name":"getWidth","signature":"getWidth As Int"}]}