{"properties":[{"Key":"ParentID","DisplayName":"ParentID","FieldType":"String","DefaultValue":"","Description":"The ParentID of this component","List":""},{"Key":"TextTag","DisplayName":"Tag","FieldType":"String","DefaultValue":"p","Description":"Tag","List":"abbr|blockquote|del|em|h1|h2|h3|h4|h5|h6|ins|mark|p|s|small|span|strong|u|aside|figcaption|figure|ol|ul|li|div|section|nav"},{"Key":"Icon","DisplayName":"Icon","FieldType":"String","DefaultValue":"","Description":"Icon","List":""},{"Key":"IconSize","DisplayName":"Icon Size","FieldType":"String","DefaultValue":"","Description":"Icon Size","List":""},{"Key":"Text","DisplayName":"Text","FieldType":"String","DefaultValue":"Text","Description":"Text","List":""},{"Key":"LoremIpsum","DisplayName":"Lorem Ipsum","FieldType":"Boolean","DefaultValue":"False","Description":"Is Lorem Ipsum","List":""},{"Key":"Opacity","DisplayName":"Opacity","FieldType":"Int","DefaultValue":"100","MinRange":"0","MaxRange":"100","Description":"Opacity","List":""},{"Key":"ListCol","DisplayName":"List Col","FieldType":"String","DefaultValue":"none","Description":"List Col","List":"grow|none|wrap"},{"Key":"FontVariant","DisplayName":"Font Variant","FieldType":"String","DefaultValue":"none","Description":"Font Variant","List":"diagonal-fractions|lining-nums|none|normal-nums|oldstyle-nums|ordinal|proportional-nums|slashed-zero|stacked-fractions|tabular-nums"},{"Key":"Height","DisplayName":"Height","FieldType":"String","DefaultValue":"","Description":"Height","List":""},{"Key":"Width","DisplayName":"Width","FieldType":"String","DefaultValue":"","Description":"Width","List":""},{"Key":"ApplyDefaults","DisplayName":"Apply Defaults","FieldType":"Boolean","DefaultValue":"True","Description":"Apply Defaults","List":""},{"Key":"Decoration","DisplayName":"Decoration","FieldType":"String","DefaultValue":"none","Description":"Decoration","List":"line-through|no-underline|none|underline"},{"Key":"FontWeight","DisplayName":"Font Weight","FieldType":"String","DefaultValue":"none","Description":"Font Weight","List":"black|bold|extrabold|extralight|light|medium|none|normal|semibold|thin"},{"Key":"Italic","DisplayName":"Italic","FieldType":"Boolean","DefaultValue":"False","Description":"Italic","List":""},{"Key":"Overflow","DisplayName":"Overflow","FieldType":"String","DefaultValue":"none","Description":"Overflow","List":"none|overflow-clip|overflow-ellipsis|truncate"},{"Key":"TextAlign","DisplayName":"Text Align","FieldType":"String","DefaultValue":"none","Description":"Text Align","List":"center|end|justify|left|none|right|start"},{"Key":"TextColor","DisplayName":"Text Color","FieldType":"String","DefaultValue":"","Description":"Text Color","List":""},{"Key":"TextSize","DisplayName":"Text Size","FieldType":"String","DefaultValue":"none","Description":"Text Size","List":"2xl|3xl|4xl|5xl|6xl|7xl|8xl|9xl|base|lg|md|none|sm|xl|xs"},{"Key":"Transform","DisplayName":"Transform","FieldType":"String","DefaultValue":"none","Description":"Transform","List":"capitalize|lowercase|none|normal-case|uppercase"},{"Key":"Rounded","DisplayName":"Rounded","FieldType":"String","DefaultValue":"none","Description":"Rounded","List":"none|rounded|2xl|3xl|full|lg|md|sm|xl|0"},{"Key":"Shadow","DisplayName":"Shadow","FieldType":"String","DefaultValue":"none","Description":"Shadow","List":"2xl|inner|lg|md|none|shadow|sm|xl"},{"Key":"BackgroundColor","DisplayName":"Background Color","FieldType":"String","DefaultValue":"","Description":"Background Color","List":""},{"Key":"BackgroundImage","DisplayName":"Background Image","FieldType":"String","DefaultValue":"","Description":"Background Image","List":""},{"Key":"CenterChildren","DisplayName":"Center Children","FieldType":"Boolean","DefaultValue":"False","Description":"Center Children","List":""},{"Key":"AlignContent","DisplayName":"Align Content","FieldType":"String","DefaultValue":"none","Description":"Align Content","List":"around|baseline|between|center|end|evenly|none|normal|start|stretch"},{"Key":"AlignItems","DisplayName":"Align Items","FieldType":"String","DefaultValue":"none","Description":"Align Items","List":"baseline|center|end|none|start|stretch"},{"Key":"AlignSelf","DisplayName":"Align Self","FieldType":"String","DefaultValue":"none","Description":"Align Self","List":"auto|baseline|center|end|none|start|stretch"},{"Key":"JustifyContent","DisplayName":"Justify Content","FieldType":"String","DefaultValue":"none","Description":"Justify Content","List":"around|baseline|between|center|end|evenly|none|normal|start|stretch"},{"Key":"JustifyItems","DisplayName":"Justify Items","FieldType":"String","DefaultValue":"none","Description":"Justify Items","List":"center|end|none|normal|start|stretch"},{"Key":"JustifySelf","DisplayName":"Justify Self","FieldType":"String","DefaultValue":"none","Description":"Justify Self","List":"auto|center|end|none|start|stretch"},{"Key":"PlaceContent","DisplayName":"Place Content","FieldType":"String","DefaultValue":"none","Description":"Place Content","List":"around|baseline|between|center|end|evenly|none|start|stretch"},{"Key":"PlaceItems","DisplayName":"Place Items","FieldType":"String","DefaultValue":"none","Description":"Place Items","List":"baseline|center|end|none|start|stretch"},{"Key":"PlaceSelf","DisplayName":"Place Self","FieldType":"String","DefaultValue":"none","Description":"Place Self","List":"auto|center|end|none|start|stretch"},{"Key":"WordBreak","DisplayName":"Word Break","FieldType":"String","DefaultValue":"none","Description":"Word Break","List":"all|none|normal|words"},{"Key":"Visible","DisplayName":"Visible","FieldType":"Boolean","DefaultValue":"True","Description":"If visible.","List":""},{"Key":"Enabled","DisplayName":"Enabled","FieldType":"Boolean","DefaultValue":"True","Description":"If enabled.","List":""},{"Key":"PositionStyle","DisplayName":"Position Style","FieldType":"String","DefaultValue":"none","Description":"Position","List":"absolute|fixed|none|relative|static|sticky"},{"Key":"Position","DisplayName":"Position Locations","FieldType":"String","DefaultValue":"t=?; b=?; r=?; l=?","Description":"Position Locations","List":""},{"Key":"MarginAXYTBLR","DisplayName":"Margins","FieldType":"String","DefaultValue":"a=?; x=?; y=?; t=?; b=?; l=?; r=?","Description":"Margins A(all)-X(LR)-Y(TB)-T-B-L-R","List":""},{"Key":"PaddingAXYTBLR","DisplayName":"Paddings","FieldType":"String","DefaultValue":"a=?; x=?; y=?; t=?; b=?; l=?; r=?","Description":"Paddings A(all)-X(LR)-Y(TB)-T-B-L-R","List":""},{"Key":"RawClasses","DisplayName":"Classes (;)","FieldType":"String","DefaultValue":"","Description":"Classes added to the HTML tag.","List":""},{"Key":"RawStyles","DisplayName":"Styles (JSON)","FieldType":"String","DefaultValue":"","Description":"Styles added to the HTML tag. Must be a json String use = and ;","List":""},{"Key":"RawAttributes","DisplayName":"Attributes (JSON)","FieldType":"String","DefaultValue":"","Description":"Attributes added to the HTML tag. Must be a json String use = and ;","List":""}],"events":[],"methods":[{"name":"Class_Globals","signature":"Class_Globals"},{"name":"Initialize","signature":"Initialize (Callback As Object, Name As String, EventName As String)"},{"name":"getID","signature":"getID() As String"},{"name":"SetProperties","signature":"SetProperties(props As Map)"},{"name":"GetProperties","signature":"GetProperties As Map"},{"name":"AddComponent","signature":"AddComponent"},{"name":"Remove","signature":"Remove()"},{"name":"setParentID","signature":"setParentID(s As String)"},{"name":"getParentID","signature":"getParentID As String"},{"name":"getHere","signature":"getHere() As String"},{"name":"setVisible","signature":"setVisible(b As Boolean)"},{"name":"getVisible","signature":"getVisible As Boolean"},{"name":"setEnabled","signature":"setEnabled(b As Boolean)"},{"name":"getEnabled","signature":"getEnabled As Boolean"},{"name":"setPositionStyle","signature":"setPositionStyle(s As String)"},{"name":"getPositionStyle","signature":"getPositionStyle As String"},{"name":"setPosition","signature":"setPosition(s As String)"},{"name":"getPosition","signature":"getPosition As String"},{"name":"setAttributes","signature":"setAttributes(s As String)"},{"name":"setStyles","signature":"setStyles(s As String)"},{"name":"setClasses","signature":"setClasses(s As String)"},{"name":"setPaddingAXYTBLR","signature":"setPaddingAXYTBLR(s As String)"},{"name":"setMarginAXYTBLR","signature":"setMarginAXYTBLR(s As String)"},{"name":"getAttributes","signature":"getAttributes As String"},{"name":"getStyles","signature":"getStyles As String"},{"name":"getClasses","signature":"getClasses As String"},{"name":"getPaddingAXYTBLR","signature":"getPaddingAXYTBLR As String"},{"name":"getMarginAXYTBLR","signature":"getMarginAXYTBLR As String"},{"name":"setText\t\t\t","signature":"setText(text As String)\t\t\t"},{"name":"getText","signature":"getText As String"},{"name":"DesignerCreateView","signature":"DesignerCreateView (Target As BANanoElement, Props As Map)"},{"name":"Clear","signature":"Clear"},{"name":"Append","signature":"Append(s As String)"},{"name":"setBackgroundColor","signature":"setBackgroundColor(s As String)"},{"name":"getBackgroundColor","signature":"getBackgroundColor As String"},{"name":"setBackgroundImage","signature":"setBackgroundImage(s As String)"},{"name":"getBackgroundImage","signature":"getBackgroundImage As String"},{"name":"setAlignContent","signature":"setAlignContent(s As String)"},{"name":"setAlignItems","signature":"setAlignItems(s As String)"},{"name":"setAlignSelf","signature":"setAlignSelf(s As String)"},{"name":"setJustifyContent","signature":"setJustifyContent(s As String)"},{"name":"setJustifyItems","signature":"setJustifyItems(s As String)"},{"name":"setJustifySelf","signature":"setJustifySelf(s As String)"},{"name":"setPlaceContent","signature":"setPlaceContent(s As String)"},{"name":"setPlaceItems","signature":"setPlaceItems(s As String)"},{"name":"setPlaceSelf","signature":"setPlaceSelf(s As String)"},{"name":"getAlignContent","signature":"getAlignContent As String"},{"name":"getAlignItems","signature":"getAlignItems As String"},{"name":"getAlignSelf","signature":"getAlignSelf As String"},{"name":"getJustifyContent","signature":"getJustifyContent As String"},{"name":"getJustifyItems","signature":"getJustifyItems As String"},{"name":"getJustifySelf","signature":"getJustifySelf As String"},{"name":"getPlaceContent","signature":"getPlaceContent As String"},{"name":"getPlaceItems","signature":"getPlaceItems As String"},{"name":"getPlaceSelf","signature":"getPlaceSelf As String"},{"name":"setCenterChildren","signature":"setCenterChildren(b As Boolean)"},{"name":"getCenterChildren","signature":"getCenterChildren As Boolean"},{"name":"setHeight","signature":"setHeight(s As String)"},{"name":"setWidth","signature":"setWidth(s As String)"},{"name":"getHeight","signature":"getHeight As String"},{"name":"getWidth","signature":"getWidth As String"},{"name":"setFontVariant\t\t\t","signature":"setFontVariant(s As String)\t\t\t"},{"name":"getFontVariant","signature":"getFontVariant As String"},{"name":"setListCol","signature":"setListCol(s As String)"},{"name":"getListCol","signature":"getListCol As String"},{"name":"setOpacity\t\t\t","signature":"setOpacity(i As Int)\t\t\t"},{"name":"getOpacity","signature":"getOpacity As Int"},{"name":"setApplyDefaults","signature":"setApplyDefaults(b As Boolean)"},{"name":"setDecoration\t\t\t","signature":"setDecoration(s As String)\t\t\t"},{"name":"setFontWeight\t\t\t","signature":"setFontWeight(s As String)\t\t\t"},{"name":"setItalic\t\t\t","signature":"setItalic(b As Boolean)\t\t\t"},{"name":"setOverflow\t\t\t\t","signature":"setOverflow(s As String)\t\t\t\t"},{"name":"setTextAlign","signature":"setTextAlign(s As String)"},{"name":"setTextColor\t\t\t\t","signature":"setTextColor(s As String)\t\t\t\t"},{"name":"setTextSize\t\t\t","signature":"setTextSize(s As String)\t\t\t"},{"name":"setTextTag","signature":"setTextTag(s As String)"},{"name":"setTransform\t\t","signature":"setTransform(s As String)\t\t"},{"name":"setWordBreak\t\t\t","signature":"setWordBreak(s As String)\t\t\t"},{"name":"getApplyDefaults","signature":"getApplyDefaults As Boolean"},{"name":"getDecoration","signature":"getDecoration As String"},{"name":"getFontWeight","signature":"getFontWeight As String"},{"name":"getItalic","signature":"getItalic As Boolean"},{"name":"getOverflow","signature":"getOverflow As String"},{"name":"getTextAlign","signature":"getTextAlign As String"},{"name":"getTextColor","signature":"getTextColor As String"},{"name":"getTextSize","signature":"getTextSize As String"},{"name":"getTextTag","signature":"getTextTag As String"},{"name":"getTransform","signature":"getTransform As String"},{"name":"getWordBreak","signature":"getWordBreak As String"},{"name":"setIcon\t\t\t","signature":"setIcon(s As String)\t\t\t"},{"name":"setIconSize\t\t\t","signature":"setIconSize(s As String)\t\t\t"},{"name":"getIcon","signature":"getIcon As String"},{"name":"getIconSize","signature":"getIconSize As String"}]}