{"properties":[{"Key":"ReadMe","DisplayName":"ReadMe","FieldType":"String","DefaultValue":"Child Item _actions","Description":"Child Item _actions","List":""},{"Key":"ParentID","DisplayName":"ParentID","FieldType":"String","DefaultValue":"","Description":"The ParentID of this component","List":""},{"Key":"ButtonSize","DisplayName":"Button Size","FieldType":"String","DefaultValue":"md","Description":"Size","List":"lg|md|none|sm|xl|xs"},{"Key":"SideVisible","DisplayName":"Side Visible","FieldType":"Boolean","DefaultValue":"True","Description":"Side Visible","List":""},{"Key":"SideHeaderVisible","DisplayName":"Side Header Visible","FieldType":"Boolean","DefaultValue":"True","Description":"Side Header Visible","List":""},{"Key":"SideBackVisible","DisplayName":"Side Back Visible","FieldType":"Boolean","DefaultValue":"False","Description":"Side Back Visible","List":""},{"Key":"SideAvatarVisible","DisplayName":"Side Avatar Visible","FieldType":"Boolean","DefaultValue":"True","Description":"Side Avatar Visible","List":""},{"Key":"SideAvatar","DisplayName":"Side Avatar","FieldType":"String","DefaultValue":"./assets/avatar.png","Description":"Side Avatar","List":""},{"Key":"SideSearchVisible","DisplayName":"Side Search Visible","FieldType":"Boolean","DefaultValue":"False","Description":"Side Search Visible","List":""},{"Key":"RightHeaderVisible","DisplayName":"Right Header Visible","FieldType":"Boolean","DefaultValue":"True","Description":"Right Header Visible","List":""},{"Key":"RightAvatarVisible","DisplayName":"Right Avatar Visible","FieldType":"Boolean","DefaultValue":"True","Description":"Right Avatar Visible","List":""},{"Key":"RightAvatar","DisplayName":"Right Avatar","FieldType":"String","DefaultValue":"./assets/avatar.png","Description":"Right Avatar","List":""},{"Key":"RightName","DisplayName":"Right Name","FieldType":"String","DefaultValue":"Anele Mbanga (Mashy)","Description":"Right Name","List":""},{"Key":"RightStatus","DisplayName":"Right Status","FieldType":"String","DefaultValue":"Online","Description":"Right Status","List":""},{"Key":"Attachments","DisplayName":"Attachments","FieldType":"Boolean","DefaultValue":"True","Description":"Attachments","List":""},{"Key":"Camera","DisplayName":"Camera","FieldType":"Boolean","DefaultValue":"True","Description":"Camera","List":""},{"Key":"Emojis","DisplayName":"Emojis","FieldType":"Boolean","DefaultValue":"True","Description":"Emojis","List":""},{"Key":"Voice","DisplayName":"Voice","FieldType":"Boolean","DefaultValue":"True","Description":"Voice","List":""},{"Key":"FontSize","DisplayName":"Font Size","FieldType":"String","DefaultValue":"14px","Description":"Chat Bubble Font Size","List":""},{"Key":"ImageShape","DisplayName":"Image Shape","FieldType":"String","DefaultValue":"circle","Description":"Chat Bubble Image Shape","List":"circle|decagon|diamond|heart|hexagon|hexagon-2|none|pentagon|square|squircle|star|star-2|triangle|triangle-2|triangle-3|triangle-4|rounded-2xl|rounded-3xl|rounded|rounded-lg|rounded-md|rounded-sm|rounded-xl"},{"Key":"ImageSize","DisplayName":"Image Size","FieldType":"String","DefaultValue":"12","Description":"Chat Bubble Image Size","List":""},{"Key":"IncomingTextColor","DisplayName":"Incoming Text Color","FieldType":"String","DefaultValue":"","Description":"Chat Bubble Incoming Text Color","List":""},{"Key":"IncomingBackgroundColor","DisplayName":"Incoming Background Color","FieldType":"String","DefaultValue":"","Description":"Chat Bubble Incoming Background Color","List":""},{"Key":"OutgoingTextColor","DisplayName":"Outgoing Text Color","FieldType":"String","DefaultValue":"","Description":"Chat Bubble Outgoing Text Color","List":""},{"Key":"OutgoingBackgroundColor","DisplayName":"Outgoing Background Color","FieldType":"String","DefaultValue":"","Description":"Chat Bubble Outgoing Background Color","List":""},{"Key":"Visible","DisplayName":"Visible","FieldType":"Boolean","DefaultValue":"True","Description":"If visible.","List":""},{"Key":"Enabled","DisplayName":"Enabled","FieldType":"Boolean","DefaultValue":"True","Description":"If enabled.","List":""},{"Key":"PositionStyle","DisplayName":"Position Style","FieldType":"String","DefaultValue":"none","Description":"Position","List":"absolute|fixed|none|relative|static|sticky"},{"Key":"Position","DisplayName":"Position Locations","FieldType":"String","DefaultValue":"t=?; b=?; r=?; l=?","Description":"Position Locations","List":""},{"Key":"MarginAXYTBLR","DisplayName":"Margins","FieldType":"String","DefaultValue":"a=?; x=?; y=?; t=?; b=?; l=?; r=?","Description":"Margins A(all)-X(LR)-Y(TB)-T-B-L-R","List":""},{"Key":"PaddingAXYTBLR","DisplayName":"Paddings","FieldType":"String","DefaultValue":"a=?; x=?; y=?; t=?; b=?; l=?; r=?","Description":"Paddings A(all)-X(LR)-Y(TB)-T-B-L-R","List":""},{"Key":"RawClasses","DisplayName":"Classes (;)","FieldType":"String","DefaultValue":"","Description":"Classes added to the HTML tag.","List":""},{"Key":"RawStyles","DisplayName":"Styles (JSON)","FieldType":"String","DefaultValue":"","Description":"Styles added to the HTML tag. Must be a json String use = and ;","List":""},{"Key":"RawAttributes","DisplayName":"Attributes (JSON)","FieldType":"String","DefaultValue":"","Description":"Attributes added to the HTML tag. Must be a json String use = and ;","List":""}],"events":[{"name":"Back (e As BANanoEvent)"},{"name":"ChatClick (chatID As String)"},{"name":"Attachments_ItemClick (item As String)"},{"name":"EmojiSelect (emoji As Map)"},{"name":"EmojiClickOutside (e As BANanoEvent)"},{"name":"CancelReply (e As BANanoEvent)"},{"name":"Reply (MessageID as string)"},{"name":"Search (e As BANanoEvent)"},{"name":"ClearSearch (e As BANanoEvent)"},{"name":"Send (e As BANanoEvent)"},{"name":"FileChange (e As BANanoEvent)"},{"name":"RefreshChats (e As BANanoEvent)"}],"methods":[{"name":"Class_Globals","signature":"Class_Globals"},{"name":"Initialize","signature":"Initialize (Callback As Object, Name As String, EventName As String)"},{"name":"getID","signature":"getID() As String"},{"name":"SetProperties","signature":"SetProperties(props As Map)"},{"name":"GetProperties","signature":"GetProperties As Map"},{"name":"AddComponent","signature":"AddComponent"},{"name":"Remove","signature":"Remove()"},{"name":"setParentID","signature":"setParentID(s As String)"},{"name":"getParentID","signature":"getParentID As String"},{"name":"getHere","signature":"getHere() As String"},{"name":"setVisible","signature":"setVisible(b As Boolean)"},{"name":"getVisible","signature":"getVisible As Boolean"},{"name":"setEnabled","signature":"setEnabled(b As Boolean)"},{"name":"getEnabled","signature":"getEnabled As Boolean"},{"name":"OnEvent","signature":"OnEvent(event As String, methodName As String)"},{"name":"setPositionStyle","signature":"setPositionStyle(s As String)"},{"name":"getPositionStyle","signature":"getPositionStyle As String"},{"name":"setPosition","signature":"setPosition(s As String)"},{"name":"getPosition","signature":"getPosition As String"},{"name":"setAttributes","signature":"setAttributes(s As String)"},{"name":"setStyles","signature":"setStyles(s As String)"},{"name":"setClasses","signature":"setClasses(s As String)"},{"name":"setPaddingAXYTBLR","signature":"setPaddingAXYTBLR(s As String)"},{"name":"setMarginAXYTBLR","signature":"setMarginAXYTBLR(s As String)"},{"name":"getAttributes","signature":"getAttributes As String"},{"name":"getStyles","signature":"getStyles As String"},{"name":"getClasses","signature":"getClasses As String"},{"name":"getPaddingAXYTBLR","signature":"getPaddingAXYTBLR As String"},{"name":"getMarginAXYTBLR","signature":"getMarginAXYTBLR As String"},{"name":"DesignerCreateView","signature":"DesignerCreateView (Target As BANanoElement, Props As Map)"},{"name":"TriggerAttach","signature":"TriggerAttach"},{"name":"setOnlineVisible\t\t\t\t","signature":"setOnlineVisible(b As Boolean)\t\t\t\t"},{"name":"getOnlineVisible","signature":"getOnlineVisible As Boolean\t\t\t"},{"name":"setOnlineColor\t\t","signature":"setOnlineColor(sColor As String)\t\t"},{"name":"getOnlineColor","signature":"getOnlineColor As String\t\t\t\t"},{"name":"SetOnline\t\t\t\t","signature":"SetOnline\t\t\t\t"},{"name":"SetOffline\t\t\t\t","signature":"SetOffline\t\t\t\t"},{"name":"SetTextPlaceholder","signature":"SetTextPlaceholder(s As String)"},{"name":"EnableEmoji\t\t\t\t\t\t\t","signature":"EnableEmoji(b As Boolean)\t\t\t\t\t\t\t"},{"name":"EnableAttach\t\t\t\t\t\t\t","signature":"EnableAttach(b As Boolean)\t\t\t\t\t\t\t"},{"name":"EnableSend\t\t\t\t\t\t\t","signature":"EnableSend(b As Boolean)\t\t\t\t\t\t\t"},{"name":"EnableVoice\t\t\t\t\t\t\t","signature":"EnableVoice(b As Boolean)\t\t\t\t\t\t\t"},{"name":"GetFile","signature":"GetFile As Map"},{"name":"GetSearchValue","signature":"GetSearchValue As String"},{"name":"SetSearchPlaceholder","signature":"SetSearchPlaceholder(s As String)"},{"name":"SetSearchValue","signature":"SetSearchValue(s As String)"},{"name":"setSideBackVisible\t\t\t\t\t","signature":"setSideBackVisible(b As Boolean)\t\t\t\t\t"},{"name":"getSideBackVisible","signature":"getSideBackVisible As Boolean"},{"name":"MessageFocus","signature":"MessageFocus"},{"name":"setAttachments\t\t\t\t","signature":"setAttachments(b As Boolean)\t\t\t\t"},{"name":"setCamera\t\t\t\t\t","signature":"setCamera(b As Boolean)\t\t\t\t\t"},{"name":"setEmojis\t\t\t\t\t","signature":"setEmojis(b As Boolean)\t\t\t\t\t"},{"name":"setVoice\t\t\t\t\t\t","signature":"setVoice(b As Boolean)\t\t\t\t\t\t"},{"name":"getAttachments","signature":"getAttachments As Boolean"},{"name":"getCamera","signature":"getCamera As Boolean"},{"name":"getEmojis","signature":"getEmojis As Boolean"},{"name":"getVoice","signature":"getVoice As Boolean"},{"name":"PrepareEmojis\t\t\t\t","signature":"PrepareEmojis\t\t\t\t"},{"name":"setButtonSize\t\t\t\t","signature":"setButtonSize(s As String)\t\t\t\t"},{"name":"ShowSend","signature":"ShowSend"},{"name":"HideSend\t\t\t","signature":"HideSend\t\t\t"},{"name":"ShowCancelReply","signature":"ShowCancelReply"},{"name":"HideCancelReply\t\t","signature":"HideCancelReply\t\t"},{"name":"getButtonSize","signature":"getButtonSize As String"},{"name":"AppendEmoji\t\t\t","signature":"AppendEmoji(emoji As Map)\t\t\t"},{"name":"setMessage\t\t\t","signature":"setMessage(s As String)\t\t\t"},{"name":"getMessage","signature":"getMessage As String"},{"name":"setRightAvatar\t\t\t","signature":"setRightAvatar(s As String)\t\t\t"},{"name":"setRightAvatarVisible\t\t","signature":"setRightAvatarVisible(b As Boolean)\t\t"},{"name":"setRightHeaderVisible\t\t","signature":"setRightHeaderVisible(b As Boolean)\t\t"},{"name":"setRightName\t\t\t\t\t","signature":"setRightName(s As String)\t\t\t\t\t"},{"name":"setRightStatus\t\t\t\t","signature":"setRightStatus(s As String)\t\t\t\t"},{"name":"setSideAvatar\t\t\t","signature":"setSideAvatar(s As String)\t\t\t"},{"name":"setSideAvatarVisible\t\t","signature":"setSideAvatarVisible(b As Boolean)\t\t"},{"name":"setSideHeaderVisible\t\t","signature":"setSideHeaderVisible(b As Boolean)\t\t"},{"name":"setSideSearchVisible\t\t","signature":"setSideSearchVisible(b As Boolean)\t\t"},{"name":"setSideVisible\t\t\t","signature":"setSideVisible(b As Boolean)\t\t\t"},{"name":"getRightAvatar","signature":"getRightAvatar As String"},{"name":"getRightAvatarVisible","signature":"getRightAvatarVisible As Boolean"},{"name":"getRightHeaderVisible","signature":"getRightHeaderVisible As Boolean"},{"name":"getRightName","signature":"getRightName As String"},{"name":"getRightStatus","signature":"getRightStatus As String"},{"name":"getSideAvatar","signature":"getSideAvatar As String"},{"name":"getSideAvatarVisible","signature":"getSideAvatarVisible As Boolean"},{"name":"getSideHeaderVisible","signature":"getSideHeaderVisible As Boolean"},{"name":"getSideSearchVisible","signature":"getSideSearchVisible As Boolean"},{"name":"getSideVisible","signature":"getSideVisible As Boolean"},{"name":"ClearChats","signature":"ClearChats"},{"name":"ClearConversations","signature":"ClearConversations"},{"name":"IsMessageBlank","signature":"IsMessageBlank As Boolean"},{"name":"AddChatList","signature":"AddChatList(lst As List)"},{"name":"AddChat","signature":"AddChat(chatID As String, chatAvatar As String, chatName As String, chatDelivery As String, cMessage As String, chatUnread As String, chatUser As String)"},{"name":"AddEditChat","signature":"AddEditChat(chatID As String, chatAvatar As String, chatName As String, chatDelivery As String, cMessage As String, chatUnread As String, chatUser As String, bMoveUp As Boolean)"},{"name":"SetUnread","signature":"SetUnread(chatID As String, chatUnread As String)"},{"name":"SetLastMessage","signature":"SetLastMessage(chatID As String, chatMessage As String, chatDelivery As String)"},{"name":"RemoveChat","signature":"RemoveChat(chatID As String)"},{"name":"MoveDown","signature":"MoveDown(chatID As String)"},{"name":"MoveUp","signature":"MoveUp(chatID As String)"},{"name":"AddMessage","signature":"AddMessage(cID As String, cIncoming As Boolean, cType As String, cSenderImage As String, cSenderName As String, cSenderTime As String, cMessage As String, cFileName As String, cFileURL As String, cFileMimeType As String, cFilePreview As String, cFileSize As String, cQuotedMessage As String, cQuotedID As String, cFooter As String, cReAction As String)"},{"name":"AddTextMessage","signature":"AddTextMessage(cID As String, cIncoming As Boolean, cSenderImage As String, cSenderName As String, cSenderTime As String, cMessage As String, cQuotedMessage As String, cQuotedID As String, cFooter As String, cReaction As String)"},{"name":"AddVideoMessage","signature":"AddVideoMessage(cID As String, cIncoming As Boolean, cSenderImage As String, cSenderName As String, cSenderTime As String, cMessage As String, cFileName As String, cFileURL As String, cFileMimeType As String, cFilePreview As String, cFileSize As String, cQuotedMessage As String, cQuotedID As String, cFooter As String, cReaction As String)"},{"name":"AddPDFMessage","signature":"AddPDFMessage(cID As String, cIncoming As Boolean, cSenderImage As String, cSenderName As String, cSenderTime As String, cMessage As String, cFileName As String, cFileURL As String, cFileMimeType As String, cFilePreview As String, cFileSize As String, cQuotedMessage As String, cQuotedID As String, cFooter As String, cReaction As String)"},{"name":"AddImageMessage","signature":"AddImageMessage(cID As String, cIncoming As Boolean, cSenderImage As String, cSenderName As String, cSenderTime As String, cMessage As String, cFileName As String, cFileURL As String, cFileSize As String, cQuotedMessage As String, cQuotedID As String, cFooter As String, cReaction As String)"},{"name":"RefreshConversations","signature":"RefreshConversations"},{"name":"AddEditTextMessage","signature":"AddEditTextMessage(cID As String, cIncoming As Boolean, cSenderImage As String, cSenderName As String, cSenderTime As String, cMessage As String, cReplyMessage As String, cReplyID As String, cReAction As String)"},{"name":"AddEditConversation","signature":"AddEditConversation(cID As String, cIncoming As Boolean, cType As String, cSenderImage As String, cSenderName As String, cSenderTime As String, cMessage As String, cFileName As String, cFileURL As String, cFileMimeType As String, cFilePreview As String, cFileSize As String, cReplyMessage As String, cReplyID As String, cFooter As String, cReAction As String)"},{"name":"getLastMsgID","signature":"getLastMsgID As String"},{"name":"setLastMsgID","signature":"setLastMsgID(s As String)"},{"name":"RefreshChats","signature":"RefreshChats"},{"name":"setLastUser","signature":"setLastUser(s As String)"},{"name":"getLastUser","signature":"getLastUser As String"},{"name":"setActiveImage","signature":"setActiveImage(s As String)"},{"name":"getActiveImage","signature":"getActiveImage As String"},{"name":"ClearRightHeader","signature":"ClearRightHeader"},{"name":"SetRightHelpAvatar","signature":"SetRightHelpAvatar(s As String)"},{"name":"SetRightHelpAvatarVisible","signature":"SetRightHelpAvatarVisible(b As Boolean)"},{"name":"setActiveChatID","signature":"setActiveChatID(s As String)"},{"name":"getActiveChatID","signature":"getActiveChatID As String"},{"name":"setActiveChatName","signature":"setActiveChatName(s As String)"},{"name":"getActiveChatName","signature":"getActiveChatName As String"},{"name":"setFontSize","signature":"setFontSize(s As String)"},{"name":"setImageShape","signature":"setImageShape(s As String)"},{"name":"setImageSize","signature":"setImageSize(s As String)"},{"name":"setIncomingBackgroundColor","signature":"setIncomingBackgroundColor(s As String)"},{"name":"setIncomingTextColor","signature":"setIncomingTextColor(s As String)"},{"name":"setOutgoingBackgroundColor","signature":"setOutgoingBackgroundColor(s As String)"},{"name":"setOutgoingTextColor","signature":"setOutgoingTextColor(s As String)"},{"name":"getFontSize","signature":"getFontSize As String"},{"name":"getImageShape","signature":"getImageShape As String"},{"name":"getImageSize","signature":"getImageSize As String"},{"name":"getIncomingBackgroundColor","signature":"getIncomingBackgroundColor As String"},{"name":"getIncomingTextColor","signature":"getIncomingTextColor As String"},{"name":"getOutgoingBackgroundColor","signature":"getOutgoingBackgroundColor As String"},{"name":"getOutgoingTextColor","signature":"getOutgoingTextColor As String"},{"name":"ScrollToLastMessage","signature":"ScrollToLastMessage"},{"name":"ScrollMessageIntoView","signature":"ScrollMessageIntoView(cID As String)"},{"name":"MessageSent","signature":"MessageSent"},{"name":"FileChooserAudio","signature":"FileChooserAudio"},{"name":"PrepareForEmoji","signature":"PrepareForEmoji"},{"name":"PrepareForURL","signature":"PrepareForURL"},{"name":"FileChooserPDF","signature":"FileChooserPDF"},{"name":"FileChooserImage","signature":"FileChooserImage"},{"name":"FileChooserVideo","signature":"FileChooserVideo"}]}