{"properties":[{"Key":"ParentID","DisplayName":"ParentID","FieldType":"String","DefaultValue":"","Description":"The ParentID of this component","List":""},{"Key":"TypeOf","DisplayName":"Type Of","FieldType":"String","DefaultValue":"checkbox","Description":"Type Of","List":"radio|checkbox|toggle"},{"Key":"LegendLabel","DisplayName":"Legend Label","FieldType":"String","DefaultValue":"Checkbox Group","Description":"Legend Label","List":""},{"Key":"Color","DisplayName":"Color","FieldType":"String","DefaultValue":"","Description":"Color","List":""},{"Key":"Columns","DisplayName":"Columns","FieldType":"String","DefaultValue":"3","Description":"Columns","List":""},{"Key":"RawOptions","DisplayName":"Options (JSON)","FieldType":"String","DefaultValue":"b4a=b4a; b4j=b4j; b4i=b4i; b4r=b4r","Description":"Options","List":""},{"Key":"Selected","DisplayName":"Selected","FieldType":"String","DefaultValue":"","Description":"Selected","List":""},{"Key":"ActiveBorderColor","DisplayName":"Active Border Color","FieldType":"String","DefaultValue":"","Description":"Active Border Color","List":""},{"Key":"ActiveColor","DisplayName":"Active Color","FieldType":"String","DefaultValue":"","Description":"Active Color","List":""},{"Key":"BackgroundColor","DisplayName":"Background Color","FieldType":"String","DefaultValue":"base-200","Description":"Background Color","List":""},{"Key":"Border","DisplayName":"Border","FieldType":"Boolean","DefaultValue":"False","Description":"Border","List":""},{"Key":"BorderColor","DisplayName":"Border Color","FieldType":"String","DefaultValue":"base-300","Description":"Border Color","List":""},{"Key":"Height","DisplayName":"Height","FieldType":"String","DefaultValue":"","Description":"Height","List":""},{"Key":"Width","DisplayName":"Width","FieldType":"String","DefaultValue":"","Description":"Width","List":""},{"Key":"Rounded","DisplayName":"Rounded","FieldType":"String","DefaultValue":"lg","Description":"Rounded","List":"none|rounded|2xl|3xl|full|lg|md|sm|xl|0"},{"Key":"RoundedBox","DisplayName":"Rounded Box","FieldType":"Boolean","DefaultValue":"False","Description":"Rounded Box","List":""},{"Key":"Shadow","DisplayName":"Shadow","FieldType":"String","DefaultValue":"","Description":"Shadow","List":"2xl|inner|lg|md|none|shadow|sm|xl"},{"Key":"Visible","DisplayName":"Visible","FieldType":"Boolean","DefaultValue":"True","Description":"If visible.","List":""},{"Key":"Enabled","DisplayName":"Enabled","FieldType":"Boolean","DefaultValue":"True","Description":"If enabled.","List":""},{"Key":"PositionStyle","DisplayName":"Position Style","FieldType":"String","DefaultValue":"none","Description":"Position","List":"absolute|fixed|none|relative|static|sticky"},{"Key":"Position","DisplayName":"Position Locations","FieldType":"String","DefaultValue":"t=?; b=?; r=?; l=?","Description":"Position Locations","List":""},{"Key":"MarginAXYTBLR","DisplayName":"Margins","FieldType":"String","DefaultValue":"a=?; x=?; y=?; t=?; b=?; l=?; r=?","Description":"Margins A(all)-X(LR)-Y(TB)-T-B-L-R","List":""},{"Key":"PaddingAXYTBLR","DisplayName":"Paddings","FieldType":"String","DefaultValue":"a=?; x=?; y=?; t=?; b=?; l=?; r=?","Description":"Paddings A(all)-X(LR)-Y(TB)-T-B-L-R","List":""},{"Key":"RawClasses","DisplayName":"Classes (;)","FieldType":"String","DefaultValue":"","Description":"Classes added to the HTML tag.","List":""},{"Key":"RawStyles","DisplayName":"Styles (JSON)","FieldType":"String","DefaultValue":"","Description":"Styles added to the HTML tag. Must be a json String use = and ;","List":""},{"Key":"RawAttributes","DisplayName":"Attributes (JSON)","FieldType":"String","DefaultValue":"","Description":"Attributes added to the HTML tag. Must be a json String use = and ;","List":""}],"events":[{"name":"Change (e As BANanoEvent)"}],"methods":[{"name":"Class_Globals","signature":"Class_Globals"},{"name":"Initialize","signature":"Initialize (Callback As Object, Name As String, EventName As String)"},{"name":"getID","signature":"getID() As String"},{"name":"SetProperties","signature":"SetProperties(props As Map)"},{"name":"GetProperties","signature":"GetProperties As Map"},{"name":"AddComponent","signature":"AddComponent"},{"name":"Remove","signature":"Remove()"},{"name":"setParentID","signature":"setParentID(s As String)"},{"name":"getParentID","signature":"getParentID As String"},{"name":"getHere","signature":"getHere() As String"},{"name":"setVisible","signature":"setVisible(b As Boolean)"},{"name":"getVisible","signature":"getVisible As Boolean"},{"name":"setEnabled","signature":"setEnabled(b As Boolean)"},{"name":"getEnabled","signature":"getEnabled As Boolean"},{"name":"OnEvent","signature":"OnEvent(event As String, methodName As String)"},{"name":"setPositionStyle","signature":"setPositionStyle(s As String)"},{"name":"getPositionStyle","signature":"getPositionStyle As String"},{"name":"setPosition","signature":"setPosition(s As String)"},{"name":"getPosition","signature":"getPosition As String"},{"name":"setAttributes","signature":"setAttributes(s As String)"},{"name":"setStyles","signature":"setStyles(s As String)"},{"name":"setClasses","signature":"setClasses(s As String)"},{"name":"setPaddingAXYTBLR","signature":"setPaddingAXYTBLR(s As String)"},{"name":"setMarginAXYTBLR","signature":"setMarginAXYTBLR(s As String)"},{"name":"getAttributes","signature":"getAttributes As String"},{"name":"getStyles","signature":"getStyles As String"},{"name":"getClasses","signature":"getClasses As String"},{"name":"getPaddingAXYTBLR","signature":"getPaddingAXYTBLR As String"},{"name":"getMarginAXYTBLR","signature":"getMarginAXYTBLR As String"},{"name":"DesignerCreateView","signature":"DesignerCreateView (Target As BANanoElement, Props As Map)"},{"name":"setActiveBorderColor","signature":"setActiveBorderColor(s As String)"},{"name":"setActiveColor","signature":"setActiveColor(s As String)"},{"name":"setBackgroundColor","signature":"setBackgroundColor(s As String)"},{"name":"setBorder","signature":"setBorder(b As Boolean)"},{"name":"setBorderColor","signature":"setBorderColor(s As String)"},{"name":"setColor","signature":"setColor(s As String)"},{"name":"setColumns","signature":"setColumns(s As String)"},{"name":"setHeight","signature":"setHeight(s As String)"},{"name":"setLegendLabel","signature":"setLegendLabel(s As String)"},{"name":"setOptions\t\t\t","signature":"setOptions(s As String)\t\t\t"},{"name":"setRounded","signature":"setRounded(s As String)"},{"name":"setRoundedBox","signature":"setRoundedBox(b As Boolean)"},{"name":"setShadow","signature":"setShadow(s As String)"},{"name":"setTypeOf","signature":"setTypeOf(s As String)"},{"name":"setWidth","signature":"setWidth(s As String)"},{"name":"getActiveBorderColor","signature":"getActiveBorderColor As String"},{"name":"getActiveColor","signature":"getActiveColor As String"},{"name":"getBackgroundColor","signature":"getBackgroundColor As String"},{"name":"getBorder","signature":"getBorder As Boolean"},{"name":"getBorderColor","signature":"getBorderColor As String"},{"name":"getColor","signature":"getColor As String"},{"name":"getColumns","signature":"getColumns As String"},{"name":"getHeight","signature":"getHeight As String"},{"name":"getLegendLabel","signature":"getLegendLabel As String"},{"name":"getRawOptions","signature":"getRawOptions As String"},{"name":"getRounded","signature":"getRounded As String"},{"name":"getRoundedBox","signature":"getRoundedBox As Boolean"},{"name":"getShadow","signature":"getShadow As String"},{"name":"getTypeOf","signature":"getTypeOf As String"},{"name":"getWidth","signature":"getWidth As String"},{"name":"clear","signature":"clear"},{"name":"toggleCheckBox","signature":"toggleCheckBox(key As String)"},{"name":"toggleState","signature":"toggleState(key As String, state As Boolean)"},{"name":"clearChecked","signature":"clearChecked"},{"name":"SetOptionsMap","signature":"SetOptionsMap(lst As Map)"},{"name":"getChecked","signature":"getChecked As List"},{"name":"setChecked","signature":"setChecked(lst As List)"},{"name":"setCheckedMV\t\t\t\t","signature":"setCheckedMV(s As String)\t\t\t\t"},{"name":"setSelected\t\t\t","signature":"setSelected(s As String)\t\t\t"},{"name":"getSelected","signature":"getSelected As String"},{"name":"getCheckedMV","signature":"getCheckedMV As String"},{"name":"areKeysChecked","signature":"areKeysChecked(k As List) As Boolean"},{"name":"addOption","signature":"addOption(k As String, v As String)"}]}