{"properties":[{"Key":"ParentID","DisplayName":"ParentID","FieldType":"String","DefaultValue":"","Description":"The ParentID of this component","List":""},{"Key":"Direction","DisplayName":"Direction","FieldType":"String","DefaultValue":"horizontal","Description":"Direction","List":"horizontal|none|vertical"},{"Key":"SnapItems","DisplayName":"Snap Items","FieldType":"String","DefaultValue":"start","Description":"Snap Items","List":"center|end|start"},{"Key":"SpaceX","DisplayName":"Space X","FieldType":"String","DefaultValue":"4","Description":"Space X","List":""},{"Key":"SpaceY","DisplayName":"Space Y","FieldType":"String","DefaultValue":"","Description":"Space Y","List":""},{"Key":"BackgroundColor","DisplayName":"Background Color","FieldType":"String","DefaultValue":"neutral","Description":"Background Color","List":""},{"Key":"Height","DisplayName":"Height","FieldType":"String","DefaultValue":"500px","Description":"Height","List":""},{"Key":"MinHeight","DisplayName":"Min Height","FieldType":"String","DefaultValue":"","Description":"Min Height","List":""},{"Key":"MaxHeight","DisplayName":"Max Height","FieldType":"String","DefaultValue":"","Description":"Max Height","List":""},{"Key":"Width","DisplayName":"Width","FieldType":"String","DefaultValue":"900px","Description":"Width","List":""},{"Key":"MinWidth","DisplayName":"Min Width","FieldType":"String","DefaultValue":"","Description":"Min Width","List":""},{"Key":"MaxWidth","DisplayName":"Max Width","FieldType":"String","DefaultValue":"","Description":"Max Width","List":""},{"Key":"Rounded","DisplayName":"Rounded","FieldType":"String","DefaultValue":"none","Description":"Rounded","List":"0|2xl|3xl|full|lg|md|none|rounded|sm|xl"},{"Key":"RoundedBox","DisplayName":"Rounded Box","FieldType":"Boolean","DefaultValue":"True","Description":"Rounded Box","List":""},{"Key":"Shadow","DisplayName":"Shadow","FieldType":"String","DefaultValue":"none","Description":"Shadow","List":"2xl|inner|lg|md|none|shadow|sm|xl"},{"Key":"Visible","DisplayName":"Visible","FieldType":"Boolean","DefaultValue":"True","Description":"If visible.","List":""},{"Key":"Enabled","DisplayName":"Enabled","FieldType":"Boolean","DefaultValue":"True","Description":"If enabled.","List":""},{"Key":"PositionStyle","DisplayName":"Position Style","FieldType":"String","DefaultValue":"none","Description":"Position","List":"absolute|fixed|none|relative|static|sticky"},{"Key":"Position","DisplayName":"Position Locations","FieldType":"String","DefaultValue":"t=?; b=?; r=?; l=?","Description":"Position Locations","List":""},{"Key":"MarginAXYTBLR","DisplayName":"Margins","FieldType":"String","DefaultValue":"a=?; x=?; y=?; t=?; b=?; l=?; r=?","Description":"Margins A(all)-X(LR)-Y(TB)-T-B-L-R","List":""},{"Key":"PaddingAXYTBLR","DisplayName":"Paddings","FieldType":"String","DefaultValue":"a=?; x=?; y=?; t=?; b=?; l=?; r=?","Description":"Paddings A(all)-X(LR)-Y(TB)-T-B-L-R","List":""},{"Key":"RawClasses","DisplayName":"Classes (;)","FieldType":"String","DefaultValue":"","Description":"Classes added to the HTML tag.","List":""},{"Key":"RawStyles","DisplayName":"Styles (JSON)","FieldType":"String","DefaultValue":"","Description":"Styles added to the HTML tag. Must be a json String use = and ;","List":""},{"Key":"RawAttributes","DisplayName":"Attributes (JSON)","FieldType":"String","DefaultValue":"","Description":"Attributes added to the HTML tag. Must be a json String use = and ;","List":""}],"events":[],"methods":[{"name":"Class_Globals","signature":"Class_Globals"},{"name":"Initialize","signature":"Initialize (Callback As Object, Name As String, EventName As String)"},{"name":"getID","signature":"getID() As String"},{"name":"SetProperties","signature":"SetProperties(props As Map)"},{"name":"GetProperties","signature":"GetProperties As Map"},{"name":"AddComponent","signature":"AddComponent"},{"name":"Remove","signature":"Remove()"},{"name":"setParentID","signature":"setParentID(s As String)"},{"name":"getParentID","signature":"getParentID As String"},{"name":"getHere","signature":"getHere() As String"},{"name":"setVisible","signature":"setVisible(b As Boolean)"},{"name":"getVisible","signature":"getVisible As Boolean"},{"name":"setEnabled","signature":"setEnabled(b As Boolean)"},{"name":"getEnabled","signature":"getEnabled As Boolean"},{"name":"setPositionStyle","signature":"setPositionStyle(s As String)"},{"name":"getPositionStyle","signature":"getPositionStyle As String"},{"name":"setPosition","signature":"setPosition(s As String)"},{"name":"getPosition","signature":"getPosition As String"},{"name":"setAttributes","signature":"setAttributes(s As String)"},{"name":"setStyles","signature":"setStyles(s As String)"},{"name":"setClasses","signature":"setClasses(s As String)"},{"name":"setPaddingAXYTBLR","signature":"setPaddingAXYTBLR(s As String)"},{"name":"setMarginAXYTBLR","signature":"setMarginAXYTBLR(s As String)"},{"name":"getAttributes","signature":"getAttributes As String"},{"name":"getStyles","signature":"getStyles As String"},{"name":"getClasses","signature":"getClasses As String"},{"name":"getPaddingAXYTBLR","signature":"getPaddingAXYTBLR As String"},{"name":"getMarginAXYTBLR","signature":"getMarginAXYTBLR As String"},{"name":"DesignerCreateView","signature":"DesignerCreateView (Target As BANanoElement, Props As Map)"},{"name":"setBackgroundColor","signature":"setBackgroundColor(s As String)"},{"name":"setDirection\t\t\t\t","signature":"setDirection(s As String)\t\t\t\t"},{"name":"setHeight","signature":"setHeight(s As String)"},{"name":"setRounded","signature":"setRounded(s As String)"},{"name":"setRoundedBox","signature":"setRoundedBox(b As Boolean)"},{"name":"setShadow","signature":"setShadow(s As String)"},{"name":"setSnapItems\t\t\t\t","signature":"setSnapItems(s As String)\t\t\t\t"},{"name":"setSpaceX\t\t\t\t\t","signature":"setSpaceX(s As String)\t\t\t\t\t"},{"name":"setSpaceY\t\t\t\t\t","signature":"setSpaceY(s As String)\t\t\t\t\t"},{"name":"setWidth","signature":"setWidth(s As String)"},{"name":"getBackgroundColor","signature":"getBackgroundColor As String"},{"name":"getDirection","signature":"getDirection As String"},{"name":"getHeight","signature":"getHeight As String"},{"name":"getRounded","signature":"getRounded As String"},{"name":"getRoundedBox","signature":"getRoundedBox As Boolean"},{"name":"getShadow","signature":"getShadow As String"},{"name":"getSnapItems","signature":"getSnapItems As String"},{"name":"getSpaceX","signature":"getSpaceX As String"},{"name":"getSpaceY","signature":"getSpaceY As String"},{"name":"getWidth","signature":"getWidth As String"},{"name":"setMaxHeight","signature":"setMaxHeight(s As String)"},{"name":"setMaxWidth","signature":"setMaxWidth(s As String)"},{"name":"setMinHeight","signature":"setMinHeight(s As String)"},{"name":"setMinWidth","signature":"setMinWidth(s As String)"},{"name":"getMaxHeight","signature":"getMaxHeight As String"},{"name":"getMaxWidth","signature":"getMaxWidth As String"},{"name":"getMinHeight","signature":"getMinHeight As String"},{"name":"getMinWidth","signature":"getMinWidth As String"}]}