{"properties":[{"Key":"ParentID","DisplayName":"ParentID","FieldType":"String","DefaultValue":"","Description":"The ParentID of this component","List":""},{"Key":"InputType","DisplayName":"Input Type","FieldType":"String","DefaultValue":"normal","Description":"Input Type","List":"normal|legend|buttons|label-input|buttons-floating"},{"Key":"Label","DisplayName":"Label","FieldType":"String","DefaultValue":"Text Area","Description":"Label","List":""},{"Key":"LegendColor","DisplayName":"Label Color","FieldType":"String","DefaultValue":"","Description":"Label Color","List":""},{"Key":"Placeholder","DisplayName":"Placeholder","FieldType":"String","DefaultValue":"","Description":"Placeholder","List":""},{"Key":"Value","DisplayName":"Value","FieldType":"String","DefaultValue":"","Description":"Value","List":""},{"Key":"Color","DisplayName":"Color","FieldType":"String","DefaultValue":"none","Description":"Color","List":"accent|error|info|neutral|none|primary|secondary|success|warning"},{"Key":"Size","DisplayName":"Size","FieldType":"String","DefaultValue":"md","Description":"Size","List":"lg|md|none|sm|xl|xs"},{"Key":"Rows","DisplayName":"Rows","FieldType":"String","DefaultValue":"4","Description":"Rows","List":""},{"Key":"Ghost","DisplayName":"Ghost","FieldType":"Boolean","DefaultValue":"False","Description":"Ghost","List":""},{"Key":"Hint","DisplayName":"Hint","FieldType":"String","DefaultValue":"","Description":"Hint","List":""},{"Key":"AutoSizeToContent","DisplayName":"Auto Size To Content","FieldType":"Boolean","DefaultValue":"False","Description":"Auto Size To Content","List":""},{"Key":"MinHeight","DisplayName":"Min Height","FieldType":"String","DefaultValue":"","Description":"Min Height","List":""},{"Key":"Height","DisplayName":"Height","FieldType":"String","DefaultValue":"12","Description":"Height","List":""},{"Key":"MaxHeight","DisplayName":"Max Height","FieldType":"String","DefaultValue":"","Description":"Max Height","List":""},{"Key":"MinWidth","DisplayName":"Min Width","FieldType":"String","DefaultValue":"","Description":"Min Width","List":""},{"Key":"Width","DisplayName":"Width","FieldType":"String","DefaultValue":"full","Description":"Width","List":""},{"Key":"MaxWidth","DisplayName":"Max Width","FieldType":"String","DefaultValue":"","Description":"Max Width","List":""},{"Key":"Required","DisplayName":"Required","FieldType":"Boolean","DefaultValue":"False","Description":"Required","List":""},{"Key":"Validator","DisplayName":"Validator","FieldType":"Boolean","DefaultValue":"False","Description":"Validator","List":""},{"Key":"ValidatorHint","DisplayName":"Validator Hint","FieldType":"String","DefaultValue":"","Description":"Validator Hint","List":""},{"Key":"PrependColor","DisplayName":"Prepend Color","FieldType":"String","DefaultValue":"none","Description":"Prepend Color","List":""},{"Key":"PrependImage","DisplayName":"Prepend Image","FieldType":"String","DefaultValue":"","Description":"Prepend Image","List":""},{"Key":"PrependIcon","DisplayName":"Prepend Icon","FieldType":"String","DefaultValue":"","Description":"Prepend Icon","List":""},{"Key":"PrependIconColor","DisplayName":"Prepend Icon Color","FieldType":"String","DefaultValue":"none","Description":"Prepend Icon Color","List":""},{"Key":"PrependVisible","DisplayName":"Prepend Visible","FieldType":"Boolean","DefaultValue":"False","Description":"Prepend Visible","List":""},{"Key":"AppendColor","DisplayName":"Append Color","FieldType":"String","DefaultValue":"none","Description":"Append Color","List":""},{"Key":"AppendImage","DisplayName":"Append Image","FieldType":"String","DefaultValue":"","Description":"Append Image","List":""},{"Key":"AppendIcon","DisplayName":"Append Icon","FieldType":"String","DefaultValue":"","Description":"Append Icon","List":""},{"Key":"AppendIconColor","DisplayName":"Append Icon Color","FieldType":"String","DefaultValue":"none","Description":"Append Icon Color","List":""},{"Key":"AppendVisible","DisplayName":"Append Visible","FieldType":"Boolean","DefaultValue":"False","Description":"Append Visible","List":""},{"Key":"Visible","DisplayName":"Visible","FieldType":"Boolean","DefaultValue":"True","Description":"If visible.","List":""},{"Key":"BackgroundColor","DisplayName":"Background Color","FieldType":"String","DefaultValue":"base-200","Description":"Background Color","List":""},{"Key":"Border","DisplayName":"Border","FieldType":"Boolean","DefaultValue":"True","Description":"Border","List":""},{"Key":"BorderColor","DisplayName":"Border Color","FieldType":"String","DefaultValue":"base-300","Description":"Border Color","List":""},{"Key":"RoundedBox","DisplayName":"Rounded Box","FieldType":"Boolean","DefaultValue":"False","Description":"Rounded Box","List":""},{"Key":"Shadow","DisplayName":"Shadow","FieldType":"String","DefaultValue":"none","Description":"Shadow","List":"2xl|inner|lg|md|none|shadow|sm|xl"},{"Key":"Enabled","DisplayName":"Enabled","FieldType":"Boolean","DefaultValue":"True","Description":"If enabled.","List":""},{"Key":"PositionStyle","DisplayName":"Position Style","FieldType":"String","DefaultValue":"none","Description":"Position","List":"absolute|fixed|none|relative|static|sticky"},{"Key":"Position","DisplayName":"Position Locations","FieldType":"String","DefaultValue":"t=?; b=?; r=?; l=?","Description":"Position Locations","List":""},{"Key":"MarginAXYTBLR","DisplayName":"Margins","FieldType":"String","DefaultValue":"a=?; x=?; y=?; t=?; b=?; l=?; r=?","Description":"Margins A(all)-X(LR)-Y(TB)-T-B-L-R","List":""},{"Key":"PaddingAXYTBLR","DisplayName":"Paddings","FieldType":"String","DefaultValue":"a=?; x=?; y=?; t=?; b=?; l=?; r=?","Description":"Paddings A(all)-X(LR)-Y(TB)-T-B-L-R","List":""},{"Key":"RawClasses","DisplayName":"Classes (;)","FieldType":"String","DefaultValue":"","Description":"Classes added to the HTML tag.","List":""},{"Key":"RawStyles","DisplayName":"Styles (JSON)","FieldType":"String","DefaultValue":"","Description":"Styles added to the HTML tag. Must be a json String use = and ;","List":""},{"Key":"RawAttributes","DisplayName":"Attributes (JSON)","FieldType":"String","DefaultValue":"","Description":"Attributes added to the HTML tag. Must be a json String use = and ;","List":""}],"events":[{"name":"Change (Value As String)"},{"name":"Append (e As BANanoEvent)"},{"name":"Prepend (e As BANanoEvent)"},{"name":"Input (Value As String)"}],"methods":[{"name":"Class_Globals","signature":"Class_Globals"},{"name":"Initialize","signature":"Initialize (Callback As Object, Name As String, EventName As String)"},{"name":"setLegendColor\t\t\t\t\t","signature":"setLegendColor(s As String)\t\t\t\t\t"},{"name":"getLegendColor","signature":"getLegendColor As String"},{"name":"getID","signature":"getID() As String"},{"name":"SetProperties","signature":"SetProperties(props As Map)"},{"name":"GetProperties","signature":"GetProperties As Map"},{"name":"AddComponent","signature":"AddComponent"},{"name":"Remove","signature":"Remove()"},{"name":"setParentID","signature":"setParentID(s As String)"},{"name":"getParentID","signature":"getParentID As String"},{"name":"getHere","signature":"getHere() As String"},{"name":"setVisible","signature":"setVisible(b As Boolean)"},{"name":"getVisible","signature":"getVisible As Boolean"},{"name":"setEnabled\t\t\t\t","signature":"setEnabled(b As Boolean)\t\t\t\t"},{"name":"getEnabled","signature":"getEnabled As Boolean"},{"name":"setPositionStyle","signature":"setPositionStyle(s As String)"},{"name":"getPositionStyle","signature":"getPositionStyle As String"},{"name":"setPosition","signature":"setPosition(s As String)"},{"name":"getPosition","signature":"getPosition As String"},{"name":"setAttributes","signature":"setAttributes(s As String)"},{"name":"setStyles","signature":"setStyles(s As String)"},{"name":"setClasses","signature":"setClasses(s As String)"},{"name":"setPaddingAXYTBLR","signature":"setPaddingAXYTBLR(s As String)"},{"name":"setMarginAXYTBLR","signature":"setMarginAXYTBLR(s As String)"},{"name":"getAttributes","signature":"getAttributes As String"},{"name":"getStyles","signature":"getStyles As String"},{"name":"getClasses","signature":"getClasses As String"},{"name":"getPaddingAXYTBLR","signature":"getPaddingAXYTBLR As String"},{"name":"getMarginAXYTBLR","signature":"getMarginAXYTBLR As String"},{"name":"DesignerCreateView","signature":"DesignerCreateView (Target As BANanoElement, Props As Map)"},{"name":"setRows\t\t\t","signature":"setRows(s As String)\t\t\t"},{"name":"getRows","signature":"getRows As String"},{"name":"setAppendColor\t\t\t","signature":"setAppendColor(s As String)\t\t\t"},{"name":"setAppendIconColor\t\t\t","signature":"setAppendIconColor(s As String)\t\t\t"},{"name":"setPrependColor\t\t\t\t","signature":"setPrependColor(s As String)\t\t\t\t"},{"name":"setPrependIconColor\t\t\t","signature":"setPrependIconColor(s As String)\t\t\t"},{"name":"getAppendColor","signature":"getAppendColor As String"},{"name":"getAppendIconColor","signature":"getAppendIconColor As String"},{"name":"getPrependColor","signature":"getPrependColor As String"},{"name":"getPrependIconColor","signature":"getPrependIconColor As String"},{"name":"Focus","signature":"Focus"},{"name":"setBackgroundColor\t\t\t","signature":"setBackgroundColor(s As String)\t\t\t"},{"name":"setBorder\t\t\t\t","signature":"setBorder(b As Boolean)\t\t\t\t"},{"name":"setBorderColor\t\t\t","signature":"setBorderColor(s As String)\t\t\t"},{"name":"setRoundedBox\t\t\t","signature":"setRoundedBox(b As Boolean)\t\t\t"},{"name":"setShadow\t\t\t\t\t","signature":"setShadow(s As String)\t\t\t\t\t"},{"name":"getBackgroundColor","signature":"getBackgroundColor As String"},{"name":"getBorder","signature":"getBorder As Boolean"},{"name":"getBorderColor","signature":"getBorderColor As String"},{"name":"getRoundedBox","signature":"getRoundedBox As Boolean"},{"name":"getShadow","signature":"getShadow As String"},{"name":"setAutoSizeToContent\t\t","signature":"setAutoSizeToContent(b As Boolean)\t\t"},{"name":"setMaxHeight\t\t\t\t","signature":"setMaxHeight(s As String)\t\t\t\t"},{"name":"setMaxWidth\t\t\t","signature":"setMaxWidth(s As String)\t\t\t"},{"name":"setMinHeight\t\t\t","signature":"setMinHeight(s As String)\t\t\t"},{"name":"setMinWidth\t\t\t","signature":"setMinWidth(s As String)\t\t\t"},{"name":"getAutoSizeToContent","signature":"getAutoSizeToContent As Boolean"},{"name":"getMaxHeight","signature":"getMaxHeight As String"},{"name":"getMaxWidth","signature":"getMaxWidth As String"},{"name":"getMinHeight","signature":"getMinHeight As String"},{"name":"getMinWidth","signature":"getMinWidth As String"},{"name":"setWidth\t\t\t","signature":"setWidth(s As String)\t\t\t"},{"name":"getWidth","signature":"getWidth As String"},{"name":"setInputType","signature":"setInputType(s As String)"},{"name":"getInputType","signature":"getInputType As String"},{"name":"setPrependVisible\t\t\t\t","signature":"setPrependVisible(b As Boolean)\t\t\t\t"},{"name":"setAppendVisible\t\t\t","signature":"setAppendVisible(b As Boolean)\t\t\t"},{"name":"getAppendIcon","signature":"getAppendIcon As String"},{"name":"getAppendVisible","signature":"getAppendVisible As Boolean"},{"name":"getPrependIcon","signature":"getPrependIcon As String"},{"name":"getPrependVisible","signature":"getPrependVisible As Boolean"},{"name":"setAppendImage\t\t\t\t","signature":"setAppendImage(s As String)\t\t\t\t"},{"name":"setAppendIcon\t\t\t\t","signature":"setAppendIcon(s As String)\t\t\t\t"},{"name":"getAppendImage","signature":"getAppendImage As String"},{"name":"setPrependImage\t\t\t\t","signature":"setPrependImage(s As String)\t\t\t\t"},{"name":"setPrependIcon\t\t\t\t","signature":"setPrependIcon(s As String)\t\t\t\t"},{"name":"setColor\t\t\t\t","signature":"setColor(s As String)\t\t\t\t"},{"name":"setGhost\t\t\t\t\t","signature":"setGhost(b As Boolean)\t\t\t\t\t"},{"name":"setHeight\t\t\t","signature":"setHeight(s As String)\t\t\t"},{"name":"setHint","signature":"setHint(s As String)"},{"name":"HintError\t\t\t","signature":"HintError(s As String)\t\t\t"},{"name":"setLabel","signature":"setLabel(s As String)"},{"name":"setPlaceholder\t\t\t","signature":"setPlaceholder(s As String)\t\t\t"},{"name":"setRequired\t\t\t","signature":"setRequired(b As Boolean)\t\t\t"},{"name":"setSize\t\t\t\t","signature":"setSize(s As String)\t\t\t\t"},{"name":"setValidator","signature":"setValidator(b As Boolean)"},{"name":"setValidatorHint","signature":"setValidatorHint(s As String)"},{"name":"setValue\t\t\t\t","signature":"setValue(s As String)\t\t\t\t"},{"name":"getColor","signature":"getColor As String"},{"name":"getGhost","signature":"getGhost As Boolean"},{"name":"getHeight","signature":"getHeight As String"},{"name":"getHint","signature":"getHint As String"},{"name":"getLabel","signature":"getLabel As String"},{"name":"getPlaceholder","signature":"getPlaceholder As String"},{"name":"getRequired","signature":"getRequired As Boolean"},{"name":"getSize","signature":"getSize As String"},{"name":"getValidator","signature":"getValidator As Boolean"},{"name":"getValidatorHint","signature":"getValidatorHint As String"},{"name":"getValue","signature":"getValue As String"},{"name":"IsBlank","signature":"IsBlank As Boolean"},{"name":"ResetValidation","signature":"ResetValidation"}]}