{"properties":[{"Key":"ParentID","DisplayName":"ParentID","FieldType":"String","DefaultValue":"","Description":"The ParentID of this component","List":""},{"Key":"Title","DisplayName":"Title","FieldType":"String","DefaultValue":"Property Bag","Description":"Title","List":""},{"Key":"Card","DisplayName":"Card","FieldType":"Boolean","DefaultValue":"True","Description":"Card","List":""},{"Key":"CardBorder","DisplayName":"Card Border","FieldType":"Boolean","DefaultValue":"True","Description":"Card Border","List":""},{"Key":"HasSearch","DisplayName":"Has Search","FieldType":"Boolean","DefaultValue":"True","Description":"Has Search","List":""},{"Key":"HasActions","DisplayName":"Has Actions","FieldType":"Boolean","DefaultValue":"True","Description":"Has Actions","List":""},{"Key":"SearchVisible","DisplayName":"Search Visible","FieldType":"Boolean","DefaultValue":"True","Description":"Search Visible","List":""},{"Key":"SearchSize","DisplayName":"Search Size","FieldType":"String","DefaultValue":"sm","Description":"Search Size","List":"lg|md|none|sm|xl|xs"},{"Key":"SearchWidth","DisplayName":"Search Width","FieldType":"String","DefaultValue":"300px","Description":"Search Width","List":""},{"Key":"ButtonSize","DisplayName":"Toolbar Button Size","FieldType":"String","DefaultValue":"sm","Description":"Button Size","List":"lg|md|none|sm|xs"},{"Key":"ButtonsOutlined","DisplayName":"Toolbar Buttons Outlined","FieldType":"Boolean","DefaultValue":"False","Description":"Buttons Outlined","List":""},{"Key":"HasAddNew","DisplayName":"Has AddNew","FieldType":"Boolean","DefaultValue":"False","Description":"Has Addnew","List":""},{"Key":"AddNewTooltip","DisplayName":"AddNew Tooltip","FieldType":"String","DefaultValue":"","Description":"Add New Tooltip","List":""},{"Key":"HasSave","DisplayName":"Has Save","FieldType":"Boolean","DefaultValue":"False","Description":"Has Save on ToolBar","List":""},{"Key":"SaveTooltip","DisplayName":"Save Single","FieldType":"String","DefaultValue":"","Description":"Save Tooltip","List":""},{"Key":"HasDelete","DisplayName":"Has Delete","FieldType":"Boolean","DefaultValue":"False","Description":"Has Delete on ToolBar","List":""},{"Key":"DeleteTooltip","DisplayName":"Delete Single","FieldType":"String","DefaultValue":"","Description":"Delete Tooltip","List":""},{"Key":"HasRefresh","DisplayName":"Has Refresh","FieldType":"Boolean","DefaultValue":"False","Description":"Has Refresh","List":""},{"Key":"RefreshTooltip","DisplayName":"Refresh Tooltip","FieldType":"String","DefaultValue":"","Description":"Refresh Tooltip","List":""},{"Key":"HasUpload","DisplayName":"Has Upload","FieldType":"Boolean","DefaultValue":"False","Description":"Has Upload","List":""},{"Key":"UploadTooltip","DisplayName":"Upload Tooltip","FieldType":"String","DefaultValue":"","Description":"Upload Tooltip","List":""},{"Key":"HasDownload","DisplayName":"Has Download","FieldType":"Boolean","DefaultValue":"False","Description":"Has Download","List":""},{"Key":"DownloadTooltip","DisplayName":"Download Tooltip","FieldType":"String","DefaultValue":"","Description":"Download Tooltip","List":""},{"Key":"HasBack","DisplayName":"Has Back","FieldType":"Boolean","DefaultValue":"False","Description":"Has Back","List":""},{"Key":"BackTooltip","DisplayName":"Back Tooltip","FieldType":"String","DefaultValue":"","Description":"Back Tooltip","List":""},{"Key":"ComponentSize","DisplayName":"Component Size","FieldType":"String","DefaultValue":"sm","Description":"Component Size","List":"lg|md|none|sm|xl|xs"},{"Key":"IsZebra","DisplayName":"Is Zebra","FieldType":"Boolean","DefaultValue":"False","Description":"Is Zebra","List":""},{"Key":"PropertyPadding","DisplayName":"Property Padding","FieldType":"String","DefaultValue":"py-1","Description":"Property Padding","List":""},{"Key":"TooltipColor","DisplayName":"Tooltip Color","FieldType":"String","DefaultValue":"none","Description":"Tooltip Color","List":"accent|error|info|neutral|none|primary|secondary|success|warning"},{"Key":"TooltipPosition","DisplayName":"Tooltip Position","FieldType":"String","DefaultValue":"right","Description":"Position","List":"bottom|left|right|top"},{"Key":"TopActionsVisible","DisplayName":"Top Actions Visible","FieldType":"Boolean","DefaultValue":"True","Description":"Top Actions Visible","List":""},{"Key":"WrapActions","DisplayName":"Wrap Top Actions","FieldType":"Boolean","DefaultValue":"True","Description":"Wrap Top Actions","List":""},{"Key":"ActionsVisible","DisplayName":"Bottom Actions Visible","FieldType":"Boolean","DefaultValue":"True","Description":"Bottom Actions Visible","List":""},{"Key":"Shadow","DisplayName":"Shadow","FieldType":"String","DefaultValue":"none","Description":"Shadow","List":"2xl|inner|lg|md|none|shadow|sm|xl"},{"Key":"ActionType","DisplayName":"Action Type","FieldType":"String","DefaultValue":"yes-no","Description":"Action Type","List":"cancel|no|yes|yes-no|yes-no-cancel"},{"Key":"YesVisible","DisplayName":"Yes Visible","FieldType":"Boolean","DefaultValue":"True","Description":"Yes Visible","List":""},{"Key":"NoVisible","DisplayName":"No Visible","FieldType":"Boolean","DefaultValue":"True","Description":"No Visible","List":""},{"Key":"CancelVisible","DisplayName":"Cancel Visible","FieldType":"Boolean","DefaultValue":"True","Description":"Cancel Visible","List":""},{"Key":"BottonsWidth","DisplayName":"Bottons Width","FieldType":"String","DefaultValue":"22","Description":"Bottons Width","List":""},{"Key":"ButtonsShadow","DisplayName":"Buttons Shadow","FieldType":"String","DefaultValue":"md","Description":"Buttons Shadow","List":"2xl|inner|lg|md|none|shadow|sm|xl"},{"Key":"ButtonsRounded","DisplayName":"Buttons Rounded","FieldType":"String","DefaultValue":"md","Description":"Buttons Rounded","List":"none|rounded|2xl|3xl|full|lg|md|sm|xl|0"},{"Key":"YesCaption","DisplayName":"Yes Caption","FieldType":"String","DefaultValue":"Yes","Description":"Yes Caption","List":""},{"Key":"YesColor","DisplayName":"Yes Color","FieldType":"String","DefaultValue":"success","Description":"Yes Color","List":""},{"Key":"YesTextColor","DisplayName":"Yes Text Color","FieldType":"String","DefaultValue":"#ffffff","Description":"Yes Text Color","List":""},{"Key":"YesLoading","DisplayName":"Yes Loading","FieldType":"Boolean","DefaultValue":"False","Description":"Yes Loading","List":""},{"Key":"NoCaption","DisplayName":"No Caption","FieldType":"String","DefaultValue":"No","Description":"No Caption","List":""},{"Key":"NoColor","DisplayName":"No Color","FieldType":"String","DefaultValue":"error","Description":"No Color","List":""},{"Key":"NoTextColor","DisplayName":"No Text Color","FieldType":"String","DefaultValue":"#ffffff","Description":"No Text Color","List":""},{"Key":"NoLoading","DisplayName":"No Loading","FieldType":"Boolean","DefaultValue":"False","Description":"No Loading","List":""},{"Key":"CancelCaption","DisplayName":"Cancel Caption","FieldType":"String","DefaultValue":"Cancel","Description":"Cancel Caption","List":""},{"Key":"CancelColor","DisplayName":"Cancel Color","FieldType":"String","DefaultValue":"gray","Description":"Cancel Color","List":""},{"Key":"CancelTextColor","DisplayName":"Cancel Text Color","FieldType":"String","DefaultValue":"#ffffff","Description":"Cancel Text Color","List":""},{"Key":"CancelLoading","DisplayName":"Cancel Loading","FieldType":"Boolean","DefaultValue":"False","Description":"Cancel Loading","List":""},{"Key":"Visible","DisplayName":"Visible","FieldType":"Boolean","DefaultValue":"True","Description":"If visible.","List":""},{"Key":"Enabled","DisplayName":"Enabled","FieldType":"Boolean","DefaultValue":"True","Description":"If enabled.","List":""},{"Key":"PositionStyle","DisplayName":"Position Style","FieldType":"String","DefaultValue":"none","Description":"Position","List":"absolute|fixed|none|relative|static|sticky"},{"Key":"Position","DisplayName":"Position Locations","FieldType":"String","DefaultValue":"t=?; b=?; r=?; l=?","Description":"Position Locations","List":""},{"Key":"MarginAXYTBLR","DisplayName":"Margins","FieldType":"String","DefaultValue":"a=?; x=?; y=?; t=?; b=?; l=?; r=?","Description":"Margins A(all)-X(LR)-Y(TB)-T-B-L-R","List":""},{"Key":"PaddingAXYTBLR","DisplayName":"Paddings","FieldType":"String","DefaultValue":"a=?; x=?; y=?; t=?; b=?; l=?; r=?","Description":"Paddings A(all)-X(LR)-Y(TB)-T-B-L-R","List":""},{"Key":"RawClasses","DisplayName":"Classes (;)","FieldType":"String","DefaultValue":"","Description":"Classes added to the HTML tag.","List":""},{"Key":"RawStyles","DisplayName":"Styles (JSON)","FieldType":"String","DefaultValue":"","Description":"Styles added to the HTML tag. Must be a json String use = and ;","List":""},{"Key":"RawAttributes","DisplayName":"Attributes (JSON)","FieldType":"String","DefaultValue":"","Description":"Attributes added to the HTML tag. Must be a json String use = and ;","List":""}],"events":[{"name":"PropertyChange (ID As String, Item As Map)"},{"name":"Change (item As Map)"},{"name":"SearchClick (e As BANanoEvent)"},{"name":"SearchKeyUp (e As BANanoEvent)"},{"name":"SearchClear (e As BANanoEvent)"},{"name":"Property_Toggle (Status As Boolean)"},{"name":"Property_AppendClick (e As BANanoEvent)"},{"name":"Property_PrependClick (e As BANanoEvent)"},{"name":"Property_FileChange (e As BANanoEvent)"},{"name":"Property_Click (e As BANanoEvent)"},{"name":"Button_Click (e As BANanoEvent)"},{"name":"Button_FileChange (e As BANanoEvent)"},{"name":"Yes_Click (e As BANanoEvent)"},{"name":"No_Click (e As BANanoEvent)"},{"name":"Cancel_Click (e As BANanoEvent)"},{"name":"Download_Click (e As BANanoEvent)"},{"name":"Add_Click (e As BANanoEvent)"},{"name":"Save_Click (e As BANanoEvent)"},{"name":"Delete_Click (e As BANanoEvent)"},{"name":"Refresh_Click (e As BANanoEvent)"},{"name":"Back_Click (e As BANanoEvent)"},{"name":"FileChange (e As BANanoEvent)"}],"methods":[{"name":"Initialize","signature":"Initialize (CallBack As Object, Name As String, EventName As String)"},{"name":"ClearDesigns","signature":"ClearDesigns"},{"name":"LoadDesign","signature":"LoadDesign(designName As String) As Boolean"},{"name":"GetDesign","signature":"GetDesign(designName As String) As Map"},{"name":"GetDesignComplete","signature":"GetDesignComplete(designName As String) As List"},{"name":"getID","signature":"getID() As String"},{"name":"SetProperties","signature":"SetProperties(props As Map)"},{"name":"GetProperties","signature":"GetProperties As Map"},{"name":"AddComponent","signature":"AddComponent"},{"name":"Remove","signature":"Remove()"},{"name":"setParentID","signature":"setParentID(s As String)"},{"name":"getParentID","signature":"getParentID As String"},{"name":"getHere","signature":"getHere() As String"},{"name":"setVisible","signature":"setVisible(b As Boolean)"},{"name":"getVisible","signature":"getVisible As Boolean"},{"name":"setEnabled","signature":"setEnabled(b As Boolean)"},{"name":"getEnabled","signature":"getEnabled As Boolean"},{"name":"setPositionStyle","signature":"setPositionStyle(s As String)"},{"name":"getPositionStyle","signature":"getPositionStyle As String"},{"name":"setPosition","signature":"setPosition(s As String)"},{"name":"getPosition","signature":"getPosition As String"},{"name":"setAttributes","signature":"setAttributes(s As String)"},{"name":"setStyles","signature":"setStyles(s As String)"},{"name":"setClasses","signature":"setClasses(s As String)"},{"name":"setPaddingAXYTBLR","signature":"setPaddingAXYTBLR(s As String)"},{"name":"setMarginAXYTBLR","signature":"setMarginAXYTBLR(s As String)"},{"name":"SetPropertyAlwaysVisible","signature":"SetPropertyAlwaysVisible(lst As List)"},{"name":"ShowAlwaysVisible","signature":"ShowAlwaysVisible"},{"name":"getAttributes","signature":"getAttributes As String"},{"name":"getStyles","signature":"getStyles As String"},{"name":"getClasses","signature":"getClasses As String"},{"name":"getPaddingAXYTBLR","signature":"getPaddingAXYTBLR As String"},{"name":"getMarginAXYTBLR","signature":"getMarginAXYTBLR As String"},{"name":"DesignerCreateView","signature":"DesignerCreateView (Target As BANanoElement, Props As Map)"},{"name":"setHasSearch\t\t\t\t","signature":"setHasSearch(b As Boolean)\t\t\t\t"},{"name":"getHasSearch","signature":"getHasSearch As Boolean"},{"name":"setHasActions\t\t\t\t","signature":"setHasActions(b As Boolean)\t\t\t\t"},{"name":"setHasDownload\t\t\t\t","signature":"setHasDownload(b As Boolean)\t\t\t\t"},{"name":"getHasDownload","signature":"getHasDownload As Boolean"},{"name":"setHasUpload\t\t\t\t","signature":"setHasUpload(b As Boolean)\t\t\t\t"},{"name":"getUploadTooltip","signature":"getUploadTooltip As String"},{"name":"getDownloadTooltip","signature":"getDownloadTooltip As String"},{"name":"setUploadTooltip\t\t\t\t","signature":"setUploadTooltip(s As String)\t\t\t\t"},{"name":"Nullify","signature":"Nullify"},{"name":"GetFiles","signature":"GetFiles As List"},{"name":"GetFile","signature":"GetFile As Map"},{"name":"setHasRefresh\t\t\t","signature":"setHasRefresh(b As Boolean)\t\t\t"},{"name":"setHasBack\t\t\t\t","signature":"setHasBack(b As Boolean)\t\t\t\t"},{"name":"MoveBackButton\t\t\t\t\t\t\t","signature":"MoveBackButton\t\t\t\t\t\t\t"},{"name":"setHasDelete\t\t\t\t","signature":"setHasDelete(b As Boolean)\t\t\t\t"},{"name":"setHasSave\t\t\t\t","signature":"setHasSave(b As Boolean)\t\t\t\t"},{"name":"setHasAddNew\t\t\t","signature":"setHasAddNew(b As Boolean)\t\t\t"},{"name":"getAddNewTooltip","signature":"getAddNewTooltip As String"},{"name":"getBackTooltip","signature":"getBackTooltip As String"},{"name":"getDeleteTooltip","signature":"getDeleteTooltip As String"},{"name":"getSaveTooltip","signature":"getSaveTooltip As String"},{"name":"getRefreshTooltip","signature":"getRefreshTooltip As String"},{"name":"setAddNewTooltip\t\t\t\t","signature":"setAddNewTooltip(s As String)\t\t\t\t"},{"name":"setBackTooltip\t\t\t\t","signature":"setBackTooltip(s As String)\t\t\t\t"},{"name":"setDeleteTooltip\t\t\t\t","signature":"setDeleteTooltip(s As String)\t\t\t\t"},{"name":"setRefreshTooltip\t\t\t\t","signature":"setRefreshTooltip(s As String)\t\t\t\t"},{"name":"setSaveTooltip\t\t\t\t","signature":"setSaveTooltip(s As String)\t\t\t\t"},{"name":"setCard","signature":"setCard(b As Boolean)"},{"name":"getCard","signature":"getCard As Boolean"},{"name":"setCardBorder","signature":"setCardBorder(b As Boolean)"},{"name":"getCardBorder","signature":"getCardBorder As Boolean"},{"name":"ShowSearch","signature":"ShowSearch(b As Boolean)"},{"name":"ShowActions","signature":"ShowActions(b As Boolean)"},{"name":"setButtonsRounded","signature":"setButtonsRounded(s As String)"},{"name":"getButtonsRounded","signature":"getButtonsRounded As String"},{"name":"setBottonsWidth","signature":"setBottonsWidth(s As String)"},{"name":"setButtonsShadow","signature":"setButtonsShadow(s As String)"},{"name":"getBottonsWidth","signature":"getBottonsWidth As String"},{"name":"getButtonsShadow","signature":"getButtonsShadow As String"},{"name":"getTopActionsVisible","signature":"getTopActionsVisible As Boolean"},{"name":"getActionsVisible","signature":"getActionsVisible As Boolean"},{"name":"setCancelCaption","signature":"setCancelCaption(s As String)"},{"name":"setCancelColor","signature":"setCancelColor(s As String)"},{"name":"setCancelLoading","signature":"setCancelLoading(b As Boolean)"},{"name":"setCancelTextColor","signature":"setCancelTextColor(s As String)"},{"name":"setCancelVisible","signature":"setCancelVisible(b As Boolean)"},{"name":"setNoCaption","signature":"setNoCaption(s As String)"},{"name":"setNoColor","signature":"setNoColor(s As String)"},{"name":"setNoLoading","signature":"setNoLoading(b As Boolean)"},{"name":"setNoTextColor","signature":"setNoTextColor(s As String)"},{"name":"setNoVisible","signature":"setNoVisible(b As Boolean)"},{"name":"setYesCaption","signature":"setYesCaption(s As String)"},{"name":"setYesColor","signature":"setYesColor(s As String)"},{"name":"setYesLoading","signature":"setYesLoading(b As Boolean)"},{"name":"setYesTextColor","signature":"setYesTextColor(s As String)"},{"name":"setYesVisible","signature":"setYesVisible(b As Boolean)"},{"name":"getCancelCaption","signature":"getCancelCaption As String"},{"name":"getCancelColor","signature":"getCancelColor As String"},{"name":"getCancelLoading","signature":"getCancelLoading As Boolean"},{"name":"getCancelTextColor","signature":"getCancelTextColor As String"},{"name":"getCancelVisible","signature":"getCancelVisible As Boolean"},{"name":"getNoCaption","signature":"getNoCaption As String"},{"name":"getNoColor","signature":"getNoColor As String"},{"name":"getNoLoading","signature":"getNoLoading As Boolean"},{"name":"getNoTextColor","signature":"getNoTextColor As String"},{"name":"getNoVisible","signature":"getNoVisible As Boolean"},{"name":"getYesCaption","signature":"getYesCaption As String"},{"name":"getYesColor","signature":"getYesColor As String"},{"name":"getYesLoading","signature":"getYesLoading As Boolean"},{"name":"getYesTextColor","signature":"getYesTextColor As String"},{"name":"getYesVisible","signature":"getYesVisible As Boolean"},{"name":"setTopActionsVisible\t\t\t\t","signature":"setTopActionsVisible(b As Boolean)\t\t\t\t"},{"name":"setActionsVisible\t\t\t","signature":"setActionsVisible(b As Boolean)\t\t\t"},{"name":"setShadow","signature":"setShadow(s As String)"},{"name":"getShadow","signature":"getShadow As String"},{"name":"setButtonSize","signature":"setButtonSize(s As String)"},{"name":"setButtonsOutlined","signature":"setButtonsOutlined(b As Boolean)"},{"name":"setComponentSize","signature":"setComponentSize(s As String)"},{"name":"setIsZebra\t\t\t","signature":"setIsZebra(b As Boolean)\t\t\t"},{"name":"setPropertyPadding","signature":"setPropertyPadding(s As String)"},{"name":"setSearchSize\t\t\t","signature":"setSearchSize(s As String)\t\t\t"},{"name":"setSearchVisible\t\t","signature":"setSearchVisible(b As Boolean)\t\t"},{"name":"setSearchWidth\t\t","signature":"setSearchWidth(s As String)\t\t"},{"name":"setTitle\t\t\t\t","signature":"setTitle(s As String)\t\t\t\t"},{"name":"setTooltipColor","signature":"setTooltipColor(s As String)"},{"name":"setWrapActions\t\t\t","signature":"setWrapActions(b As Boolean)\t\t\t"},{"name":"getButtonSize","signature":"getButtonSize As String"},{"name":"getButtonsOutlined","signature":"getButtonsOutlined As Boolean"},{"name":"getComponentSize","signature":"getComponentSize As String"},{"name":"getIsZebra","signature":"getIsZebra As Boolean"},{"name":"getPropertyPadding","signature":"getPropertyPadding As String"},{"name":"getSearchSize","signature":"getSearchSize As String"},{"name":"getSearchVisible","signature":"getSearchVisible As Boolean"},{"name":"getSearchWidth","signature":"getSearchWidth As String"},{"name":"getTitle","signature":"getTitle As String"},{"name":"getTooltipColor","signature":"getTooltipColor As String"},{"name":"getWrapActions","signature":"getWrapActions As Boolean"},{"name":"PropertyConfig","signature":"PropertyConfig"},{"name":"LoadFromJSONString","signature":"LoadFromJSONString(fContents As String)"},{"name":"Refresh","signature":"Refresh"},{"name":"ToString","signature":"ToString As String"},{"name":"PropertyBagFromList","signature":"PropertyBagFromList(fContents As List)"},{"name":"HideAllProperties","signature":"HideAllProperties"},{"name":"UpdatePropertyPadding","signature":"UpdatePropertyPadding(pClass As String)"},{"name":"PropertyBuilderMap","signature":"PropertyBuilderMap(sb As StringBuilder, spropName As String, m As Map)"},{"name":"SetPropertyRequired","signature":"SetPropertyRequired(Key As String, status As Boolean)"},{"name":"ShowPropOnCondition","signature":"ShowPropOnCondition"},{"name":"AddProperty","signature":"AddProperty(options As Map)"},{"name":"getHeadingID","signature":"getHeadingID As String"},{"name":"getBodyID","signature":"getBodyID As String"},{"name":"getFooterID","signature":"getFooterID As String"},{"name":"getSearchValue","signature":"getSearchValue As String"},{"name":"setSearchValue","signature":"setSearchValue(s As String)"},{"name":"SetSearchPlaceholder","signature":"SetSearchPlaceholder(s As String)"},{"name":"getSearchID","signature":"getSearchID As String"},{"name":"getToolBarButtonID","signature":"getToolBarButtonID(btnID As String) As String"},{"name":"Clear","signature":"Clear"},{"name":"ClearOverwrites","signature":"ClearOverwrites"},{"name":"getName","signature":"getName As String"},{"name":"AddPropertyDialer","signature":"AddPropertyDialer(Key As String, Title As String, DefaultValue As String, Required As Boolean, iMinValue As Int, iStepValue As Int, iMaxValue As Int)"},{"name":"OnEventByID","signature":"OnEventByID(sID As String, event As String, CallBack As Object, MethodName As String)"},{"name":"OnEvent","signature":"OnEvent(xElement As BANanoElement, event As String, CallBack As Object, MethodName As String)"},{"name":"SetPropertyDialerIncrement","signature":"SetPropertyDialerIncrement(Key As String)"},{"name":"SetPropertyDialerDecrement","signature":"SetPropertyDialerDecrement(Key As String)"},{"name":"ClearAllGuides","signature":"ClearAllGuides"},{"name":"SetGuides","signature":"SetGuides(propKeys As List)"},{"name":"AddPropertyTextBox","signature":"AddPropertyTextBox(Key As String, Title As String, DefaultValue As String, Required As Boolean)"},{"name":"AddPropertyPlusMinus","signature":"AddPropertyPlusMinus(Key As String, Title As String, DefaultValue As String, Required As Boolean, MinValue As String, StepValue As String, MaxValue As String)"},{"name":"AddPropertyTextBoxGroup","signature":"AddPropertyTextBoxGroup(Key As String, Title As String, DefaultValue As String, Required As Boolean)"},{"name":"AddPropertySelectGroup","signature":"AddPropertySelectGroup(Key As String, Title As String, DefaultValue As String, Required As Boolean, Options As Map)"},{"name":"AddPropertyPasswordGroup","signature":"AddPropertyPasswordGroup(Key As String, Title As String, DefaultValue As String, Required As Boolean)"},{"name":"SetPropertyPrependIcon","signature":"SetPropertyPrependIcon(Key As String, picon As String)"},{"name":"SetPropertyTopLeftRadius","signature":"SetPropertyTopLeftRadius(Key As String, v As String)"},{"name":"SetPropertyTopRightRadius","signature":"SetPropertyTopRightRadius(Key As String, v As String)"},{"name":"SetPropertyBottomLeftRadius","signature":"SetPropertyBottomLeftRadius(Key As String, v As String)"},{"name":"SetPropertyBottomRightRadius","signature":"SetPropertyBottomRightRadius(Key As String, v As String)"},{"name":"SetPropertyPrependIconLoading","signature":"SetPropertyPrependIconLoading(Key As String, bLoading As Boolean)"},{"name":"SetPropertyAppendIconLoading","signature":"SetPropertyAppendIconLoading(Key As String, bLoading As Boolean)"},{"name":"SetPropertyAppendIconColor","signature":"SetPropertyAppendIconColor(Key As String, iColor As String)"},{"name":"SetPropertyPrependIconColor","signature":"SetPropertyPrependIconColor(Key As String, iColor As String)"},{"name":"SetPropertyAppendIcon","signature":"SetPropertyAppendIcon(Key As String, picon As String)"},{"name":"SetPropertyPrefix","signature":"SetPropertyPrefix(Key As String,l As String)"},{"name":"SetPropertySuffix","signature":"SetPropertySuffix(Key As String,l As String)"},{"name":"SetPropertyShowEyes","signature":"SetPropertyShowEyes(Key As String, b As Boolean)"},{"name":"SetPropertyToggleEyes","signature":"SetPropertyToggleEyes(Key As String)"},{"name":"AddPropertyDatePicker","signature":"AddPropertyDatePicker(Key As String, Title As String, DefaultValue As String, Required As Boolean, DateFormat As String, DisplayDateFormat As String, locale As String)"},{"name":"AddPropertyColorWheel","signature":"AddPropertyColorWheel(Key As String, Title As String, DefaultValue As String, Required As Boolean, iHandleDiameter As Int, iWheelDiameter As Int, iWheelThickness As Int, sWheelPlacement As String)"},{"name":"AddPropertyDateTimePicker","signature":"AddPropertyDateTimePicker(Key As String, Title As String, DefaultValue As String, Required As Boolean, DateFormat As String, DisplayDateFormat As String, Time24Hours As Boolean, locale As String)"},{"name":"AddPropertyTimePicker","signature":"AddPropertyTimePicker(Key As String, Title As String, DefaultValue As String, Required As Boolean, TimeFormat As String, DisplayFormat As String, Time24Hours As Boolean, locale As String)"},{"name":"AddPropertyPassword","signature":"AddPropertyPassword(Key As String, Title As String, DefaultValue As String, Required As Boolean)"},{"name":"AddPropertyNumber","signature":"AddPropertyNumber(Key As String, Title As String, DefaultValue As String, Required As Boolean)"},{"name":"AddPropertyTelephone","signature":"AddPropertyTelephone(Key As String, Title As String, DefaultValue As String, Required As Boolean)"},{"name":"AddPropertyEmail","signature":"AddPropertyEmail(Key As String, Title As String, DefaultValue As String, Color As String)"},{"name":"AddPropertyLabel","signature":"AddPropertyLabel(Key As String, Title As String, DefaultValue As String, Color As String)"},{"name":"AddPropertyLink","signature":"AddPropertyLink(Key As String, Title As String, DefaultValue As String, Color As String)"},{"name":"AddPropertyPlaceHolder","signature":"AddPropertyPlaceHolder(Key As String, Title As String, DefaultValue As String)"},{"name":"SetPropertyHTML","signature":"SetPropertyHTML(Key As String, value As String)"},{"name":"SetPropertyTypePassword","signature":"SetPropertyTypePassword(Key As String, b As Boolean)"},{"name":"SetPropertyType","signature":"SetPropertyType(Key As String, typeOf As String)"},{"name":"SetPropertyNoArrows","signature":"SetPropertyNoArrows(Key As String)"},{"name":"SetPropertyEnabled","signature":"SetPropertyEnabled(Key As String, xEnabled As Boolean)"},{"name":"SetPropertyAutoFocus","signature":"SetPropertyAutoFocus(Key As String, p As Boolean)"},{"name":"SetPropertyFocus","signature":"SetPropertyFocus(Key As String)"},{"name":"SetPropertyEnsureVisible","signature":"SetPropertyEnsureVisible(Key As String)"},{"name":"PropertiesAreValid","signature":"PropertiesAreValid(props As List) As Boolean"},{"name":"PropertyIsMatch","signature":"PropertyIsMatch(fld1 As String, fld2 As String) As Boolean"},{"name":"AddPropertyTextArea","signature":"AddPropertyTextArea(Key As String, Title As String, DefaultValue As String, Required As Boolean, sRows As String)"},{"name":"SetPropertyRangeText","signature":"SetPropertyRangeText(Key As String, value As String)"},{"name":"SetPropertyProgressText","signature":"SetPropertyProgressText(Key As String, value As String)"},{"name":"SetPropertyCaption","signature":"SetPropertyCaption(Key As String, value As String)"},{"name":"SetPropertyPlaceHolder","signature":"SetPropertyPlaceHolder(Key As String, value As String)"},{"name":"SetPropertyToolTip","signature":"SetPropertyToolTip(Key As String, value As String)"},{"name":"SetPropertyAlignment","signature":"SetPropertyAlignment(Key As String, value As String)"},{"name":"SetPropertyValue","signature":"SetPropertyValue(Key As String, value As String)"},{"name":"GetPropertyHintID","signature":"GetPropertyHintID(Key As String) As String"},{"name":"GetPropertyValue","signature":"GetPropertyValue(Key As String) As String"},{"name":"GetPropertyFile","signature":"GetPropertyFile(Key As String) As Object"},{"name":"GetPropertyImage","signature":"GetPropertyImage(Key As String) As String"},{"name":"SetPropertyBadge","signature":"SetPropertyBadge(Key As String, value As Object)"},{"name":"AddPropertySelect","signature":"AddPropertySelect(Key As String, Title As String, DefaultValue As String, Required As Boolean, Options As Map)"},{"name":"SetPropertySelectMap","signature":"SetPropertySelectMap(Key As String, Options As Map)"},{"name":"SetPropertySelectClear","signature":"SetPropertySelectClear(Key As String)"},{"name":"SetPropertySelectAddItem","signature":"SetPropertySelectAddItem(Key As String, itemValue As String, itemText As String)"},{"name":"SetPropertySelectItemsList","signature":"SetPropertySelectItemsList(Key As String, Options As List)"},{"name":"SetPropertyAvatarGroupItems","signature":"SetPropertyAvatarGroupItems(Key As String, Images As List)"},{"name":"SetPropertySelectItemsListSort","signature":"SetPropertySelectItemsListSort(Key As String, Options As List)"},{"name":"SetPropertySelectItemsOptions","signature":"SetPropertySelectItemsOptions(Key As String, delim As String, bSort As Boolean, bAddNothingSelected As Boolean, sOptions As String)"},{"name":"SetPropertySelectItemsList1","signature":"SetPropertySelectItemsList1(Key As String, bAddNothingSelected As Boolean, Options As List)"},{"name":"AddPropertyFileInput","signature":"AddPropertyFileInput(Key As String, Title As String, Required As Boolean, sAccept As String, bMultiple As Boolean)"},{"name":"AddPropertyFileInputProgress","signature":"AddPropertyFileInputProgress(Key As String, Title As String, xSize As String, xIcon As String, xIconSize As String, xColor As String, xTextColor As String)"},{"name":"AddPropertyCamCorder","signature":"AddPropertyCamCorder(Key As String, Title As String, xSize As String, xIconSize As String, xColor As String, xTextColor As String)"},{"name":"AddPropertyCamera","signature":"AddPropertyCamera(Key As String, Title As String, xSize As String, xIconSize As String, xColor As String, xTextColor As String)"},{"name":"AddPropertyMicrophone","signature":"AddPropertyMicrophone(Key As String, Title As String, xSize As String, xIconSize As String, xColor As String, xTextColor As String)"},{"name":"SetPropertyFileInputAccept","signature":"SetPropertyFileInputAccept(key As String, saccept As String)"},{"name":"SetPropertyFileInputProgressMicrophone","signature":"SetPropertyFileInputProgressMicrophone(key As String)"},{"name":"SetPropertyFileInputMultiple","signature":"SetPropertyFileInputMultiple(key As String, b As Boolean)"},{"name":"SetPropertyFileInputProgressLoading","signature":"SetPropertyFileInputProgressLoading(key As String, Value As Int, Status As Boolean)"},{"name":"AddPropertyAvatar","signature":"AddPropertyAvatar(Key As String, Title As String, sSize As String, Shape As String, Url As String)"},{"name":"SetPropertyAvatarRing","signature":"SetPropertyAvatarRing(Key As String, bHasRing As Boolean, ringColor As String, ringOffset As String, ringOffsetColor As String)"},{"name":"AddPropertyAvatarPlaceholder","signature":"AddPropertyAvatarPlaceholder(Key As String, Title As String, DefaultValue As String, sSize As String, Shape As String, Color As String, textColor As String, textSize As String)"},{"name":"AddPropertyAvatarGroup","signature":"AddPropertyAvatarGroup(Key As String, Title As String, sSize As String, Shape As String, Images As List)"},{"name":"SetPropertyAvatarOnline","signature":"SetPropertyAvatarOnline(Key As String, bOnlineStatus As Boolean, bStatus As Boolean)"},{"name":"SetPropertyAvatarMask","signature":"SetPropertyAvatarMask(Key As String, Shape As String)"},{"name":"SetPropertyImageMask","signature":"SetPropertyImageMask(Key As String, Shape As String)"},{"name":"AddPropertyImage","signature":"AddPropertyImage(Key As String, Title As String, Width As String, Height As String, Shape As String, Url As String)"},{"name":"SetPropertyImage","signature":"SetPropertyImage(Key As String, imgUrl As String)"},{"name":"AddPropertyProgress","signature":"AddPropertyProgress(Key As String, Title As String, DefaultValue As String, Color As String, StartValue As String, StepValue As String, MaxValue As String)"},{"name":"AddPropertyRange","signature":"AddPropertyRange(Key As String, Title As String, DefaultValue As String, Color As String, StartValue As String, StepValue As String, MaxValue As String)"},{"name":"AddPropertyCheckBox","signature":"AddPropertyCheckBox(Key As String, Title As String, DefaultValue As Boolean, Color As String)"},{"name":"IsPropertyBlank","signature":"IsPropertyBlank(Key As String) As Boolean"},{"name":"PropertyOneIfBlankElseZero","signature":"PropertyOneIfBlankElseZero(Key As String) As Int"},{"name":"SetPropertyColor","signature":"SetPropertyColor(Key As String, s As String)"},{"name":"SetPropertyChecked","signature":"SetPropertyChecked(Key As String, b As Boolean)"},{"name":"SetPropertyReadOnly","signature":"SetPropertyReadOnly(Key As String, b As Boolean)"},{"name":"SetPropertyAddClass","signature":"SetPropertyAddClass(Key As String, className As String)"},{"name":"SetPropertyRemoveClass","signature":"SetPropertyRemoveClass(Key As String, className As String)"},{"name":"SetPropertyStepValue","signature":"SetPropertyStepValue(Key As String, v As Object)"},{"name":"SetPropertyMinValue","signature":"SetPropertyMinValue(Key As String, v As Object)"},{"name":"SetPropertyMaxValue","signature":"SetPropertyMaxValue(Key As String, v As Object)"},{"name":"SetPropertyMaxLength","signature":"SetPropertyMaxLength(Key As String, v As String)"},{"name":"SetPropertyRows","signature":"SetPropertyRows(Key As String, v As String)"},{"name":"AddPropertyToggle","signature":"AddPropertyToggle(Key As String, Title As String, DefaultValue As Boolean, Color As String)"},{"name":"AddPropertyRadialProgress","signature":"AddPropertyRadialProgress(Key As String, Title As String, DefaultValue As Boolean, Color As String, sSize As String, sThickNess As String)"},{"name":"SetPropertyRadialProgress","signature":"SetPropertyRadialProgress(Key As String, Value As Object)"},{"name":"AddPropertyRating","signature":"AddPropertyRating(Key As String, Title As String, DefaultValue As String, Color As String, mask As String)"},{"name":"SetPropertyRating","signature":"SetPropertyRating(Key As String, Value As Object)"},{"name":"SetPropertyRadioGroup","signature":"SetPropertyRadioGroup(Key As String, Value As Object)"},{"name":"SetPropertyOneColumn","signature":"SetPropertyOneColumn(Key As String)"},{"name":"SetPropertyTwoColumn","signature":"SetPropertyTwoColumn(Key As String)"},{"name":"HideProperty","signature":"HideProperty(Keys As List)"},{"name":"ShowProperty","signature":"ShowProperty(Keys As List)"},{"name":"SetPropertyVisible","signature":"SetPropertyVisible(Key As String, bStatus As Boolean)"},{"name":"SetPropertyVisibleMultiple","signature":"SetPropertyVisibleMultiple(bStatus As Boolean, props As List)"},{"name":"RequireProperty","signature":"RequireProperty(status As Boolean, keys As List)"},{"name":"AddPropertyGroupSelect","signature":"AddPropertyGroupSelect(Key As String, Title As String, DefaultValue As String, Color As String, bSingleSelect As Boolean, ActiveColor As String, Options As Map)"},{"name":"AddPropertyCheckBoxGroup","signature":"AddPropertyCheckBoxGroup(Key As String, Title As String, DefaultValue As String, Color As String, ActiveColor As String, Options As Map)"},{"name":"AddPropertyToggleGroup","signature":"AddPropertyToggleGroup(Key As String, Title As String, DefaultValue As String, Color As String, ActiveColor As String, Options As Map)"},{"name":"AddPropertyRadioGroup","signature":"AddPropertyRadioGroup(Key As String, Title As String, DefaultValue As String, Color As String, ActiveColor As String, Options As Map)"},{"name":"SetPropertyRadioGroupItems","signature":"SetPropertyRadioGroupItems(Key As String, sColor As String, sActiveColor As String, items As Map)"},{"name":"SetPropertyToggleGroupItems","signature":"SetPropertyToggleGroupItems(Key As String, sColor As String, sActiveColor As String, items As Map)"},{"name":"SetPropertyCheckBoxGroupItems","signature":"SetPropertyCheckBoxGroupItems(Key As String, sColor As String, sActiveColor As String, items As Map)"},{"name":"AddPropertyFilter","signature":"AddPropertyFilter(Key As String, Title As String, DefaultValue As String, Color As String, ActiveColor As String, Options As Map)"},{"name":"SetPropertyFilterItems","signature":"SetPropertyFilterItems(Key As String, sColor As String, sActiveColor As String, items As Map)"},{"name":"SetPropertyGroupSelectItems","signature":"SetPropertyGroupSelectItems(Key As String, sColor As String, sActiveColor As String, bSingleSelect As Boolean, items As Map)"},{"name":"GetPropertyFileInput","signature":"GetPropertyFileInput (e As BANanoEvent) As Map"},{"name":"GetPropertyFilesInput","signature":"GetPropertyFilesInput (e As BANanoEvent) As List"},{"name":"GetFileFromEvent","signature":"GetFileFromEvent (e As BANanoEvent) As Map"},{"name":"GetFilesFromEvent","signature":"GetFilesFromEvent (e As BANanoEvent) As List"},{"name":"SetPropertyBagDefaults","signature":"SetPropertyBagDefaults"},{"name":"SetPropetyBag","signature":"SetPropetyBag(item As Map)"},{"name":"ResetPropetyBag","signature":"ResetPropetyBag"},{"name":"setPropertyBag","signature":"setPropertyBag(values As Map)"},{"name":"getPropertyBag","signature":"getPropertyBag As Map"},{"name":"LoadFromJSON","signature":"LoadFromJSON(fileURL As String)"},{"name":"SetPropertyOverwrite","signature":"SetPropertyOverwrite(Key As String, NewType As String)"},{"name":"LoadComponentFromJson","signature":"LoadComponentFromJson(designName As String)"},{"name":"IsPropertyBagValid","signature":"IsPropertyBagValid As Boolean"},{"name":"setBodyFontSize","signature":"setBodyFontSize(s As String)"},{"name":"setHeaderFontSize","signature":"setHeaderFontSize(s As String)"},{"name":"setFooterFontSize","signature":"setFooterFontSize(s As String)"},{"name":"setBodyFontFamily","signature":"setBodyFontFamily(s As String)"},{"name":"setHeaderFontFamily","signature":"setHeaderFontFamily(s As String)"},{"name":"setFooterFontFamily","signature":"setFooterFontFamily(s As String)"},{"name":"SetPropertiesDefaultValues","signature":"SetPropertiesDefaultValues(props As List)"},{"name":"ExtractProperties","signature":"ExtractProperties(props As List) As Map"},{"name":"ExtractEvents","signature":"ExtractEvents(props As List) As Map"},{"name":"ExtractPropertyBag","signature":"ExtractPropertyBag(props As List) As Map"},{"name":"SetPropertyComponentName","signature":"SetPropertyComponentName(value As String)"},{"name":"SetPropertyComponentType","signature":"SetPropertyComponentType(value As String)"},{"name":"SetPropertyComponentID","signature":"SetPropertyComponentID(value As String)"},{"name":"SetPropertyParentComponent","signature":"SetPropertyParentComponent(value As String)"},{"name":"SetPropertyParentDevice","signature":"SetPropertyParentDevice(value As Boolean)"},{"name":"SetPropertyComponentActive","signature":"SetPropertyComponentActive(b As Boolean)"},{"name":"SetPropertyComponentIndex","signature":"SetPropertyComponentIndex(b As Boolean)"},{"name":"SetPropertyComponentTemplate","signature":"SetPropertyComponentTemplate(b As Boolean)"},{"name":"SetPropertyCreateB4xLayout","signature":"SetPropertyCreateB4xLayout(b As Boolean)"},{"name":"HideComponentProperties","signature":"HideComponentProperties"},{"name":"ShowComponentProperties","signature":"ShowComponentProperties"},{"name":"ShowDesign","signature":"ShowDesign(compType As String)"},{"name":"AddToolbarActionButtonIcon","signature":"AddToolbarActionButtonIcon(btnID As String, sIcon As String, btnColor As String, iconColor As String) As SDUI5Button\t\t\t"},{"name":"SetToolbarButtonBadge","signature":"SetToolbarButtonBadge(btn As String, value As String)"},{"name":"SetToolbarButtonBadgeColor","signature":"SetToolbarButtonBadgeColor(btn As String, value As String)"},{"name":"SetToolbarButtonBadgeSize","signature":"SetToolbarButtonBadgeSize(btn As String, value As String)"},{"name":"SetToolbarButtonBadgeRound","signature":"SetToolbarButtonBadgeRound(btn As String)"},{"name":"SetToolbarButtonBadgeTextColor","signature":"SetToolbarButtonBadgeTextColor(btn As String, value As String)"},{"name":"AddToolbarActionButton","signature":"AddToolbarActionButton(btnID As String, btnCaption As String, btnColor As String, textColor As String) As SDUI5Button\t\t"},{"name":"SetToolbarButtonToolTip\t\t\t","signature":"SetToolbarButtonToolTip(btnID As String, tooltip As String, color As String, position As String)\t\t\t"},{"name":"AddToolbarFileUpload","signature":"AddToolbarFileUpload(btnID As String, sIcon As String, btnColor As String, bMultiple As Boolean) As SDUI5Button\t\t"},{"name":"SetToolbarButtonColor","signature":"SetToolbarButtonColor(btn As String, value As String)"},{"name":"SetToolbarButtonTextColor\t\t","signature":"SetToolbarButtonTextColor(btn As String, value As String)\t\t"},{"name":"SetToolbarButtonIconColor\t\t","signature":"SetToolbarButtonIconColor(btn As String, value As String)\t\t"},{"name":"SetToolbarButtonVisible","signature":"SetToolbarButtonVisible(btn As String, value As Boolean)"},{"name":"SetToolbarButtonEnable","signature":"SetToolbarButtonEnable(btn As String, b As Boolean)"},{"name":"SetToolbarButtonLoading","signature":"SetToolbarButtonLoading(btn As String, b As Boolean)"},{"name":"SetPropertyValues","signature":"SetPropertyValues(m As Map)"},{"name":"FileChangeSingle","signature":"FileChangeSingle"},{"name":"FileChangeMultiple","signature":"FileChangeMultiple"},{"name":"FileChange","signature":"FileChange"},{"name":"PropertyBagFromAsset","signature":"PropertyBagFromAsset(fileURL As String)"},{"name":"PropertyBagFromJSON","signature":"PropertyBagFromJSON(fContents As String)"}]}