{"properties":[{"Key":"ParentID","DisplayName":"ParentID","FieldType":"String","DefaultValue":"","Description":"The ParentID of this component","List":""},{"Key":"InputType","DisplayName":"Input Type","FieldType":"String","DefaultValue":"normal","Description":"Input Type","List":"normal|legend"},{"Key":"Label","DisplayName":"Label","FieldType":"String","DefaultValue":"Rating","Description":"Label","List":""},{"Key":"LegendColor","DisplayName":"Label Color","FieldType":"String","DefaultValue":"","Description":"Label Color","List":""},{"Key":"Mask","DisplayName":"Mask","FieldType":"String","DefaultValue":"star","Description":"Mask","List":"circle|decagon|diamond|heart|hexagon|hexagon-2|pentagon|rounded|rounded-2xl|rounded-3xl|rounded-lg|rounded-md|rounded-sm|rounded-xl|square|squircle|star|star-2|triangle|triangle-2|triangle-3|triangle-4"},{"Key":"Color","DisplayName":"Color","FieldType":"String","DefaultValue":"primary","Description":"Color","List":"accent|error|info|neutral|primary|secondary|success|warning|none"},{"Key":"RatingBackgroundColor","DisplayName":"Rating Background Color","FieldType":"String","DefaultValue":"","Description":"Rating Background Color","List":""},{"Key":"Size","DisplayName":"Size","FieldType":"String","DefaultValue":"md","Description":"Size","List":"lg|md|sm|xl|xs"},{"Key":"Count","DisplayName":"Count","FieldType":"Int","DefaultValue":"5","MinRange":"0","MaxRange":"10","Description":"Count of ratings","List":""},{"Key":"Value","DisplayName":"Value","FieldType":"String","DefaultValue":"2","Description":"Value","List":""},{"Key":"FirstHidden","DisplayName":"First Hidden","FieldType":"Boolean","DefaultValue":"True","Description":"First Hidden","List":""},{"Key":"Gap","DisplayName":"Gap","FieldType":"String","DefaultValue":"2","Description":"Gap","List":""},{"Key":"Half","DisplayName":"Half","FieldType":"Boolean","DefaultValue":"False","Description":"Half","List":""},{"Key":"Hint","DisplayName":"Hint","FieldType":"String","DefaultValue":"","Description":"Hint","List":""},{"Key":"Required","DisplayName":"Required","FieldType":"Boolean","DefaultValue":"False","Description":"Required","List":""},{"Key":"ReadOnly","DisplayName":"Read Only","FieldType":"Boolean","DefaultValue":"False","Description":"Read Only","List":""},{"Key":"BackgroundColor","DisplayName":"Background Color","FieldType":"String","DefaultValue":"base-200","Description":"Background Color","List":""},{"Key":"Border","DisplayName":"Border","FieldType":"Boolean","DefaultValue":"True","Description":"Border","List":""},{"Key":"BorderColor","DisplayName":"Border Color","FieldType":"String","DefaultValue":"base-300","Description":"Border Color","List":""},{"Key":"RoundedBox","DisplayName":"Rounded Box","FieldType":"Boolean","DefaultValue":"False","Description":"Rounded Box","List":""},{"Key":"Shadow","DisplayName":"Shadow","FieldType":"String","DefaultValue":"none","Description":"Shadow","List":"2xl|inner|lg|md|none|shadow|sm|xl"},{"Key":"Visible","DisplayName":"Visible","FieldType":"Boolean","DefaultValue":"True","Description":"If visible.","List":""},{"Key":"Enabled","DisplayName":"Enabled","FieldType":"Boolean","DefaultValue":"True","Description":"If enabled.","List":""},{"Key":"PositionStyle","DisplayName":"Position Style","FieldType":"String","DefaultValue":"none","Description":"Position","List":"absolute|fixed|none|relative|static|sticky"},{"Key":"Position","DisplayName":"Position Locations","FieldType":"String","DefaultValue":"t=?; b=?; r=?; l=?","Description":"Position Locations","List":""},{"Key":"MarginAXYTBLR","DisplayName":"Margins","FieldType":"String","DefaultValue":"a=?; x=?; y=?; t=?; b=?; l=?; r=?","Description":"Margins A(all)-X(LR)-Y(TB)-T-B-L-R","List":""},{"Key":"PaddingAXYTBLR","DisplayName":"Paddings","FieldType":"String","DefaultValue":"a=?; x=?; y=?; t=?; b=?; l=?; r=?","Description":"Paddings A(all)-X(LR)-Y(TB)-T-B-L-R","List":""},{"Key":"RawClasses","DisplayName":"Classes (;)","FieldType":"String","DefaultValue":"","Description":"Classes added to the HTML tag.","List":""},{"Key":"RawStyles","DisplayName":"Styles (JSON)","FieldType":"String","DefaultValue":"","Description":"Styles added to the HTML tag. Must be a json String use = and ;","List":""},{"Key":"RawAttributes","DisplayName":"Attributes (JSON)","FieldType":"String","DefaultValue":"","Description":"Attributes added to the HTML tag. Must be a json String use = and ;","List":""}],"events":[{"name":"Change (Value As String)"}],"methods":[{"name":"Class_Globals","signature":"Class_Globals"},{"name":"Initialize","signature":"Initialize (Callback As Object, Name As String, EventName As String)"},{"name":"getID","signature":"getID() As String"},{"name":"SetProperties","signature":"SetProperties(props As Map)"},{"name":"GetProperties","signature":"GetProperties As Map"},{"name":"AddComponent","signature":"AddComponent"},{"name":"Remove","signature":"Remove()"},{"name":"setParentID","signature":"setParentID(s As String)"},{"name":"getParentID","signature":"getParentID As String"},{"name":"getHere","signature":"getHere() As String"},{"name":"setVisible","signature":"setVisible(b As Boolean)"},{"name":"setLegendColor\t\t\t\t\t","signature":"setLegendColor(s As String)\t\t\t\t\t"},{"name":"getLegendColor","signature":"getLegendColor As String"},{"name":"getVisible","signature":"getVisible As Boolean"},{"name":"setEnabled","signature":"setEnabled(b As Boolean)"},{"name":"getEnabled","signature":"getEnabled As Boolean"},{"name":"setPositionStyle","signature":"setPositionStyle(s As String)"},{"name":"getPositionStyle","signature":"getPositionStyle As String"},{"name":"setPosition","signature":"setPosition(s As String)"},{"name":"getPosition","signature":"getPosition As String"},{"name":"setAttributes","signature":"setAttributes(s As String)"},{"name":"setStyles","signature":"setStyles(s As String)"},{"name":"setClasses","signature":"setClasses(s As String)"},{"name":"setPaddingAXYTBLR","signature":"setPaddingAXYTBLR(s As String)"},{"name":"setMarginAXYTBLR","signature":"setMarginAXYTBLR(s As String)"},{"name":"getAttributes","signature":"getAttributes As String"},{"name":"getStyles","signature":"getStyles As String"},{"name":"getClasses","signature":"getClasses As String"},{"name":"getPaddingAXYTBLR","signature":"getPaddingAXYTBLR As String"},{"name":"getMarginAXYTBLR","signature":"getMarginAXYTBLR As String"},{"name":"DesignerCreateView","signature":"DesignerCreateView (Target As BANanoElement, Props As Map)"},{"name":"setBackgroundColor\t\t\t","signature":"setBackgroundColor(s As String)\t\t\t"},{"name":"setBorder\t\t\t\t","signature":"setBorder(b As Boolean)\t\t\t\t"},{"name":"setBorderColor\t\t\t","signature":"setBorderColor(s As String)\t\t\t"},{"name":"setRoundedBox\t\t\t","signature":"setRoundedBox(b As Boolean)\t\t\t"},{"name":"setShadow\t\t\t\t\t","signature":"setShadow(s As String)\t\t\t\t\t"},{"name":"getBackgroundColor","signature":"getBackgroundColor As String"},{"name":"getBorder","signature":"getBorder As Boolean"},{"name":"getBorderColor","signature":"getBorderColor As String"},{"name":"getRoundedBox","signature":"getRoundedBox As Boolean"},{"name":"getShadow","signature":"getShadow As String"},{"name":"setInputType","signature":"setInputType(s As String)"},{"name":"getInputType","signature":"getInputType As String"},{"name":"setRequired","signature":"setRequired(b As Boolean)"},{"name":"getRequired","signature":"getRequired As Boolean"},{"name":"Clear\t\t\t","signature":"Clear\t\t\t"},{"name":"setColor","signature":"setColor(s As String)"},{"name":"setCount","signature":"setCount(s As Int)"},{"name":"Refresh\t\t\t","signature":"Refresh\t\t\t"},{"name":"Focus","signature":"Focus"},{"name":"setRangeBackgroundColor","signature":"setRangeBackgroundColor(s As String)"},{"name":"getRatingBackgroundColor","signature":"getRatingBackgroundColor As String"},{"name":"setFirstHidden","signature":"setFirstHidden(b As Boolean)"},{"name":"setGap\t\t\t","signature":"setGap(s As String)\t\t\t"},{"name":"setHalf\t\t\t","signature":"setHalf(b As Boolean)\t\t\t"},{"name":"setHint","signature":"setHint(s As String)"},{"name":"HintError\t\t\t","signature":"HintError(s As String)\t\t\t"},{"name":"setLabel","signature":"setLabel(s As String)"},{"name":"setMask","signature":"setMask(s As String)"},{"name":"setReadOnly","signature":"setReadOnly(b As Boolean)"},{"name":"setSize\t\t\t","signature":"setSize(s As String)\t\t\t"},{"name":"setValue\t\t\t","signature":"setValue(s As String)\t\t\t"},{"name":"getColor","signature":"getColor As String"},{"name":"getCount","signature":"getCount As Int"},{"name":"getFirstHidden","signature":"getFirstHidden As Boolean"},{"name":"getGap","signature":"getGap As String"},{"name":"getHalf","signature":"getHalf As Boolean"},{"name":"getHint","signature":"getHint As String"},{"name":"getLabel","signature":"getLabel As String"},{"name":"getMask","signature":"getMask As String"},{"name":"getReadOnly","signature":"getReadOnly As Boolean"},{"name":"getSize","signature":"getSize As String"},{"name":"getValue","signature":"getValue As String"},{"name":"IsBlank","signature":"IsBlank As Boolean"},{"name":"ResetValidation","signature":"ResetValidation"}]}