{"properties":[{"Key":"ReadMe","DisplayName":"ReadMe","FieldType":"String","DefaultValue":"Child Item _figure|_image|_figure1|_image1|_content|_title|_actions","Description":"Child Item _content|_title|_actions|_figure|_image|_figure1|_image1","List":""},{"Key":"ParentID","DisplayName":"ParentID","FieldType":"String","DefaultValue":"","Description":"The ParentID of this component","List":""},{"Key":"Size","DisplayName":"Card Size","FieldType":"String","DefaultValue":"none","Description":"Card Size","List":"lg|md|none|sm|xl|xs"},{"Key":"HoverGallery","DisplayName":"Hover Gallery","FieldType":"Boolean","DefaultValue":"False","Description":"Hover Gallery","List":""},{"Key":"Image","DisplayName":"Image","FieldType":"String","DefaultValue":"./assets/mashy.jpg","Description":"Image","List":""},{"Key":"ImagePosition","DisplayName":"Image Position","FieldType":"String","DefaultValue":"start","Description":"Image Position","List":"end|start"},{"Key":"ImageFull","DisplayName":"Image Full","FieldType":"Boolean","DefaultValue":"False","Description":"Image Full","List":""},{"Key":"ImageHeight","DisplayName":"Image Height","FieldType":"String","DefaultValue":"","Description":"Image Height","List":""},{"Key":"ImageWidth","DisplayName":"Image Width","FieldType":"String","DefaultValue":"","Description":"Image Width","List":""},{"Key":"ImageRoundedBox","DisplayName":"Image Rounded Box","FieldType":"Boolean","DefaultValue":"False","Description":"Image Rounded Box","List":""},{"Key":"ImageShadow","DisplayName":"Image Shadow","FieldType":"String","DefaultValue":"none","Description":"Image Shadow","List":"2xl|inner|lg|md|none|shadow|sm|xl"},{"Key":"ImageVisible","DisplayName":"Image Visible","FieldType":"Boolean","DefaultValue":"False","Description":"Image Visible","List":""},{"Key":"ImageClasses","DisplayName":"Image Classes","FieldType":"String","DefaultValue":"","Description":"Image Classes","List":""},{"Key":"ImageCover","DisplayName":"Image Cover","FieldType":"Boolean","DefaultValue":"True","Description":"Image Cover","List":""},{"Key":"ImageCenter","DisplayName":"Image Center","FieldType":"Boolean","DefaultValue":"True","Description":"Image Center","List":""},{"Key":"ImageNoRepeat","DisplayName":"Image NoRepeat","FieldType":"Boolean","DefaultValue":"True","Description":"Image No Repeat","List":""},{"Key":"Side","DisplayName":"Image on Side","FieldType":"Boolean","DefaultValue":"False","Description":"Image on Side","List":""},{"Key":"Title","DisplayName":"Title","FieldType":"String","DefaultValue":"Card Title","Description":"Title","List":""},{"Key":"TitleVisible","DisplayName":"Title Visible","FieldType":"Boolean","DefaultValue":"True","Description":"Title Visible","List":""},{"Key":"TitleClasses","DisplayName":"Title Classes","FieldType":"String","DefaultValue":"","Description":"Title Classes","List":""},{"Key":"RawContent","DisplayName":"Content","FieldType":"String","DefaultValue":"Card Content","Description":"Content","List":""},{"Key":"BodyClasses","DisplayName":"Body Classes","FieldType":"String","DefaultValue":"","Description":"Body Classes","List":""},{"Key":"ContentClasses","DisplayName":"Content Classes","FieldType":"String","DefaultValue":"","Description":"Content Classes","List":""},{"Key":"Shrink","DisplayName":"Shrink","FieldType":"String","DefaultValue":"none","Description":"Shrink","List":"0|1|none"},{"Key":"TextColor","DisplayName":"Text Color","FieldType":"String","DefaultValue":"","Description":"Text Color","List":""},{"Key":"BackgroundColor","DisplayName":"Background Color","FieldType":"String","DefaultValue":"base-100","Description":"Background Color","List":""},{"Key":"Border","DisplayName":"Border","FieldType":"Boolean","DefaultValue":"True","Description":"Border","List":""},{"Key":"Dash","DisplayName":"Dash","FieldType":"Boolean","DefaultValue":"False","Description":"Dash","List":""},{"Key":"Height","DisplayName":"Height","FieldType":"String","DefaultValue":"","Description":"Height","List":""},{"Key":"Width","DisplayName":"Width","FieldType":"String","DefaultValue":"96","Description":"Width","List":""},{"Key":"SMSide","DisplayName":"SM Side","FieldType":"Boolean","DefaultValue":"False","Description":"SM Side","List":""},{"Key":"MDSide","DisplayName":"MD Side","FieldType":"Boolean","DefaultValue":"False","Description":"MD Side","List":""},{"Key":"LGSide","DisplayName":"LG Side","FieldType":"Boolean","DefaultValue":"False","Description":"LG Side","List":""},{"Key":"XLSide","DisplayName":"XL Side","FieldType":"Boolean","DefaultValue":"False","Description":"XL Side","List":""},{"Key":"Rounded","DisplayName":"Rounded","FieldType":"String","DefaultValue":"none","Description":"Rounded","List":"0|2xl|3xl|full|lg|md|none|rounded|sm|xl"},{"Key":"RoundedBox","DisplayName":"Rounded Box","FieldType":"Boolean","DefaultValue":"False","Description":"Rounded Box","List":""},{"Key":"Shadow","DisplayName":"Shadow","FieldType":"String","DefaultValue":"sm","Description":"Shadow","List":"2xl|inner|lg|md|none|shadow|sm|xl"},{"Key":"ActionsVisible","DisplayName":"Actions Visible","FieldType":"Boolean","DefaultValue":"True","Description":"Actions Visible","List":""},{"Key":"Visible","DisplayName":"Visible","FieldType":"Boolean","DefaultValue":"True","Description":"If visible.","List":""},{"Key":"Enabled","DisplayName":"Enabled","FieldType":"Boolean","DefaultValue":"True","Description":"If enabled.","List":""},{"Key":"PositionStyle","DisplayName":"Position Style","FieldType":"String","DefaultValue":"none","Description":"Position","List":"absolute|fixed|none|relative|static|sticky"},{"Key":"Position","DisplayName":"Position Locations","FieldType":"String","DefaultValue":"t=?; b=?; r=?; l=?","Description":"Position Locations","List":""},{"Key":"MarginAXYTBLR","DisplayName":"Margins","FieldType":"String","DefaultValue":"a=?; x=?; y=?; t=?; b=?; l=?; r=?","Description":"Margins A(all)-X(LR)-Y(TB)-T-B-L-R","List":""},{"Key":"PaddingAXYTBLR","DisplayName":"Paddings","FieldType":"String","DefaultValue":"a=?; x=?; y=?; t=?; b=?; l=?; r=?","Description":"Paddings A(all)-X(LR)-Y(TB)-T-B-L-R","List":""},{"Key":"RawClasses","DisplayName":"Classes (;)","FieldType":"String","DefaultValue":"","Description":"Classes added to the HTML tag.","List":""},{"Key":"RawStyles","DisplayName":"Styles (JSON)","FieldType":"String","DefaultValue":"","Description":"Styles added to the HTML tag. Must be a json String use = and ;","List":""},{"Key":"RawAttributes","DisplayName":"Attributes (JSON)","FieldType":"String","DefaultValue":"","Description":"Attributes added to the HTML tag. Must be a json String use = and ;","List":""}],"events":[],"methods":[{"name":"Class_Globals","signature":"Class_Globals"},{"name":"Initialize","signature":"Initialize (Callback As Object, Name As String, EventName As String)"},{"name":"getID","signature":"getID() As String"},{"name":"SetProperties","signature":"SetProperties(props As Map)"},{"name":"GetProperties","signature":"GetProperties As Map"},{"name":"AddComponent","signature":"AddComponent"},{"name":"Remove","signature":"Remove()"},{"name":"setParentID","signature":"setParentID(s As String)"},{"name":"getParentID","signature":"getParentID As String"},{"name":"getHere","signature":"getHere() As String"},{"name":"setVisible","signature":"setVisible(b As Boolean)"},{"name":"getVisible","signature":"getVisible As Boolean"},{"name":"setEnabled","signature":"setEnabled(b As Boolean)"},{"name":"getEnabled","signature":"getEnabled As Boolean"},{"name":"setPositionStyle","signature":"setPositionStyle(s As String)"},{"name":"getPositionStyle","signature":"getPositionStyle As String"},{"name":"setPosition","signature":"setPosition(s As String)"},{"name":"getPosition","signature":"getPosition As String"},{"name":"setAttributes","signature":"setAttributes(s As String)"},{"name":"setStyles","signature":"setStyles(s As String)"},{"name":"setClasses","signature":"setClasses(s As String)"},{"name":"setPaddingAXYTBLR","signature":"setPaddingAXYTBLR(s As String)"},{"name":"setMarginAXYTBLR","signature":"setMarginAXYTBLR(s As String)"},{"name":"getAttributes","signature":"getAttributes As String"},{"name":"getStyles","signature":"getStyles As String"},{"name":"getClasses","signature":"getClasses As String"},{"name":"getPaddingAXYTBLR","signature":"getPaddingAXYTBLR As String"},{"name":"getMarginAXYTBLR","signature":"getMarginAXYTBLR As String"},{"name":"DesignerCreateView","signature":"DesignerCreateView (Target As BANanoElement, Props As Map)"},{"name":"setImageCover\t\t\t","signature":"setImageCover(b As Boolean)\t\t\t"},{"name":"getImageCover","signature":"getImageCover As Boolean"},{"name":"setImageCenter\t\t\t","signature":"setImageCenter(b As Boolean)\t\t\t"},{"name":"getImageCenter","signature":"getImageCenter As Boolean"},{"name":"setImageNoRepeat\t\t","signature":"setImageNoRepeat(b As Boolean)\t\t"},{"name":"getImageNoRepeat","signature":"getImageNoRepeat As Boolean"},{"name":"setTitleClasses\t\t\t","signature":"setTitleClasses(s As String)\t\t\t"},{"name":"getTitleClasses","signature":"getTitleClasses As String"},{"name":"setHoverGallery\t\t\t\t","signature":"setHoverGallery(b As Boolean)\t\t\t\t"},{"name":"setShrink","signature":"setShrink(s As String)"},{"name":"getShrink","signature":"getShrink As String"},{"name":"ContentAt","signature":"ContentAt As String"},{"name":"setActionsVisible\t\t\t","signature":"setActionsVisible(b As Boolean)\t\t\t"},{"name":"setBackgroundColor","signature":"setBackgroundColor(s As String)"},{"name":"setBorder","signature":"setBorder(b As Boolean)"},{"name":"setContentClasses\t\t\t","signature":"setContentClasses(s As String)\t\t\t"},{"name":"setBodyClasses\t\t\t","signature":"setBodyClasses(s As String)\t\t\t"},{"name":"getBodyClasses","signature":"getBodyClasses As String"},{"name":"setImageClasses\t\t\t","signature":"setImageClasses(s As String)\t\t\t"},{"name":"getImageClasses","signature":"getImageClasses As String"},{"name":"setDash","signature":"setDash(b As Boolean)"},{"name":"setHeight","signature":"setHeight(s As String)"},{"name":"setImage\t\t\t\t","signature":"setImage(s As String)\t\t\t\t"},{"name":"setImageFull","signature":"setImageFull(b As Boolean)"},{"name":"setImageHeight\t\t\t","signature":"setImageHeight(s As String)\t\t\t"},{"name":"setImagePosition","signature":"setImagePosition(s As String)"},{"name":"setImageRoundedBox\t\t\t\t","signature":"setImageRoundedBox(b As Boolean)\t\t\t\t"},{"name":"setImageShadow\t\t\t\t","signature":"setImageShadow(s As String)\t\t\t\t"},{"name":"setImageVisible\t\t\t\t","signature":"setImageVisible(b As Boolean)\t\t\t\t"},{"name":"setImageWidth\t\t\t","signature":"setImageWidth(s As String)\t\t\t"},{"name":"setLGSide","signature":"setLGSide(b As Boolean)"},{"name":"setMDSide","signature":"setMDSide(b As Boolean)"},{"name":"setContent\t\t\t","signature":"setContent(s As String)\t\t\t"},{"name":"setRounded","signature":"setRounded(s As String)"},{"name":"setRoundedBox","signature":"setRoundedBox(b As Boolean)"},{"name":"setSMSide","signature":"setSMSide(b As Boolean)"},{"name":"setShadow","signature":"setShadow(s As String)"},{"name":"setSide","signature":"setSide(b As Boolean)"},{"name":"setSize","signature":"setSize(s As String)"},{"name":"setTextColor","signature":"setTextColor(s As String)"},{"name":"setTitle\t\t\t","signature":"setTitle(s As String)\t\t\t"},{"name":"setTitleVisible\t\t\t","signature":"setTitleVisible(b As Boolean)\t\t\t"},{"name":"setWidth","signature":"setWidth(s As String)"},{"name":"setXLSide","signature":"setXLSide(b As Boolean)"},{"name":"getActionsVisible","signature":"getActionsVisible As Boolean"},{"name":"getBackgroundColor","signature":"getBackgroundColor As String"},{"name":"getBorder","signature":"getBorder As Boolean"},{"name":"getContentClasses","signature":"getContentClasses As String"},{"name":"getDash","signature":"getDash As Boolean"},{"name":"getHeight","signature":"getHeight As String"},{"name":"getImage","signature":"getImage As String"},{"name":"getImageFull","signature":"getImageFull As Boolean"},{"name":"getImageHeight","signature":"getImageHeight As String"},{"name":"getImagePosition","signature":"getImagePosition As String"},{"name":"getImageRoundedBox","signature":"getImageRoundedBox As Boolean"},{"name":"getImageShadow","signature":"getImageShadow As String"},{"name":"getImageVisible","signature":"getImageVisible As Boolean"},{"name":"getImageWidth","signature":"getImageWidth As String"},{"name":"getLGSide","signature":"getLGSide As Boolean"},{"name":"getMDSide","signature":"getMDSide As Boolean"},{"name":"getContent","signature":"getContent As String"},{"name":"getRounded","signature":"getRounded As String"},{"name":"getRoundedBox","signature":"getRoundedBox As Boolean"},{"name":"getSMSide","signature":"getSMSide As Boolean"},{"name":"getShadow","signature":"getShadow As String"},{"name":"getSide","signature":"getSide As Boolean"},{"name":"getSize","signature":"getSize As String"},{"name":"getTextColor","signature":"getTextColor As String"},{"name":"getTitle","signature":"getTitle As String"},{"name":"getTitleVisible","signature":"getTitleVisible As Boolean"},{"name":"getWidth","signature":"getWidth As String"},{"name":"getXLSide","signature":"getXLSide As Boolean"}]}