{"properties":[{"Key":"ParentID","DisplayName":"ParentID","FieldType":"String","DefaultValue":"","Description":"The ParentID of this component","List":""},{"Key":"Caption","DisplayName":"Caption","FieldType":"String","DefaultValue":"Signature","Description":"Caption","List":""},{"Key":"CaptionColor","DisplayName":"Caption Color","FieldType":"String","DefaultValue":"none","Description":"Caption Color","List":""},{"Key":"ButtonCaption","DisplayName":"Button Caption","FieldType":"String","DefaultValue":"Clear Signature","Description":"Button Caption","List":""},{"Key":"ButtonColor","DisplayName":"Button Color","FieldType":"String","DefaultValue":"neutral","Description":"Button Color","List":"accent|error|info|neutral|none|primary|secondary|success|warning"},{"Key":"ButtonDisabled","DisplayName":"Button Disabled","FieldType":"Boolean","DefaultValue":"False","Description":"Button Disabled","List":""},{"Key":"ButtonTextColor","DisplayName":"Button Text Color","FieldType":"String","DefaultValue":"none","Description":"Button Text Color","List":""},{"Key":"SaveColor","DisplayName":"Save Color","FieldType":"String","DefaultValue":"success","Description":"Save Color","List":"accent|error|info|neutral|none|primary|secondary|success|warning"},{"Key":"SaveTextColor","DisplayName":"Save Text Color","FieldType":"String","DefaultValue":"none","Description":"Save Text Color","List":""},{"Key":"ErrorMessage","DisplayName":"Error Message","FieldType":"String","DefaultValue":"The signature is required","Description":"Error Message","List":""},{"Key":"Hint","DisplayName":"Hint","FieldType":"String","DefaultValue":"Please sign within the box area","Description":"Hint","List":""},{"Key":"DotSize","DisplayName":"Dot Size","FieldType":"String","DefaultValue":"0","Description":"Dot Size","List":""},{"Key":"Height","DisplayName":"Height","FieldType":"String","DefaultValue":"200","Description":"Height","List":""},{"Key":"Width","DisplayName":"Width","FieldType":"String","DefaultValue":"400","Description":"Width","List":""},{"Key":"ImageType","DisplayName":"Image Type","FieldType":"String","DefaultValue":"jpeg","Description":"Image Type","List":"jpeg|png|svg"},{"Key":"BackgroundColor","DisplayName":"Background Color","FieldType":"String","DefaultValue":"white","Description":"Background Color","List":""},{"Key":"MaxWidth","DisplayName":"Max Width","FieldType":"String","DefaultValue":"2.5","Description":"Max Width","List":""},{"Key":"MinDistance","DisplayName":"Min Distance","FieldType":"String","DefaultValue":"5","Description":"Min Distance","List":""},{"Key":"MinWidth","DisplayName":"Min Width","FieldType":"String","DefaultValue":"0.5","Description":"Min Width","List":""},{"Key":"PenColor","DisplayName":"Pen Color","FieldType":"String","DefaultValue":"black","Description":"Pen Color","List":""},{"Key":"Throttle","DisplayName":"Throttle","FieldType":"String","DefaultValue":"16","Description":"Throttle","List":""},{"Key":"VelocityFilterWeight","DisplayName":"Velocity Filter Weight","FieldType":"String","DefaultValue":"0.7","Description":"Velocity Filter Weight","List":""},{"Key":"Visible","DisplayName":"Visible","FieldType":"Boolean","DefaultValue":"True","Description":"If visible.","List":""},{"Key":"Enabled","DisplayName":"Enabled","FieldType":"Boolean","DefaultValue":"True","Description":"If enabled.","List":""},{"Key":"PositionStyle","DisplayName":"Position Style","FieldType":"String","DefaultValue":"none","Description":"Position","List":"absolute|fixed|none|relative|static|sticky"},{"Key":"Position","DisplayName":"Position Locations","FieldType":"String","DefaultValue":"t=?; b=?; r=?; l=?","Description":"Position Locations","List":""},{"Key":"MarginAXYTBLR","DisplayName":"Margins","FieldType":"String","DefaultValue":"a=?; x=?; y=?; t=?; b=?; l=?; r=?","Description":"Margins A(all)-X(LR)-Y(TB)-T-B-L-R","List":""},{"Key":"PaddingAXYTBLR","DisplayName":"Paddings","FieldType":"String","DefaultValue":"a=?; x=?; y=?; t=?; b=?; l=?; r=?","Description":"Paddings A(all)-X(LR)-Y(TB)-T-B-L-R","List":""},{"Key":"RawClasses","DisplayName":"Classes (;)","FieldType":"String","DefaultValue":"","Description":"Classes added to the HTML tag.","List":""},{"Key":"RawStyles","DisplayName":"Styles (JSON)","FieldType":"String","DefaultValue":"","Description":"Styles added to the HTML tag. Must be a json String use = and ;","List":""},{"Key":"RawAttributes","DisplayName":"Attributes (JSON)","FieldType":"String","DefaultValue":"","Description":"Attributes added to the HTML tag. Must be a json String use = and ;","List":""}],"events":[{"name":"Save (Data As String)"}],"methods":[{"name":"Class_Globals","signature":"Class_Globals"},{"name":"Initialize","signature":"Initialize (Callback As Object, Name As String, EventName As String)"},{"name":"getID","signature":"getID() As String"},{"name":"SetProperties","signature":"SetProperties(props As Map)"},{"name":"GetProperties","signature":"GetProperties As Map"},{"name":"AddComponent","signature":"AddComponent"},{"name":"Remove","signature":"Remove()"},{"name":"setParentID","signature":"setParentID(s As String)"},{"name":"getParentID","signature":"getParentID As String"},{"name":"getHere","signature":"getHere() As String"},{"name":"setVisible","signature":"setVisible(b As Boolean)"},{"name":"getVisible","signature":"getVisible As Boolean"},{"name":"setEnabled","signature":"setEnabled(b As Boolean)"},{"name":"getEnabled","signature":"getEnabled As Boolean"},{"name":"OnEvent","signature":"OnEvent(event As String, methodName As String)"},{"name":"setPositionStyle","signature":"setPositionStyle(s As String)"},{"name":"getPositionStyle","signature":"getPositionStyle As String"},{"name":"setPosition","signature":"setPosition(s As String)"},{"name":"getPosition","signature":"getPosition As String"},{"name":"setAttributes","signature":"setAttributes(s As String)"},{"name":"setStyles","signature":"setStyles(s As String)"},{"name":"setClasses","signature":"setClasses(s As String)"},{"name":"setPaddingAXYTBLR","signature":"setPaddingAXYTBLR(s As String)"},{"name":"setMarginAXYTBLR","signature":"setMarginAXYTBLR(s As String)"},{"name":"getAttributes","signature":"getAttributes As String"},{"name":"getStyles","signature":"getStyles As String"},{"name":"getClasses","signature":"getClasses As String"},{"name":"getPaddingAXYTBLR","signature":"getPaddingAXYTBLR As String"},{"name":"getMarginAXYTBLR","signature":"getMarginAXYTBLR As String"},{"name":"DesignerCreateView","signature":"DesignerCreateView (Target As BANanoElement, Props As Map)"},{"name":"setSaveColor\t\t\t\t","signature":"setSaveColor(s As String)\t\t\t\t"},{"name":"setSaveTextColor\t\t\t\t","signature":"setSaveTextColor(s As String)\t\t\t\t"},{"name":"getSaveColor","signature":"getSaveColor As String"},{"name":"getSaveTextColor","signature":"getSaveTextColor As String"},{"name":"Refresh\t\t\t\t","signature":"Refresh\t\t\t\t"},{"name":"Clear","signature":"Clear"},{"name":"IsBlank","signature":"IsBlank As Boolean"},{"name":"ResetValidation","signature":"ResetValidation"},{"name":"setButtonColor\t\t\t","signature":"setButtonColor(s As String)\t\t\t"},{"name":"setButtonDisabled\t\t\t","signature":"setButtonDisabled(b As Boolean)\t\t\t"},{"name":"setButtonTextColor\t\t\t\t","signature":"setButtonTextColor(s As String)\t\t\t\t"},{"name":"setCaption","signature":"setCaption(s As String)"},{"name":"setCaptionColor\t\t\t","signature":"setCaptionColor(s As String)\t\t\t"},{"name":"setDotSize","signature":"setDotSize(s As Double)"},{"name":"setErrorMessage","signature":"setErrorMessage(s As String)"},{"name":"setHeight\t\t\t\t","signature":"setHeight(s As String)\t\t\t\t"},{"name":"setHint","signature":"setHint(s As String)"},{"name":"HintError\t\t\t","signature":"HintError(s As String)\t\t\t"},{"name":"setImageType","signature":"setImageType(s As String)"},{"name":"setMaxWidth","signature":"setMaxWidth(s As Double)"},{"name":"setMinDistance","signature":"setMinDistance(s As Int)"},{"name":"setMinWidth","signature":"setMinWidth(s As Double)"},{"name":"setPenColor","signature":"setPenColor(s As String)"},{"name":"setThrottle","signature":"setThrottle(s As Int)"},{"name":"setVelocityFilterWeight","signature":"setVelocityFilterWeight(s As Double)"},{"name":"setWidth\t\t\t","signature":"setWidth(s As String)\t\t\t"},{"name":"getButtonColor","signature":"getButtonColor As String"},{"name":"getButtonDisabled","signature":"getButtonDisabled As Boolean"},{"name":"getButtonTextColor","signature":"getButtonTextColor As String"},{"name":"getCaption","signature":"getCaption As String"},{"name":"getCaptionColor","signature":"getCaptionColor As String"},{"name":"getDotSize","signature":"getDotSize As Double"},{"name":"getErrorMessage","signature":"getErrorMessage As String"},{"name":"getHeight","signature":"getHeight As String"},{"name":"getHint","signature":"getHint As String"},{"name":"getImageType","signature":"getImageType As String"},{"name":"getMaxWidth","signature":"getMaxWidth As Double"},{"name":"getMinDistance","signature":"getMinDistance As Int"},{"name":"getMinWidth","signature":"getMinWidth As Double"},{"name":"getPenColor","signature":"getPenColor As String"},{"name":"getThrottle","signature":"getThrottle As Int"},{"name":"getVelocityFilterWeight","signature":"getVelocityFilterWeight As Double"},{"name":"getWidth","signature":"getWidth As String"},{"name":"download","signature":"download"},{"name":"fromData","signature":"fromData(data As Object)"},{"name":"fromDataURL","signature":"fromDataURL(dataURL As String)"},{"name":"setValue","signature":"setValue(dataURL As String)"},{"name":"draw","signature":"draw"},{"name":"erase","signature":"erase"},{"name":"toData","signature":"toData As Object"},{"name":"undo","signature":"undo"},{"name":"toBlob","signature":"toBlob As Object"},{"name":"toFile","signature":"toFile(mFileName As String) As BANanoObject"},{"name":"toDataURL","signature":"toDataURL As String"},{"name":"getValue","signature":"getValue As String"},{"name":"isEmpty","signature":"isEmpty As Boolean"},{"name":"off","signature":"off"},{"name":"on","signature":"on"},{"name":"ClearEnabled","signature":"ClearEnabled(b As Boolean)"},{"name":"SaveEnabled","signature":"SaveEnabled(b As Boolean)"}]}