{"properties":[{"Key":"ParentID","DisplayName":"ParentID","FieldType":"String","DefaultValue":"","Description":"The ParentID of this component","List":""},{"Key":"Src","DisplayName":"Src","FieldType":"String","DefaultValue":"./assets/mashy.jpg","Description":"Src","List":""},{"Key":"Alt","DisplayName":"Alt","FieldType":"String","DefaultValue":"Image","Description":"Alt","List":""},{"Key":"Height","DisplayName":"Height","FieldType":"String","DefaultValue":"12","Description":"Height","List":""},{"Key":"Width","DisplayName":"Width","FieldType":"String","DefaultValue":"12","Description":"Width","List":""},{"Key":"Cover","DisplayName":"Cover","FieldType":"Boolean","DefaultValue":"True","Description":"Cover","List":""},{"Key":"Center","DisplayName":"Center","FieldType":"Boolean","DefaultValue":"True","Description":"Center","List":""},{"Key":"NoRepeat","DisplayName":"NoRepeat","FieldType":"Boolean","DefaultValue":"True","Description":"No Repeat","List":""},{"Key":"MinHeight","DisplayName":"Min Height","FieldType":"String","DefaultValue":"","Description":"Min Height","List":""},{"Key":"MaxHeight","DisplayName":"Max Height","FieldType":"String","DefaultValue":"","Description":"Max Height","List":""},{"Key":"MinWidth","DisplayName":"Min Width","FieldType":"String","DefaultValue":"","Description":"Min Width","List":""},{"Key":"MaxWidth","DisplayName":"Max Width","FieldType":"String","DefaultValue":"","Description":"Max Width","List":""},{"Key":"Mask","DisplayName":"Mask","FieldType":"String","DefaultValue":"rounded","Description":"Mask","List":"circle|decagon|diamond|heart|hexagon|hexagon-2|none|pentagon|rounded|rounded-2xl|rounded-3xl|rounded-lg|rounded-md|rounded-sm|rounded-xl|square|squircle|star|star-2|triangle|triangle-2|triangle-3|triangle-4"},{"Key":"Shadow","DisplayName":"Shadow","FieldType":"String","DefaultValue":"none","Description":"Shadow","List":"2xl|inner|lg|md|none|shadow|sm|xl"},{"Key":"RoundedBox","DisplayName":"Rounded Box","FieldType":"Boolean","DefaultValue":"False","Description":"Rounded Box","List":""},{"Key":"PopOverTarget","DisplayName":"Pop Over Target","FieldType":"String","DefaultValue":"","Description":"Pop Over Target","List":""},{"Key":"Visible","DisplayName":"Visible","FieldType":"Boolean","DefaultValue":"True","Description":"If visible.","List":""},{"Key":"Enabled","DisplayName":"Enabled","FieldType":"Boolean","DefaultValue":"True","Description":"If enabled.","List":""},{"Key":"PositionStyle","DisplayName":"Position Style","FieldType":"String","DefaultValue":"none","Description":"Position","List":"absolute|fixed|none|relative|static|sticky"},{"Key":"Position","DisplayName":"Position Locations","FieldType":"String","DefaultValue":"t=?; b=?; r=?; l=?","Description":"Position Locations","List":""},{"Key":"MarginAXYTBLR","DisplayName":"Margins","FieldType":"String","DefaultValue":"a=?; x=?; y=?; t=?; b=?; l=?; r=?","Description":"Margins A(all)-X(LR)-Y(TB)-T-B-L-R","List":""},{"Key":"PaddingAXYTBLR","DisplayName":"Paddings","FieldType":"String","DefaultValue":"a=?; x=?; y=?; t=?; b=?; l=?; r=?","Description":"Paddings A(all)-X(LR)-Y(TB)-T-B-L-R","List":""},{"Key":"RawClasses","DisplayName":"Classes (;)","FieldType":"String","DefaultValue":"","Description":"Classes added to the HTML tag.","List":""},{"Key":"RawStyles","DisplayName":"Styles (JSON)","FieldType":"String","DefaultValue":"","Description":"Styles added to the HTML tag. Must be a json String use = and ;","List":""},{"Key":"RawAttributes","DisplayName":"Attributes (JSON)","FieldType":"String","DefaultValue":"","Description":"Attributes added to the HTML tag. Must be a json String use = and ;","List":""}],"events":[{"name":"Click (e As BANanoEvent)"}],"methods":[{"name":"Class_Globals","signature":"Class_Globals"},{"name":"Initialize","signature":"Initialize (Callback As Object, Name As String, EventName As String)"},{"name":"getID","signature":"getID() As String"},{"name":"SetProperties","signature":"SetProperties(props As Map)"},{"name":"GetProperties","signature":"GetProperties As Map"},{"name":"AddComponent","signature":"AddComponent"},{"name":"Remove","signature":"Remove()"},{"name":"setParentID","signature":"setParentID(s As String)"},{"name":"getParentID","signature":"getParentID As String"},{"name":"getHere","signature":"getHere() As String"},{"name":"setVisible","signature":"setVisible(b As Boolean)"},{"name":"getVisible","signature":"getVisible As Boolean"},{"name":"setEnabled","signature":"setEnabled(b As Boolean)"},{"name":"getEnabled","signature":"getEnabled As Boolean"},{"name":"setPositionStyle","signature":"setPositionStyle(s As String)"},{"name":"getPositionStyle","signature":"getPositionStyle As String"},{"name":"setPosition","signature":"setPosition(s As String)"},{"name":"getPosition","signature":"getPosition As String"},{"name":"setAttributes","signature":"setAttributes(s As String)"},{"name":"setStyles","signature":"setStyles(s As String)"},{"name":"setClasses","signature":"setClasses(s As String)"},{"name":"setPaddingAXYTBLR","signature":"setPaddingAXYTBLR(s As String)"},{"name":"setMarginAXYTBLR","signature":"setMarginAXYTBLR(s As String)"},{"name":"getAttributes","signature":"getAttributes As String"},{"name":"getStyles","signature":"getStyles As String"},{"name":"getClasses","signature":"getClasses As String"},{"name":"getPaddingAXYTBLR","signature":"getPaddingAXYTBLR As String"},{"name":"getMarginAXYTBLR","signature":"getMarginAXYTBLR As String"},{"name":"DesignerCreateView","signature":"DesignerCreateView (Target As BANanoElement, Props As Map)"},{"name":"setCover","signature":"setCover(b As Boolean)"},{"name":"getCover","signature":"getCover As Boolean"},{"name":"setCenter","signature":"setCenter(b As Boolean)"},{"name":"getCenter","signature":"getCenter As Boolean"},{"name":"setNoRepeat","signature":"setNoRepeat(b As Boolean)"},{"name":"getNoRepeat","signature":"getNoRepeat As Boolean"},{"name":"setPopOverTarget\t\t\t\t","signature":"setPopOverTarget(s As String)\t\t\t\t"},{"name":"getPopOverTarget","signature":"getPopOverTarget As String\t\t\t\t\t"},{"name":"setRoundedBox","signature":"setRoundedBox(b As Boolean)"},{"name":"getRoundedBox","signature":"getRoundedBox As Boolean"},{"name":"setAlt","signature":"setAlt(s As String)"},{"name":"setHeight","signature":"setHeight(s As String)"},{"name":"setMask","signature":"setMask(s As String)"},{"name":"setShadow","signature":"setShadow(s As String)"},{"name":"setSrc","signature":"setSrc(s As String)"},{"name":"setWidth","signature":"setWidth(s As String)"},{"name":"getAlt","signature":"getAlt As String"},{"name":"getHeight","signature":"getHeight As String"},{"name":"getMask","signature":"getMask As String"},{"name":"getShadow","signature":"getShadow As String"},{"name":"getSrc","signature":"getSrc As String"},{"name":"getWidth","signature":"getWidth As String"},{"name":"setMaxHeight","signature":"setMaxHeight(s As String)"},{"name":"setMaxWidth","signature":"setMaxWidth(s As String)"},{"name":"setMinHeight","signature":"setMinHeight(s As String)"},{"name":"setMinWidth","signature":"setMinWidth(s As String)"},{"name":"getMaxHeight","signature":"getMaxHeight As String"},{"name":"getMaxWidth","signature":"getMaxWidth As String"},{"name":"getMinHeight","signature":"getMinHeight As String"},{"name":"getMinWidth","signature":"getMinWidth As String"}]}