{"properties":[{"Key":"ParentID","DisplayName":"ParentID","FieldType":"String","DefaultValue":"","Description":"The ParentID of this component","List":""},{"Key":"InitialSelectedDate","DisplayName":"Initial Selected Date","FieldType":"String","DefaultValue":"2025-01-01","Description":"Initial Selected Date","List":""},{"Key":"DaysCount","DisplayName":"Days Count","FieldType":"String","DefaultValue":"31","Description":"Number Of Days To Show From Start Date","List":""},{"Key":"ItemWidth","DisplayName":"Item Width","FieldType":"String","DefaultValue":"80px","Description":"Item Width","List":""},{"Key":"ItemHeight","DisplayName":"Item Height","FieldType":"String","DefaultValue":"80px","Description":"Item Height","List":""},{"Key":"MonthColor","DisplayName":"Month Color","FieldType":"String","DefaultValue":"#000000","Description":"Month Color","List":""},{"Key":"MonthFontSize","DisplayName":"Month Font Size","FieldType":"String","DefaultValue":"11px","Description":"Month Font Size","List":""},{"Key":"MonthFontWeight","DisplayName":"Month Font Weight","FieldType":"String","DefaultValue":"medium","Description":"Month Font Weight","List":""},{"Key":"DateColor","DisplayName":"Date Color","FieldType":"String","DefaultValue":"#000000","Description":"Date Color","List":""},{"Key":"DateFontSize","DisplayName":"Date Font Size","FieldType":"String","DefaultValue":"24px","Description":"Date Font Size","List":""},{"Key":"DateFontWeight","DisplayName":"Date Font Weight","FieldType":"String","DefaultValue":"medium","Description":"Date Font Weight","List":""},{"Key":"DayColor","DisplayName":"Day Color","FieldType":"String","DefaultValue":"#000000","Description":"Day Color","List":""},{"Key":"DayFontSize","DisplayName":"Day Font Size","FieldType":"String","DefaultValue":"11px","Description":"Day Font Size","List":""},{"Key":"DayFontWeight","DisplayName":"Day Font Weight","FieldType":"String","DefaultValue":"medium","Description":"Day Font Weight","List":""},{"Key":"SelectionColor","DisplayName":"Selection Color","FieldType":"String","DefaultValue":"#30000000","Description":"Selection Color","List":""},{"Key":"SelectedTextColor","DisplayName":"Selected Text Color","FieldType":"String","DefaultValue":"","Description":"Selected Text Color","List":""},{"Key":"ActiveDates","DisplayName":"Active Dates","FieldType":"String","DefaultValue":"","Description":"Active Dates","List":""},{"Key":"InActiveDates","DisplayName":"In Active Dates","FieldType":"String","DefaultValue":"","Description":"In Active Dates","List":""},{"Key":"DeActivatedColor","DisplayName":"De Activated Color","FieldType":"String","DefaultValue":"#666666","Description":"De Activated Color","List":"accent|error|info|neutral|none|primary|secondary|success|warning"},{"Key":"Direction","DisplayName":"Direction","FieldType":"String","DefaultValue":"horizontal","Description":"Direction","List":"horizontal|vertical"},{"Key":"Height","DisplayName":"Height","FieldType":"String","DefaultValue":"content","Description":"Height","List":""},{"Key":"Width","DisplayName":"Width","FieldType":"String","DefaultValue":"full","Description":"Width","List":""},{"Key":"Visible","DisplayName":"Visible","FieldType":"Boolean","DefaultValue":"True","Description":"If visible.","List":""},{"Key":"Enabled","DisplayName":"Enabled","FieldType":"Boolean","DefaultValue":"True","Description":"If enabled.","List":""},{"Key":"PositionStyle","DisplayName":"Position Style","FieldType":"String","DefaultValue":"none","Description":"Position","List":"absolute|fixed|none|relative|static|sticky"},{"Key":"Position","DisplayName":"Position Locations","FieldType":"String","DefaultValue":"t=?; b=?; r=?; l=?","Description":"Position Locations","List":""},{"Key":"MarginAXYTBLR","DisplayName":"Margins","FieldType":"String","DefaultValue":"a=?; x=?; y=?; t=?; b=?; l=?; r=?","Description":"Margins A(all)-X(LR)-Y(TB)-T-B-L-R","List":""},{"Key":"PaddingAXYTBLR","DisplayName":"Paddings","FieldType":"String","DefaultValue":"a=?; x=?; y=?; t=?; b=?; l=?; r=?","Description":"Paddings A(all)-X(LR)-Y(TB)-T-B-L-R","List":""},{"Key":"RawClasses","DisplayName":"Classes (;)","FieldType":"String","DefaultValue":"","Description":"Classes added to the HTML tag.","List":""},{"Key":"RawStyles","DisplayName":"Styles (JSON)","FieldType":"String","DefaultValue":"","Description":"Styles added to the HTML tag. Must be a json String use = and ;","List":""},{"Key":"RawAttributes","DisplayName":"Attributes (JSON)","FieldType":"String","DefaultValue":"","Description":"Attributes added to the HTML tag. Must be a json String use = and ;","List":""}],"events":[{"name":"Change (Value As String)"}],"methods":[{"name":"Class_Globals","signature":"Class_Globals"},{"name":"Initialize","signature":"Initialize (Callback As Object, Name As String, EventName As String)"},{"name":"getID","signature":"getID() As String"},{"name":"SetProperties","signature":"SetProperties(props As Map)"},{"name":"GetProperties","signature":"GetProperties As Map"},{"name":"AddComponent","signature":"AddComponent"},{"name":"Remove","signature":"Remove()"},{"name":"setParentID","signature":"setParentID(s As String)"},{"name":"getParentID","signature":"getParentID As String"},{"name":"getHere","signature":"getHere() As String"},{"name":"setVisible","signature":"setVisible(b As Boolean)"},{"name":"getVisible","signature":"getVisible As Boolean"},{"name":"setEnabled","signature":"setEnabled(b As Boolean)"},{"name":"getEnabled","signature":"getEnabled As Boolean"},{"name":"setPositionStyle","signature":"setPositionStyle(s As String)"},{"name":"getPositionStyle","signature":"getPositionStyle As String"},{"name":"setPosition","signature":"setPosition(s As String)"},{"name":"getPosition","signature":"getPosition As String"},{"name":"setAttributes","signature":"setAttributes(s As String)"},{"name":"setStyles","signature":"setStyles(s As String)"},{"name":"setClasses","signature":"setClasses(s As String)"},{"name":"setPaddingAXYTBLR","signature":"setPaddingAXYTBLR(s As String)"},{"name":"setMarginAXYTBLR","signature":"setMarginAXYTBLR(s As String)"},{"name":"getAttributes","signature":"getAttributes As String"},{"name":"getStyles","signature":"getStyles As String"},{"name":"getClasses","signature":"getClasses As String"},{"name":"getPaddingAXYTBLR","signature":"getPaddingAXYTBLR As String"},{"name":"getMarginAXYTBLR","signature":"getMarginAXYTBLR As String"},{"name":"DesignerCreateView","signature":"DesignerCreateView (Target As BANanoElement, Props As Map)"},{"name":"Clear","signature":"Clear"},{"name":"setActiveDates","signature":"setActiveDates(s As String)"},{"name":"setDateColor","signature":"setDateColor(s As String)"},{"name":"setDateFontSize","signature":"setDateFontSize(s As String)"},{"name":"setDateFontWeight","signature":"setDateFontWeight(s As String)"},{"name":"setDayColor","signature":"setDayColor(s As String)"},{"name":"setDayFontSize","signature":"setDayFontSize(s As String)"},{"name":"setDayFontWeight","signature":"setDayFontWeight(s As String)"},{"name":"setDaysCount","signature":"setDaysCount(s As String)"},{"name":"setDeActivatedColor","signature":"setDeActivatedColor(s As String)"},{"name":"setDirection\t\t\t","signature":"setDirection(s As String)\t\t\t"},{"name":"setHeight","signature":"setHeight(s As String)"},{"name":"setInActiveDates","signature":"setInActiveDates(s As String)"},{"name":"setInitialSelectedDate\t\t\t","signature":"setInitialSelectedDate(s As String)\t\t\t"},{"name":"setItemWidth","signature":"setItemWidth(s As String)"},{"name":"setItemHeight","signature":"setItemHeight(s As String)"},{"name":"setMonthColor","signature":"setMonthColor(s As String)"},{"name":"setMonthFontSize","signature":"setMonthFontSize(s As String)"},{"name":"setMonthFontWeight","signature":"setMonthFontWeight(s As String)"},{"name":"setSelectedTextColor","signature":"setSelectedTextColor(s As String)"},{"name":"setSelectionColor","signature":"setSelectionColor(s As String)"},{"name":"setWidth","signature":"setWidth(s As String)"},{"name":"getActiveDates","signature":"getActiveDates As String"},{"name":"getDateColor","signature":"getDateColor As String"},{"name":"getDateFontSize","signature":"getDateFontSize As String"},{"name":"getDateFontWeight","signature":"getDateFontWeight As String"},{"name":"getDayColor","signature":"getDayColor As String"},{"name":"getDayFontSize","signature":"getDayFontSize As String"},{"name":"getDayFontWeight","signature":"getDayFontWeight As String"},{"name":"getDaysCount","signature":"getDaysCount As String"},{"name":"getDeActivatedColor","signature":"getDeActivatedColor As String"},{"name":"getDirection","signature":"getDirection As String"},{"name":"getHeight","signature":"getHeight As String"},{"name":"getInActiveDates","signature":"getInActiveDates As String"},{"name":"getInitialSelectedDate","signature":"getInitialSelectedDate As String"},{"name":"getItemWidth","signature":"getItemWidth As String"},{"name":"getItemHeight","signature":"getItemHeight As String"},{"name":"getMonthColor","signature":"getMonthColor As String"},{"name":"getMonthFontSize","signature":"getMonthFontSize As String"},{"name":"getMonthFontWeight","signature":"getMonthFontWeight As String"},{"name":"getSelectedTextColor","signature":"getSelectedTextColor As String"},{"name":"getSelectionColor","signature":"getSelectionColor As String"},{"name":"getWidth","signature":"getWidth As String"}]}