{"properties":[{"Key":"ParentID","DisplayName":"ParentID","FieldType":"String","DefaultValue":"","Description":"The ParentID of this component","List":""},{"Key":"Src","DisplayName":"Src","FieldType":"String","DefaultValue":"","Description":"Src","List":""},{"Key":"Width","DisplayName":"Width","FieldType":"String","DefaultValue":"","Description":"Width","List":""},{"Key":"Height","DisplayName":"Height","FieldType":"String","DefaultValue":"","Description":"Height","List":""},{"Key":"Color","DisplayName":"Color","FieldType":"String","DefaultValue":"","Description":"Color","List":""},{"Key":"FillColor","DisplayName":"Fill Color","FieldType":"String","DefaultValue":"currentColor","Description":"Fill Color","List":""},{"Key":"StrokeColor","DisplayName":"Stroke Color","FieldType":"String","DefaultValue":"","Description":"Stroke Color","List":""},{"Key":"StrokeWidth","DisplayName":"Stroke Width","FieldType":"String","DefaultValue":"","Description":"Stroke Width","List":""},{"Key":"Cache","DisplayName":"Cache","FieldType":"String","DefaultValue":"","Description":"Cache","List":""},{"Key":"CacheDisabled","DisplayName":"Cache Disabled","FieldType":"Boolean","DefaultValue":"True","Description":"Cache Disabled","List":""},{"Key":"DisableCssScoping","DisplayName":"Disable Css Scoping","FieldType":"Boolean","DefaultValue":"False","Description":"Disable Css Scoping","List":""},{"Key":"DisableUniqueId","DisplayName":"Disable Unique Id","FieldType":"Boolean","DefaultValue":"False","Description":"Disable Unique Id","List":""},{"Key":"JSEnabled","DisplayName":"JS Enabled","FieldType":"Boolean","DefaultValue":"False","Description":"JS Enabled","List":""},{"Key":"LazyLoading","DisplayName":"Lazy Loading","FieldType":"Boolean","DefaultValue":"False","Description":"Lazy Loading","List":""}],"events":[{"name":"Click (e As BANanoEvent)"}],"methods":[{"name":"Class_Globals","signature":"Class_Globals"},{"name":"Initialize","signature":"Initialize (Callback As Object, Name As String, EventName As String)"},{"name":"getID","signature":"getID() As String"},{"name":"SetProperties","signature":"SetProperties(props As Map)"},{"name":"GetProperties","signature":"GetProperties As Map"},{"name":"AddComponent","signature":"AddComponent"},{"name":"Remove","signature":"Remove()"},{"name":"setParentID","signature":"setParentID(s As String)"},{"name":"getParentID","signature":"getParentID As String"},{"name":"getHere","signature":"getHere() As String"},{"name":"DesignerCreateView","signature":"DesignerCreateView (Target As BANanoElement, Props As Map)"},{"name":"setCache","signature":"setCache(s As String)"},{"name":"setCacheDisabled","signature":"setCacheDisabled(b As Boolean)"},{"name":"setColor","signature":"setColor(s As String)"},{"name":"setDisableCssScoping","signature":"setDisableCssScoping(b As Boolean)"},{"name":"setDisableUniqueId","signature":"setDisableUniqueId(b As Boolean)"},{"name":"setFillColor","signature":"setFillColor(s As String)"},{"name":"setHeight","signature":"setHeight(s As String)"},{"name":"setJSEnabled","signature":"setJSEnabled(b As Boolean)"},{"name":"setLazyLoading","signature":"setLazyLoading(b As Boolean)"},{"name":"setSrc","signature":"setSrc(s As String)"},{"name":"setStrokeColor","signature":"setStrokeColor(s As String)"},{"name":"setStrokeWidth","signature":"setStrokeWidth(s As String)"},{"name":"setWidth","signature":"setWidth(s As String)"},{"name":"getCache","signature":"getCache As String"},{"name":"getCacheDisabled","signature":"getCacheDisabled As Boolean"},{"name":"getColor","signature":"getColor As String"},{"name":"getDisableCssScoping","signature":"getDisableCssScoping As Boolean"},{"name":"getDisableUniqueId","signature":"getDisableUniqueId As Boolean"},{"name":"getFillColor","signature":"getFillColor As String"},{"name":"getHeight","signature":"getHeight As String"},{"name":"getJSEnabled","signature":"getJSEnabled As Boolean"},{"name":"getLazyLoading","signature":"getLazyLoading As Boolean"},{"name":"getSrc","signature":"getSrc As String"},{"name":"getStrokeColor","signature":"getStrokeColor As String"},{"name":"getStrokeWidth","signature":"getStrokeWidth As String"},{"name":"getWidth","signature":"getWidth As String"}]}