{"properties":[{"Key":"ParentID","DisplayName":"ParentID","FieldType":"String","DefaultValue":"","Description":"The ParentID of this component","List":""},{"Key":"Color","DisplayName":"Color","FieldType":"String","DefaultValue":"none","Description":"Color","List":"accent|error|info|neutral|none|primary|secondary|success|warning"},{"Key":"OnIcon","DisplayName":"On Icon","FieldType":"String","DefaultValue":"fas fa-times","Description":"On Icon","List":""},{"Key":"OnTextColor","DisplayName":"On Text Color","FieldType":"String","DefaultValue":"none","Description":"On Text Color","List":""},{"Key":"OffIcon","DisplayName":"Off Icon","FieldType":"String","DefaultValue":"fas fa-plus","Description":"Off Icon","List":""},{"Key":"OffTextColor","DisplayName":"Off Text Color","FieldType":"String","DefaultValue":"none","Description":"Off Text Color","List":""},{"Key":"ToastPlacement","DisplayName":"Toast Placement","FieldType":"String","DefaultValue":"bottom-end","Description":"Toast Placement","List":"bottom-center|bottom-end|bottom-start|middle-center|middle-end|middle-start|top-center|top-end|top-start"},{"Key":"DropdownPlacement","DisplayName":"Dropdown Placement","FieldType":"String","DefaultValue":"","Description":"Dropdown Placement","List":"bottom|bottom-center|bottom-end|center|end|left|left-center|left-end|right|right-center|right-end|start|top|top-center|top-end"},{"Key":"IconSize","DisplayName":"Icon Size","FieldType":"String","DefaultValue":"2xl","Description":"Icon Size","List":""},{"Key":"Size","DisplayName":"Size","FieldType":"String","DefaultValue":"lg","Description":"Size","List":"lg|md|none|sm|xl|xs"},{"Key":"Visible","DisplayName":"Visible","FieldType":"Boolean","DefaultValue":"True","Description":"If visible.","List":""},{"Key":"Enabled","DisplayName":"Enabled","FieldType":"Boolean","DefaultValue":"True","Description":"If enabled.","List":""},{"Key":"PositionStyle","DisplayName":"Position Style","FieldType":"String","DefaultValue":"none","Description":"Position","List":"absolute|fixed|none|relative|static|sticky"},{"Key":"Position","DisplayName":"Position Locations","FieldType":"String","DefaultValue":"t=?; b=?; r=?; l=?","Description":"Position Locations","List":""},{"Key":"MarginAXYTBLR","DisplayName":"Margins","FieldType":"String","DefaultValue":"a=?; x=?; y=?; t=?; b=?; l=?; r=?","Description":"Margins A(all)-X(LR)-Y(TB)-T-B-L-R","List":""},{"Key":"PaddingAXYTBLR","DisplayName":"Paddings","FieldType":"String","DefaultValue":"a=?; x=?; y=?; t=?; b=?; l=?; r=?","Description":"Paddings A(all)-X(LR)-Y(TB)-T-B-L-R","List":""},{"Key":"RawClasses","DisplayName":"Classes (;)","FieldType":"String","DefaultValue":"","Description":"Classes added to the HTML tag.","List":""},{"Key":"RawStyles","DisplayName":"Styles (JSON)","FieldType":"String","DefaultValue":"","Description":"Styles added to the HTML tag. Must be a json String use = and ;","List":""},{"Key":"RawAttributes","DisplayName":"Attributes (JSON)","FieldType":"String","DefaultValue":"","Description":"Attributes added to the HTML tag. Must be a json String use = and ;","List":""}],"events":[],"methods":[{"name":"Class_Globals","signature":"Class_Globals"},{"name":"Initialize","signature":"Initialize (Callback As Object, Name As String, EventName As String)"},{"name":"getID","signature":"getID() As String"},{"name":"SetProperties","signature":"SetProperties(props As Map)"},{"name":"GetProperties","signature":"GetProperties As Map"},{"name":"AddComponent","signature":"AddComponent"},{"name":"Remove","signature":"Remove()"},{"name":"setParentID","signature":"setParentID(s As String)"},{"name":"getParentID","signature":"getParentID As String"},{"name":"getHere","signature":"getHere() As String"},{"name":"setVisible","signature":"setVisible(b As Boolean)"},{"name":"getVisible","signature":"getVisible As Boolean"},{"name":"setEnabled","signature":"setEnabled(b As Boolean)"},{"name":"getEnabled","signature":"getEnabled As Boolean"},{"name":"setPositionStyle","signature":"setPositionStyle(s As String)"},{"name":"getPositionStyle","signature":"getPositionStyle As String"},{"name":"setPosition","signature":"setPosition(s As String)"},{"name":"getPosition","signature":"getPosition As String"},{"name":"setAttributes","signature":"setAttributes(s As String)"},{"name":"setStyles","signature":"setStyles(s As String)"},{"name":"setClasses","signature":"setClasses(s As String)"},{"name":"setPaddingAXYTBLR","signature":"setPaddingAXYTBLR(s As String)"},{"name":"setMarginAXYTBLR","signature":"setMarginAXYTBLR(s As String)"},{"name":"getAttributes","signature":"getAttributes As String"},{"name":"getStyles","signature":"getStyles As String"},{"name":"getClasses","signature":"getClasses As String"},{"name":"getPaddingAXYTBLR","signature":"getPaddingAXYTBLR As String"},{"name":"getMarginAXYTBLR","signature":"getMarginAXYTBLR As String"},{"name":"DesignerCreateView","signature":"DesignerCreateView (Target As BANanoElement, Props As Map)"},{"name":"Clear\t\t","signature":"Clear\t\t"},{"name":"setColor\t\t\t","signature":"setColor(s As String)\t\t\t"},{"name":"setDropdownPlacement\t\t\t","signature":"setDropdownPlacement(s As String)\t\t\t"},{"name":"setIconSize\t\t\t\t","signature":"setIconSize(s As String)\t\t\t\t"},{"name":"setOffIcon\t\t\t\t","signature":"setOffIcon(s As String)\t\t\t\t"},{"name":"setOffTextColor\t\t\t\t","signature":"setOffTextColor(s As String)\t\t\t\t"},{"name":"setOnIcon\t\t\t\t","signature":"setOnIcon(s As String)\t\t\t\t"},{"name":"setOnTextColor\t\t\t","signature":"setOnTextColor(s As String)\t\t\t"},{"name":"setSize\t\t\t","signature":"setSize(s As String)\t\t\t"},{"name":"setToastPlacement\t\t\t","signature":"setToastPlacement(s As String)\t\t\t"},{"name":"getColor","signature":"getColor As String"},{"name":"getDropdownPlacement","signature":"getDropdownPlacement As String"},{"name":"getIconSize","signature":"getIconSize As String"},{"name":"getOffIcon","signature":"getOffIcon As String"},{"name":"getOffTextColor","signature":"getOffTextColor As String"},{"name":"getOnIcon","signature":"getOnIcon As String"},{"name":"getOnTextColor","signature":"getOnTextColor As String"},{"name":"getSize","signature":"getSize As String"},{"name":"getToastPlacement","signature":"getToastPlacement As String"}]}