{"properties":[{"Key":"ParentID","DisplayName":"ParentID","FieldType":"String","DefaultValue":"","Description":"The ParentID of this component","List":""},{"Key":"ProgressType","DisplayName":"Progress Type","FieldType":"String","DefaultValue":"normal","Description":"Progress Type","List":"legend|normal|tooltip|normal-text"},{"Key":"Label","DisplayName":"Label","FieldType":"String","DefaultValue":"Range","Description":"Label","List":""},{"Key":"LegendColor","DisplayName":"Label Color","FieldType":"String","DefaultValue":"","Description":"Label Color","List":""},{"Key":"Color","DisplayName":"Color","FieldType":"String","DefaultValue":"none","Description":"Color","List":"accent|error|info|neutral|none|primary|secondary|success|warning"},{"Key":"ProgressBackgroundColor","DisplayName":"Progress Background Color","FieldType":"String","DefaultValue":"","Description":"Progress Background Color","List":""},{"Key":"Height","DisplayName":"Height","FieldType":"String","DefaultValue":"","Description":"Height","List":""},{"Key":"Width","DisplayName":"Width","FieldType":"String","DefaultValue":"full","Description":"Width","List":""},{"Key":"Value","DisplayName":"Value","FieldType":"Int","DefaultValue":"0","MinRange":"0","MaxRange":"100","Description":"Value","List":""},{"Key":"TextColor","DisplayName":"Text Color","FieldType":"String","DefaultValue":"#ffffff","Description":"Text Color","List":""},{"Key":"TextSize","DisplayName":"Text Size","FieldType":"String","DefaultValue":"xs","Description":"Text Size","List":"2xl|3xl|4xl|5xl|6xl|7xl|8xl|9xl|base|lg|md|none|sm|xl|xs"},{"Key":"TextVisible","DisplayName":"Text Visible","FieldType":"Boolean","DefaultValue":"False","Description":"Text Visible","List":""},{"Key":"Size","DisplayName":"Size","FieldType":"String","DefaultValue":"md","Description":"Size","List":"lg|md|none|sm|xl|xs"},{"Key":"Indeterminate","DisplayName":"Indeterminate","FieldType":"Boolean","DefaultValue":"False","Description":"Indeterminate","List":""},{"Key":"LeftIcon","DisplayName":"Left Icon","FieldType":"String","DefaultValue":"","Description":"Left Icon","List":""},{"Key":"LeftIconColor","DisplayName":"Left Icon Color","FieldType":"String","DefaultValue":"","Description":"Left Icon Color","List":""},{"Key":"MinValue","DisplayName":"Min Value","FieldType":"Int","DefaultValue":"0","MinRange":"0","MaxRange":"100","Description":"Min Value","List":""},{"Key":"StepValue","DisplayName":"Step Value","FieldType":"Int","DefaultValue":"1","MinRange":"0","MaxRange":"100","Description":"Step Value","List":""},{"Key":"MaxValue","DisplayName":"Max Value","FieldType":"Int","DefaultValue":"100","MinRange":"0","MaxRange":"100","Description":"Max Value","List":""},{"Key":"RightIcon","DisplayName":"Right Icon","FieldType":"String","DefaultValue":"","Description":"Right Icon","List":""},{"Key":"RightIconColor","DisplayName":"Right Icon Color","FieldType":"String","DefaultValue":"","Description":"Right Icon Color","List":""},{"Key":"Ticks","DisplayName":"Ticks","FieldType":"String","DefaultValue":"","Description":"Ticks","List":""},{"Key":"Hint","DisplayName":"Hint","FieldType":"String","DefaultValue":"","Description":"Hint","List":""},{"Key":"BackgroundColor","DisplayName":"Background Color","FieldType":"String","DefaultValue":"base-200","Description":"Background Color","List":""},{"Key":"Border","DisplayName":"Border","FieldType":"Boolean","DefaultValue":"True","Description":"Border","List":""},{"Key":"BorderColor","DisplayName":"Border Color","FieldType":"String","DefaultValue":"base-300","Description":"Border Color","List":""},{"Key":"RoundedBox","DisplayName":"Rounded Box","FieldType":"Boolean","DefaultValue":"False","Description":"Rounded Box","List":""},{"Key":"Shadow","DisplayName":"Shadow","FieldType":"String","DefaultValue":"none","Description":"Shadow","List":"2xl|inner|lg|md|none|shadow|sm|xl"},{"Key":"Visible","DisplayName":"Visible","FieldType":"Boolean","DefaultValue":"True","Description":"If visible.","List":""},{"Key":"Enabled","DisplayName":"Enabled","FieldType":"Boolean","DefaultValue":"True","Description":"If enabled.","List":""},{"Key":"PositionStyle","DisplayName":"Position Style","FieldType":"String","DefaultValue":"none","Description":"Position","List":"absolute|fixed|none|relative|static|sticky"},{"Key":"Position","DisplayName":"Position Locations","FieldType":"String","DefaultValue":"t=?; b=?; r=?; l=?","Description":"Position Locations","List":""},{"Key":"MarginAXYTBLR","DisplayName":"Margins","FieldType":"String","DefaultValue":"a=?; x=?; y=?; t=?; b=?; l=?; r=?","Description":"Margins A(all)-X(LR)-Y(TB)-T-B-L-R","List":""},{"Key":"PaddingAXYTBLR","DisplayName":"Paddings","FieldType":"String","DefaultValue":"a=?; x=?; y=?; t=?; b=?; l=?; r=?","Description":"Paddings A(all)-X(LR)-Y(TB)-T-B-L-R","List":""},{"Key":"RawClasses","DisplayName":"Classes (;)","FieldType":"String","DefaultValue":"","Description":"Classes added to the HTML tag.","List":""},{"Key":"RawStyles","DisplayName":"Styles (JSON)","FieldType":"String","DefaultValue":"","Description":"Styles added to the HTML tag. Must be a json String use = and ;","List":""},{"Key":"RawAttributes","DisplayName":"Attributes (JSON)","FieldType":"String","DefaultValue":"","Description":"Attributes added to the HTML tag. Must be a json String use = and ;","List":""}],"events":[],"methods":[{"name":"Class_Globals","signature":"Class_Globals"},{"name":"Initialize","signature":"Initialize (Callback As Object, Name As String, EventName As String)"},{"name":"getID","signature":"getID() As String"},{"name":"SetProperties","signature":"SetProperties(props As Map)"},{"name":"GetProperties","signature":"GetProperties As Map"},{"name":"AddComponent","signature":"AddComponent"},{"name":"Remove","signature":"Remove()"},{"name":"setLegendColor\t\t\t\t","signature":"setLegendColor(s As String)\t\t\t\t"},{"name":"getLegendColor","signature":"getLegendColor As String"},{"name":"setParentID","signature":"setParentID(s As String)"},{"name":"getHere","signature":"getHere() As String"},{"name":"setVisible","signature":"setVisible(b As Boolean)"},{"name":"getVisible","signature":"getVisible As Boolean"},{"name":"setEnabled","signature":"setEnabled(b As Boolean)"},{"name":"getEnabled","signature":"getEnabled As Boolean"},{"name":"setPositionStyle","signature":"setPositionStyle(s As String)"},{"name":"getPositionStyle","signature":"getPositionStyle As String"},{"name":"setPosition","signature":"setPosition(s As String)"},{"name":"getPosition","signature":"getPosition As String"},{"name":"setAttributes","signature":"setAttributes(s As String)"},{"name":"setStyles","signature":"setStyles(s As String)"},{"name":"setClasses","signature":"setClasses(s As String)"},{"name":"setPaddingAXYTBLR","signature":"setPaddingAXYTBLR(s As String)"},{"name":"setMarginAXYTBLR","signature":"setMarginAXYTBLR(s As String)"},{"name":"getAttributes","signature":"getAttributes As String"},{"name":"getStyles","signature":"getStyles As String"},{"name":"getClasses","signature":"getClasses As String"},{"name":"getPaddingAXYTBLR","signature":"getPaddingAXYTBLR As String"},{"name":"getMarginAXYTBLR","signature":"getMarginAXYTBLR As String"},{"name":"setValue\t\t\t","signature":"setValue(i As Int)\t\t\t"},{"name":"getValue","signature":"getValue As Int"},{"name":"DesignerCreateView","signature":"DesignerCreateView (Target As BANanoElement, Props As Map)"},{"name":"setWidth\t\t\t\t","signature":"setWidth(s As String)\t\t\t\t"},{"name":"setTextColor\t\t\t","signature":"setTextColor(s As String)\t\t\t"},{"name":"setTextSize\t\t\t","signature":"setTextSize(s As String)\t\t\t"},{"name":"setTextVisible\t\t\t","signature":"setTextVisible(b As Boolean)\t\t\t"},{"name":"getTextColor","signature":"getTextColor As String"},{"name":"getTextSize","signature":"getTextSize As String"},{"name":"getTextVisible","signature":"getTextVisible As Boolean"},{"name":"setBackgroundColor\t\t\t","signature":"setBackgroundColor(s As String)\t\t\t"},{"name":"setBorder\t\t\t\t","signature":"setBorder(b As Boolean)\t\t\t\t"},{"name":"setBorderColor\t\t\t","signature":"setBorderColor(s As String)\t\t\t"},{"name":"setRoundedBox\t\t\t","signature":"setRoundedBox(b As Boolean)\t\t\t"},{"name":"setShadow\t\t\t\t\t","signature":"setShadow(s As String)\t\t\t\t\t"},{"name":"getBackgroundColor","signature":"getBackgroundColor As String"},{"name":"getBorder","signature":"getBorder As Boolean"},{"name":"getBorderColor","signature":"getBorderColor As String"},{"name":"getRoundedBox","signature":"getRoundedBox As Boolean"},{"name":"getShadow","signature":"getShadow As String"},{"name":"setSize\t\t\t","signature":"setSize(s As String)\t\t\t"},{"name":"getSize","signature":"getSize As String"},{"name":"getWidth","signature":"getWidth As String"},{"name":"setHint","signature":"setHint(s As String)"},{"name":"HintError\t\t\t","signature":"HintError(s As String)\t\t\t"},{"name":"getHint","signature":"getHint As String"},{"name":"setLabel","signature":"setLabel(s As String)"},{"name":"getLabel","signature":"getLabel As String"},{"name":"setProgressType","signature":"setProgressType(s As String)"},{"name":"getProgressType","signature":"getProgressType As String"},{"name":"SetEndValue","signature":"SetEndValue(s As String)"},{"name":"SetShowStartEnd","signature":"SetShowStartEnd(b As Boolean)"},{"name":"SetStartValue","signature":"SetStartValue(s As String)"},{"name":"SetTooltip","signature":"SetTooltip(s As String)"},{"name":"SetTooltipVisible","signature":"SetTooltipVisible(b As Boolean)"},{"name":"setProgressBackgroundColor","signature":"setProgressBackgroundColor(s As String)"},{"name":"setColor","signature":"setColor(s As String)"},{"name":"setHeight\t\t\t\t","signature":"setHeight(s As String)\t\t\t\t"},{"name":"setIndeterminate\t\t\t\t","signature":"setIndeterminate(b As Boolean)\t\t\t\t"},{"name":"setLeftIcon","signature":"setLeftIcon(s As String)"},{"name":"setLeftIconColor","signature":"setLeftIconColor(s As String)"},{"name":"setMaxValue","signature":"setMaxValue(i As Int)"},{"name":"setMinValue","signature":"setMinValue(i As Int)"},{"name":"setRightIcon","signature":"setRightIcon(s As String)"},{"name":"setRightIconColor","signature":"setRightIconColor(s As String)"},{"name":"setStepValue","signature":"setStepValue(i As Int)"},{"name":"setTicks","signature":"setTicks(s As String)"},{"name":"getProgressBackgroundColor","signature":"getProgressBackgroundColor As String"},{"name":"getColor","signature":"getColor As String"},{"name":"getHeight","signature":"getHeight As String"},{"name":"getIndeterminate","signature":"getIndeterminate As Boolean"},{"name":"getLeftIcon","signature":"getLeftIcon As String"},{"name":"getLeftIconColor","signature":"getLeftIconColor As String"},{"name":"getMaxValue","signature":"getMaxValue As Int"},{"name":"getMinValue","signature":"getMinValue As Int"},{"name":"getRightIcon","signature":"getRightIcon As String"},{"name":"getRightIconColor","signature":"getRightIconColor As String"},{"name":"getStepValue","signature":"getStepValue As Int"},{"name":"getTicks","signature":"getTicks As String"},{"name":"getParentID","signature":"getParentID() As String"}]}