{"properties":[{"Key":"ParentID","DisplayName":"ParentID","FieldType":"String","DefaultValue":"","Description":"The ParentID of this component","List":""},{"Key":"Src","DisplayName":"Src","FieldType":"String","DefaultValue":"","Description":"Src","List":""},{"Key":"AutoPlay","DisplayName":"Auto Play","FieldType":"Boolean","DefaultValue":"True","Description":"Auto Play","List":""},{"Key":"Background","DisplayName":"Background","FieldType":"String","DefaultValue":"","Description":"Background","List":""},{"Key":"Controls","DisplayName":"Controls","FieldType":"Boolean","DefaultValue":"False","Description":"Controls","List":""},{"Key":"Height","DisplayName":"Height","FieldType":"String","DefaultValue":"300px","Description":"Height","List":""},{"Key":"Width","DisplayName":"Width","FieldType":"String","DefaultValue":"300px","Description":"Width","List":""},{"Key":"Hover","DisplayName":"Hover","FieldType":"Boolean","DefaultValue":"False","Description":"Hover","List":""},{"Key":"Intermission","DisplayName":"Intermission","FieldType":"String","DefaultValue":"","Description":"Intermission","List":""},{"Key":"Mode","DisplayName":"Mode","FieldType":"String","DefaultValue":"normal","Description":"Mode","List":"bounce|normal|bounce-reverse|reverse"},{"Key":"ShouldLoop","DisplayName":"Should Loop","FieldType":"Boolean","DefaultValue":"False","Description":"Should Loop","List":""},{"Key":"Speed","DisplayName":"Speed","FieldType":"String","DefaultValue":"1","Description":"Speed","List":""},{"Key":"Visible","DisplayName":"Visible","FieldType":"Boolean","DefaultValue":"True","Description":"If visible.","List":""},{"Key":"Enabled","DisplayName":"Enabled","FieldType":"Boolean","DefaultValue":"True","Description":"If enabled.","List":""},{"Key":"PositionStyle","DisplayName":"Position Style","FieldType":"String","DefaultValue":"none","Description":"Position","List":"absolute|fixed|none|relative|static|sticky"},{"Key":"Position","DisplayName":"Position Locations","FieldType":"String","DefaultValue":"t=?; b=?; r=?; l=?","Description":"Position Locations","List":""},{"Key":"MarginAXYTBLR","DisplayName":"Margins","FieldType":"String","DefaultValue":"a=?; x=?; y=?; t=?; b=?; l=?; r=?","Description":"Margins A(all)-X(LR)-Y(TB)-T-B-L-R","List":""},{"Key":"PaddingAXYTBLR","DisplayName":"Paddings","FieldType":"String","DefaultValue":"a=?; x=?; y=?; t=?; b=?; l=?; r=?","Description":"Paddings A(all)-X(LR)-Y(TB)-T-B-L-R","List":""},{"Key":"RawClasses","DisplayName":"Classes (;)","FieldType":"String","DefaultValue":"","Description":"Classes added to the HTML tag.","List":""},{"Key":"RawStyles","DisplayName":"Styles (JSON)","FieldType":"String","DefaultValue":"","Description":"Styles added to the HTML tag. Must be a json String use = and ;","List":""},{"Key":"RawAttributes","DisplayName":"Attributes (JSON)","FieldType":"String","DefaultValue":"","Description":"Attributes added to the HTML tag. Must be a json String use = and ;","List":""}],"events":[],"methods":[{"name":"Class_Globals","signature":"Class_Globals"},{"name":"Initialize","signature":"Initialize (Callback As Object, Name As String, EventName As String)"},{"name":"getID","signature":"getID() As String"},{"name":"SetProperties","signature":"SetProperties(props As Map)"},{"name":"GetProperties","signature":"GetProperties As Map"},{"name":"AddComponent","signature":"AddComponent"},{"name":"Remove","signature":"Remove()"},{"name":"setParentID","signature":"setParentID(s As String)"},{"name":"getParentID","signature":"getParentID As String"},{"name":"getHere","signature":"getHere() As String"},{"name":"setVisible","signature":"setVisible(b As Boolean)"},{"name":"getVisible","signature":"getVisible As Boolean"},{"name":"setEnabled","signature":"setEnabled(b As Boolean)"},{"name":"getEnabled","signature":"getEnabled As Boolean"},{"name":"OnEvent","signature":"OnEvent(event As String, methodName As String)"},{"name":"setPositionStyle","signature":"setPositionStyle(s As String)"},{"name":"getPositionStyle","signature":"getPositionStyle As String"},{"name":"setPosition","signature":"setPosition(s As String)"},{"name":"getPosition","signature":"getPosition As String"},{"name":"setAttributes","signature":"setAttributes(s As String)"},{"name":"setStyles","signature":"setStyles(s As String)"},{"name":"setClasses","signature":"setClasses(s As String)"},{"name":"setPaddingAXYTBLR","signature":"setPaddingAXYTBLR(s As String)"},{"name":"setMarginAXYTBLR","signature":"setMarginAXYTBLR(s As String)"},{"name":"getAttributes","signature":"getAttributes As String"},{"name":"getStyles","signature":"getStyles As String"},{"name":"getClasses","signature":"getClasses As String"},{"name":"getPaddingAXYTBLR","signature":"getPaddingAXYTBLR As String"},{"name":"getMarginAXYTBLR","signature":"getMarginAXYTBLR As String"},{"name":"DesignerCreateView","signature":"DesignerCreateView (Target As BANanoElement, Props As Map)"},{"name":"setAutoPlay","signature":"setAutoPlay(b As Boolean)"},{"name":"setBackground","signature":"setBackground(s As String)"},{"name":"setControls","signature":"setControls(b As Boolean)"},{"name":"setHeight","signature":"setHeight(s As String)"},{"name":"setHover","signature":"setHover(b As Boolean)"},{"name":"setIntermission","signature":"setIntermission(s As String)"},{"name":"setMode","signature":"setMode(s As String)"},{"name":"setShouldLoop","signature":"setShouldLoop(b As Boolean)"},{"name":"setSpeed","signature":"setSpeed(s As String)"},{"name":"setSrc","signature":"setSrc(s As String)"},{"name":"setWidth","signature":"setWidth(s As String)"},{"name":"getAutoPlay","signature":"getAutoPlay As Boolean"},{"name":"getBackground","signature":"getBackground As String"},{"name":"getControls","signature":"getControls As Boolean"},{"name":"getHeight","signature":"getHeight As String"},{"name":"getHover","signature":"getHover As Boolean"},{"name":"getIntermission","signature":"getIntermission As String"},{"name":"getMode","signature":"getMode As String"},{"name":"getShouldLoop","signature":"getShouldLoop As Boolean"},{"name":"getSpeed","signature":"getSpeed As String"},{"name":"getSrc","signature":"getSrc As String"},{"name":"getWidth","signature":"getWidth As String"}]}