{"properties":[{"Key":"ParentID","DisplayName":"ParentID","FieldType":"String","DefaultValue":"","Description":"The ParentID of this component","List":""},{"Key":"LicenseKey","DisplayName":"License Key","FieldType":"String","DefaultValue":"","Description":"License Key","List":""},{"Key":"FileMenuText","DisplayName":"File Menu Text","FieldType":"String","DefaultValue":"File","Description":"File Menu Text","List":""},{"Key":"FileMenuVisible","DisplayName":"File Menu Visible","FieldType":"Boolean","DefaultValue":"True","Description":"File Menu Visible","List":""},{"Key":"ShowItemOnClick","DisplayName":"Show Item On Click","FieldType":"Boolean","DefaultValue":"False","Description":"Show Item On Click","List":""},{"Key":"ActiveLayout","DisplayName":"Active Layout","FieldType":"String","DefaultValue":"Simplified","Description":"Active Layout","List":"Classic|Simplified"},{"Key":"CssClass","DisplayName":"Css Class","FieldType":"String","DefaultValue":"","Description":"Css Class","List":""},{"Key":"EnableKeyTips","DisplayName":"Enable Key Tips","FieldType":"Boolean","DefaultValue":"False","Description":"Enable Key Tips","List":""},{"Key":"EnablePersistence","DisplayName":"Enable Persistence","FieldType":"Boolean","DefaultValue":"False","Description":"Enable Persistence","List":""},{"Key":"EnableRtl","DisplayName":"Enable Rtl","FieldType":"Boolean","DefaultValue":"False","Description":"Enable Rtl","List":""},{"Key":"HideLayoutSwitcher","DisplayName":"Hide Layout Switcher","FieldType":"Boolean","DefaultValue":"False","Description":"Hide Layout Switcher","List":""},{"Key":"IsMinimized","DisplayName":"Is Minimized","FieldType":"Boolean","DefaultValue":"False","Description":"Is Minimized","List":""},{"Key":"LauncherIconCss","DisplayName":"Launcher Icon Css","FieldType":"String","DefaultValue":"","Description":"Launcher Icon Css","List":""},{"Key":"LayoutSwitcherKeyTip","DisplayName":"Layout Switcher Key Tip","FieldType":"String","DefaultValue":"","Description":"Layout Switcher Key Tip","List":""},{"Key":"Locale","DisplayName":"Locale","FieldType":"String","DefaultValue":"","Description":"Locale","List":""},{"Key":"SelectedTab","DisplayName":"Selected Tab","FieldType":"Int","DefaultValue":"0","Description":"Selected Tab","List":""},{"Key":"Width","DisplayName":"Width","FieldType":"String","DefaultValue":"100%","Description":"Width","List":""},{"Key":"Visible","DisplayName":"Visible","FieldType":"Boolean","DefaultValue":"True","Description":"If visible.","List":""},{"Key":"Enabled","DisplayName":"Enabled","FieldType":"Boolean","DefaultValue":"True","Description":"If enabled.","List":""}],"events":[{"name":"ColorChange (value As String)"},{"name":"ComboChange (id As String, value As String, text as string)"},{"name":"CheckBoxChange (id As String, checked As Boolean)"},{"name":"ButtonID (args As Map)"},{"name":"TabSelected (args As Map)"},{"name":"LauncherIconClick (args As Map)"},{"name":"FileMenu (args As Map)"},{"name":"Button (e As BANanoEvent)"}],"methods":[{"name":"Class_Globals","signature":"Class_Globals"},{"name":"Initialize","signature":"Initialize (Callback As Object, Name As String, EventName As String)"},{"name":"getID","signature":"getID() As String"},{"name":"SetProperties","signature":"SetProperties(props As Map)"},{"name":"GetProperties","signature":"GetProperties As Map"},{"name":"AddComponent","signature":"AddComponent"},{"name":"Remove","signature":"Remove()"},{"name":"setParentID","signature":"setParentID(s As String)"},{"name":"getParentID","signature":"getParentID As String"},{"name":"getHere","signature":"getHere() As String"},{"name":"setVisible","signature":"setVisible(b As Boolean)"},{"name":"getVisible","signature":"getVisible As Boolean"},{"name":"setEnabled","signature":"setEnabled(b As Boolean)"},{"name":"getEnabled","signature":"getEnabled As Boolean"},{"name":"setAttributes","signature":"setAttributes(s As String)"},{"name":"setStyles","signature":"setStyles(s As String)"},{"name":"setClasses","signature":"setClasses(s As String)"},{"name":"setPaddingAXYTBLR","signature":"setPaddingAXYTBLR(s As String)"},{"name":"setMarginAXYTBLR","signature":"setMarginAXYTBLR(s As String)"},{"name":"getAttributes","signature":"getAttributes As String"},{"name":"getStyles","signature":"getStyles As String"},{"name":"getClasses","signature":"getClasses As String"},{"name":"getPaddingAXYTBLR","signature":"getPaddingAXYTBLR As String"},{"name":"getMarginAXYTBLR","signature":"getMarginAXYTBLR As String"},{"name":"DesignerCreateView","signature":"DesignerCreateView (Target As BANanoElement, Props As Map)"},{"name":"setShowItemOnClick","signature":"setShowItemOnClick(b As Boolean)"},{"name":"getShowItemOnClick","signature":"getShowItemOnClick As Boolean"},{"name":"setFileMenuVisible","signature":"setFileMenuVisible(b As Boolean)"},{"name":"getFileMenuVisible","signature":"getFileMenuVisible As Boolean"},{"name":"Clear","signature":"Clear"},{"name":"ClearFileItems","signature":"ClearFileItems"},{"name":"AddFileMenuItem","signature":"AddFileMenuItem(id As String, text As String, iconCss As String) As SDUI5OfficeRibbon"},{"name":"AddFileMenuSeparator","signature":"AddFileMenuSeparator As SDUI5OfficeRibbon"},{"name":"AddTab","signature":"AddTab(tabID As String, tabCaption As String, cssClass As String, keyTip As String) As SDUI5OfficeRibbon"},{"name":"AddGroup","signature":"AddGroup(tabGroup As String, groupHeader As String, groupIconCss As String, showLauncherIcon As Boolean, rowOrientation As Boolean) As SDUI5OfficeRibbon"},{"name":"AddCollection","signature":"AddCollection(tabGroupCol As String, cssClass As String) As SDUI5OfficeRibbon"},{"name":"AddSplitButton","signature":"AddSplitButton(tabGroupColItem As String, iconCss As String, itemText As String, childItems As Map) As SDUI5OfficeRibbon"},{"name":"AddSplitButtonItem","signature":"AddSplitButtonItem(tabGroupColItem As String, itemText As String) As SDUI5OfficeRibbon"},{"name":"AddButton","signature":"AddButton(tabGroupColItem As String, iconCss As String, itemText As String) As SDUI5OfficeRibbon"},{"name":"AddButtonMedium","signature":"AddButtonMedium(tabGroupColItem As String, iconCss As String, itemText As String) As SDUI5OfficeRibbon"},{"name":"AddButtonSmall","signature":"AddButtonSmall(tabGroupColItem As String, iconCss As String, itemText As String) As SDUI5OfficeRibbon"},{"name":"AddButtonLarge","signature":"AddButtonLarge(tabGroupColItem As String, iconCss As String, itemText As String) As SDUI5OfficeRibbon"},{"name":"AddButtonGroup","signature":"AddButtonGroup(tabGroupColItem As String, selection As Int) As SDUI5OfficeRibbon"},{"name":"AddButtonGroupItem","signature":"AddButtonGroupItem(tabGroupColItemChild As String, iconCss As String, bSelected As Boolean) As SDUI5OfficeRibbon"},{"name":"AddColorPicker","signature":"AddColorPicker(tabGroupColItem As String, itemValue As String) As SDUI5OfficeRibbon"},{"name":"GetActionID","signature":"GetActionID(args As Map) As String"},{"name":"GetColor","signature":"GetColor(args As Map) As String"},{"name":"GetChecked","signature":"GetChecked(args As Map) As Boolean"},{"name":"SetButtonIsToggle","signature":"SetButtonIsToggle(tabGroupColItem As String, isToggle As Boolean) As SDUI5OfficeRibbon"},{"name":"SetItemToolTip","signature":"SetItemToolTip(tabGroupColItem As String, title As String, cssClass As String, iconCss As String, content As String) As SDUI5OfficeRibbon"},{"name":"SetItemSizeLarge","signature":"SetItemSizeLarge(tabGroupColItem As String) As SDUI5OfficeRibbon"},{"name":"SetItemCssClass","signature":"SetItemCssClass(tabGroupColItem As String, cssClass As String) As SDUI5OfficeRibbon"},{"name":"SetItemSizeSmall","signature":"SetItemSizeSmall(tabGroupColItem As String) As SDUI5OfficeRibbon"},{"name":"SetItemSizeMedium","signature":"SetItemSizeMedium(tabGroupColItem As String) As SDUI5OfficeRibbon"},{"name":"SetItemEnabled","signature":"SetItemEnabled(tabGroupColItem As String, itemEnabled As Boolean) As SDUI5OfficeRibbon"},{"name":"AddCheckBox","signature":"AddCheckBox(tabGroupColItem As String, itemLabel As String, checked As Boolean) As SDUI5OfficeRibbon"},{"name":"AddButtonIcon","signature":"AddButtonIcon(tabGroupColItem As String, iconCss As String, itemText As String) As SDUI5OfficeRibbon"},{"name":"AddComboBox","signature":"AddComboBox(tabGroupColItem As String, dataSource As Object, selectedIndex As Int, allowFiltering As Boolean, width As String) As SDUI5OfficeRibbon"},{"name":"SetGroupKeyTip","signature":"SetGroupKeyTip(groupName As String, keyTip As String, launcherIconKeyTip As String) As SDUI5OfficeRibbon"},{"name":"SetGroupOverflowHeader","signature":"SetGroupOverflowHeader(groupName As String, overflowHeader As Boolean) As SDUI5OfficeRibbon"},{"name":"SetGroupShowLauncherIcon","signature":"SetGroupShowLauncherIcon(groupName As String, showLauncherIcon As Boolean) As SDUI5OfficeRibbon"},{"name":"SetGroupCssClass","signature":"SetGroupCssClass(groupName As String, cssClass As String) As SDUI5OfficeRibbon"},{"name":"SetGroupOrientationRow","signature":"SetGroupOrientationRow(groupName As String) As SDUI5OfficeRibbon"},{"name":"SetGroupOrientationColumn","signature":"SetGroupOrientationColumn(groupName As String) As SDUI5OfficeRibbon"},{"name":"SetGroupOrientation","signature":"SetGroupOrientation(groupName As String, orientation As String) As SDUI5OfficeRibbon"},{"name":"SetGroupEnableGroupOverflow","signature":"SetGroupEnableGroupOverflow(groupName As String, enableGroupOverflow As Boolean) As SDUI5OfficeRibbon"},{"name":"SetGroupCollapsed","signature":"SetGroupCollapsed(groupName As String, isCollapsed As Boolean) As SDUI5OfficeRibbon"},{"name":"SetGroupCollapsible","signature":"SetGroupCollapsible(groupName As String, isCollapsible As Boolean) As SDUI5OfficeRibbon"},{"name":"setFileMenuText","signature":"setFileMenuText(s As String)"},{"name":"getFileMenuText","signature":"getFileMenuText As String"},{"name":"Refresh","signature":"Refresh"},{"name":"setActiveLayout","signature":"setActiveLayout(s As String)"},{"name":"setCssClass","signature":"setCssClass(s As String)"},{"name":"setEnableKeyTips","signature":"setEnableKeyTips(b As Boolean)"},{"name":"setEnablePersistence","signature":"setEnablePersistence(b As Boolean)"},{"name":"setEnableRtl","signature":"setEnableRtl(b As Boolean)"},{"name":"setHideLayoutSwitcher","signature":"setHideLayoutSwitcher(b As Boolean)"},{"name":"setIsMinimized","signature":"setIsMinimized(b As Boolean)"},{"name":"setLauncherIconCss","signature":"setLauncherIconCss(s As String)"},{"name":"setLayoutSwitcherKeyTip","signature":"setLayoutSwitcherKeyTip(s As String)"},{"name":"setLocale","signature":"setLocale(s As String)"},{"name":"setSelectedTab","signature":"setSelectedTab(i As Int)"},{"name":"setWidth","signature":"setWidth(s As String)"},{"name":"getActiveLayout","signature":"getActiveLayout As String"},{"name":"getCssClass","signature":"getCssClass As String"},{"name":"getEnableKeyTips","signature":"getEnableKeyTips As Boolean"},{"name":"getEnablePersistence","signature":"getEnablePersistence As Boolean"},{"name":"getEnableRtl","signature":"getEnableRtl As Boolean"},{"name":"getHideLayoutSwitcher","signature":"getHideLayoutSwitcher As Boolean"},{"name":"getIsMinimized","signature":"getIsMinimized As Boolean"},{"name":"getLauncherIconCss","signature":"getLauncherIconCss As String"},{"name":"getLayoutSwitcherKeyTip","signature":"getLayoutSwitcherKeyTip As String"},{"name":"getLocale","signature":"getLocale As String"},{"name":"getSelectedTab","signature":"getSelectedTab As Int"},{"name":"getWidth","signature":"getWidth As String"}]}