{"properties":[{"Key":"ParentID","DisplayName":"ParentID","FieldType":"String","DefaultValue":"","Description":"The ParentID of this component","List":""},{"Key":"FromAvatar","DisplayName":"From Avatar","FieldType":"String","DefaultValue":"./assets/mashy.jpg","Description":"From Avatar","List":""},{"Key":"FromName","DisplayName":"From Name","FieldType":"String","DefaultValue":"From Name","Description":"From Name","List":""},{"Key":"Message","DisplayName":"Message","FieldType":"String","DefaultValue":"Message","Description":"Message","List":""},{"Key":"DeliveryTime","DisplayName":"Delivery Time","FieldType":"String","DefaultValue":"10","Description":"Delivery Time","List":""},{"Key":"TimeAgo","DisplayName":"Time Ago","FieldType":"Boolean","DefaultValue":"True","Description":"Time Ago","List":""},{"Key":"Unread","DisplayName":"Unread","FieldType":"String","DefaultValue":"2","Description":"Unread","List":""},{"Key":"UnreadColor","DisplayName":"Unread Color","FieldType":"String","DefaultValue":"primary","Description":"Unread Color","List":""},{"Key":"UnreadVisible","DisplayName":"Unread Visible","FieldType":"Boolean","DefaultValue":"True","Description":"Unread Visible","List":""},{"Key":"HelpAvatar","DisplayName":"Help Avatar","FieldType":"String","DefaultValue":"./assets/mashy.jpg","Description":"Help Avatar","List":""},{"Key":"HelpVisible","DisplayName":"Help Visible","FieldType":"Boolean","DefaultValue":"False","Description":"Help Visible","List":""},{"Key":"AvatarShape","DisplayName":"Avatar Shape","FieldType":"String","DefaultValue":"circle","Description":"Avatar Shape","List":"circle|decagon|diamond|heart|hexagon|hexagon-2|none|pentagon|rounded|rounded-2xl|rounded-3xl|rounded-lg|rounded-md|rounded-sm|rounded-xl|square|squircle|star|star-2|triangle|triangle-2|triangle-3|triangle-4"},{"Key":"AvatarSize","DisplayName":"Avatar Size","FieldType":"String","DefaultValue":"12","Description":"Avatar Size","List":""},{"Key":"BackgroundColor","DisplayName":"Background Color","FieldType":"String","DefaultValue":"base-100","Description":"Background Color","List":""},{"Key":"Rounded","DisplayName":"Rounded","FieldType":"String","DefaultValue":"none","Description":"Rounded","List":"none|rounded|2xl|3xl|full|lg|md|sm|xl|0"},{"Key":"RoundedBox","DisplayName":"Rounded Box","FieldType":"Boolean","DefaultValue":"True","Description":"Rounded Box","List":""},{"Key":"Shadow","DisplayName":"Shadow","FieldType":"String","DefaultValue":"none","Description":"Shadow","List":"2xl|inner|lg|md|none|shadow|sm|xl"},{"Key":"Visible","DisplayName":"Visible","FieldType":"Boolean","DefaultValue":"True","Description":"If visible.","List":""},{"Key":"Enabled","DisplayName":"Enabled","FieldType":"Boolean","DefaultValue":"True","Description":"If enabled.","List":""},{"Key":"PositionStyle","DisplayName":"Position Style","FieldType":"String","DefaultValue":"none","Description":"Position","List":"absolute|fixed|none|relative|static|sticky"},{"Key":"Position","DisplayName":"Position Locations","FieldType":"String","DefaultValue":"t=?; b=?; r=?; l=?","Description":"Position Locations","List":""},{"Key":"MarginAXYTBLR","DisplayName":"Margins","FieldType":"String","DefaultValue":"a=?; x=?; y=?; t=?; b=?; l=?; r=?","Description":"Margins A(all)-X(LR)-Y(TB)-T-B-L-R","List":""},{"Key":"PaddingAXYTBLR","DisplayName":"Paddings","FieldType":"String","DefaultValue":"a=?; x=?; y=?; t=?; b=?; l=?; r=?","Description":"Paddings A(all)-X(LR)-Y(TB)-T-B-L-R","List":""},{"Key":"RawClasses","DisplayName":"Classes (;)","FieldType":"String","DefaultValue":"","Description":"Classes added to the HTML tag.","List":""},{"Key":"RawStyles","DisplayName":"Styles (JSON)","FieldType":"String","DefaultValue":"","Description":"Styles added to the HTML tag. Must be a json String use = and ;","List":""},{"Key":"RawAttributes","DisplayName":"Attributes (JSON)","FieldType":"String","DefaultValue":"","Description":"Attributes added to the HTML tag. Must be a json String use = and ;","List":""}],"events":[{"name":"Click (e As BANanoEvent)"}],"methods":[{"name":"Class_Globals","signature":"Class_Globals"},{"name":"Initialize","signature":"Initialize (Callback As Object, Name As String, EventName As String)"},{"name":"getID","signature":"getID() As String"},{"name":"SetProperties","signature":"SetProperties(props As Map)"},{"name":"GetProperties","signature":"GetProperties As Map"},{"name":"AddComponent","signature":"AddComponent"},{"name":"Remove","signature":"Remove()"},{"name":"setParentID","signature":"setParentID(s As String)"},{"name":"getParentID","signature":"getParentID As String"},{"name":"getHere","signature":"getHere() As String"},{"name":"setVisible","signature":"setVisible(b As Boolean)"},{"name":"getVisible","signature":"getVisible As Boolean"},{"name":"setEnabled","signature":"setEnabled(b As Boolean)"},{"name":"getEnabled","signature":"getEnabled As Boolean"},{"name":"OnEvent","signature":"OnEvent(event As String, methodName As String)"},{"name":"setPositionStyle","signature":"setPositionStyle(s As String)"},{"name":"getPositionStyle","signature":"getPositionStyle As String"},{"name":"setPosition","signature":"setPosition(s As String)"},{"name":"getPosition","signature":"getPosition As String"},{"name":"setAttributes","signature":"setAttributes(s As String)"},{"name":"setStyles","signature":"setStyles(s As String)"},{"name":"setClasses","signature":"setClasses(s As String)"},{"name":"setPaddingAXYTBLR","signature":"setPaddingAXYTBLR(s As String)"},{"name":"setMarginAXYTBLR","signature":"setMarginAXYTBLR(s As String)"},{"name":"getAttributes","signature":"getAttributes As String"},{"name":"getStyles","signature":"getStyles As String"},{"name":"getClasses","signature":"getClasses As String"},{"name":"getPaddingAXYTBLR","signature":"getPaddingAXYTBLR As String"},{"name":"getMarginAXYTBLR","signature":"getMarginAXYTBLR As String"},{"name":"DesignerCreateView","signature":"DesignerCreateView (Target As BANanoElement, Props As Map)"},{"name":"setAvatarShape","signature":"setAvatarShape(s As String)"},{"name":"setAvatarSize","signature":"setAvatarSize(s As String)"},{"name":"setBackgroundColor","signature":"setBackgroundColor(s As String)"},{"name":"setDeliveryTime","signature":"setDeliveryTime(s As String)"},{"name":"setFromAvatar","signature":"setFromAvatar(s As String)"},{"name":"setFromName","signature":"setFromName(s As String)"},{"name":"setHelpAvatar","signature":"setHelpAvatar(s As String)"},{"name":"setHelpVisible","signature":"setHelpVisible(b As Boolean)"},{"name":"setMessage","signature":"setMessage(s As String)"},{"name":"setRounded","signature":"setRounded(s As String)"},{"name":"setRoundedBox","signature":"setRoundedBox(b As Boolean)"},{"name":"setShadow","signature":"setShadow(s As String)"},{"name":"setTimeAgo","signature":"setTimeAgo(b As Boolean)"},{"name":"setUnread","signature":"setUnread(s As String)"},{"name":"setUnreadColor","signature":"setUnreadColor(s As String)"},{"name":"setUnreadVisible","signature":"setUnreadVisible(b As Boolean)"},{"name":"getAvatarShape","signature":"getAvatarShape As String"},{"name":"getAvatarSize","signature":"getAvatarSize As String"},{"name":"getBackgroundColor","signature":"getBackgroundColor As String"},{"name":"getDeliveryTime","signature":"getDeliveryTime As String"},{"name":"getFromAvatar","signature":"getFromAvatar As String"},{"name":"getFromName","signature":"getFromName As String"},{"name":"getHelpAvatar","signature":"getHelpAvatar As String"},{"name":"getHelpVisible","signature":"getHelpVisible As Boolean"},{"name":"getMessage","signature":"getMessage As String"},{"name":"getRounded","signature":"getRounded As String"},{"name":"getRoundedBox","signature":"getRoundedBox As Boolean"},{"name":"getShadow","signature":"getShadow As String"},{"name":"getTimeAgo","signature":"getTimeAgo As Boolean"},{"name":"getUnread","signature":"getUnread As String"},{"name":"getUnreadColor","signature":"getUnreadColor As String"},{"name":"getUnreadVisible","signature":"getUnreadVisible As Boolean"}]}