{"properties":[{"Key":"ReadMe","DisplayName":"ReadMe","FieldType":"String","DefaultValue":"Child Items _content|_side|_sidecontent|actions","Description":"Child Item _content|_side|_sidecontent|_actions","List":""},{"Key":"ParentID","DisplayName":"ParentID","FieldType":"String","DefaultValue":"","Description":"The ParentID of this component","List":""},{"Key":"Open","DisplayName":"Open","FieldType":"Boolean","DefaultValue":"False","Description":"Open","List":""},{"Key":"SmOpen","DisplayName":"SM Open","FieldType":"Boolean","DefaultValue":"False","Description":"Sm Open","List":""},{"Key":"MdOpen","DisplayName":"MD Open","FieldType":"Boolean","DefaultValue":"False","Description":"Md Open","List":""},{"Key":"LgOpen","DisplayName":"LG Open","FieldType":"Boolean","DefaultValue":"False","Description":"Lg Open","List":""},{"Key":"XlOpen","DisplayName":"XL Open","FieldType":"Boolean","DefaultValue":"False","Description":"Xl Open","List":""},{"Key":"Overlay","DisplayName":"Overlay","FieldType":"Boolean","DefaultValue":"True","Description":"Overlay","List":""},{"Key":"BackgroundColor","DisplayName":"Background Color","FieldType":"String","DefaultValue":"base-100","Description":"Background Color","List":""},{"Key":"Height","DisplayName":"Side Height","FieldType":"String","DefaultValue":"","Description":"Side Height","List":""},{"Key":"MinHeight","DisplayName":"Side Min Height","FieldType":"String","DefaultValue":"screen","Description":"Side Min Height","List":""},{"Key":"Width","DisplayName":"Side Width","FieldType":"String","DefaultValue":"80","Description":"Side Content Width","List":""},{"Key":"MinWidth","DisplayName":"Side Content Min Width","FieldType":"String","DefaultValue":"","Description":"Side Content Min Width","List":""},{"Key":"RightSide","DisplayName":"Right Side","FieldType":"Boolean","DefaultValue":"False","Description":"Right Side","List":""},{"Key":"Visible","DisplayName":"Visible","FieldType":"Boolean","DefaultValue":"True","Description":"If visible.","List":""},{"Key":"Enabled","DisplayName":"Enabled","FieldType":"Boolean","DefaultValue":"True","Description":"If enabled.","List":""},{"Key":"Rounded","DisplayName":"Rounded","FieldType":"String","DefaultValue":"none","Description":"Rounded","List":"0|2xl|3xl|full|lg|md|none|rounded|sm|xl"},{"Key":"RoundedTopLeft","DisplayName":"Rounded Top Left","FieldType":"String","DefaultValue":"","Description":"Rounded Top Left","List":"none|rounded|2xl|3xl|full|lg|md|sm|xl|0"},{"Key":"RoundedTopRight","DisplayName":"Rounded Top Right","FieldType":"String","DefaultValue":"","Description":"Rounded Top Right","List":"none|rounded|2xl|3xl|full|lg|md|sm|xl|0"},{"Key":"RoundedBottomLeft","DisplayName":"Rounded Bottom Left","FieldType":"String","DefaultValue":"","Description":"Rounded Bottom Left","List":"none|rounded|2xl|3xl|full|lg|md|sm|xl|0"},{"Key":"RoundedBottomRight","DisplayName":"Rounded Bottom Right","FieldType":"String","DefaultValue":"","Description":"Rounded Bottom Right","List":"none|rounded|2xl|3xl|full|lg|md|sm|xl|0"},{"Key":"Shadow","DisplayName":"Shadow","FieldType":"String","DefaultValue":"none","Description":"Shadow","List":"2xl|inner|lg|md|none|shadow|sm|xl"},{"Key":"PositionStyle","DisplayName":"Position Style","FieldType":"String","DefaultValue":"none","Description":"Position","List":"absolute|fixed|none|relative|static|sticky"},{"Key":"Position","DisplayName":"Position Locations","FieldType":"String","DefaultValue":"t=?; b=?; r=?; l=?","Description":"Position Locations","List":""},{"Key":"MarginAXYTBLR","DisplayName":"Margins","FieldType":"String","DefaultValue":"a=?; x=?; y=?; t=?; b=?; l=?; r=?","Description":"Margins A(all)-X(LR)-Y(TB)-T-B-L-R","List":""},{"Key":"PaddingAXYTBLR","DisplayName":"Paddings","FieldType":"String","DefaultValue":"a=?; x=?; y=?; t=?; b=?; l=?; r=?","Description":"Paddings A(all)-X(LR)-Y(TB)-T-B-L-R","List":""},{"Key":"RawClasses","DisplayName":"Classes (;)","FieldType":"String","DefaultValue":"","Description":"Classes added to the HTML tag.","List":""},{"Key":"RawStyles","DisplayName":"Styles (JSON)","FieldType":"String","DefaultValue":"","Description":"Styles added to the HTML tag. Must be a json String use = and ;","List":""},{"Key":"RawAttributes","DisplayName":"Attributes (JSON)","FieldType":"String","DefaultValue":"","Description":"Attributes added to the HTML tag. Must be a json String use = and ;","List":""}],"events":[{"name":"Opened (Status As Boolean)"}],"methods":[{"name":"Class_Globals","signature":"Class_Globals"},{"name":"Initialize","signature":"Initialize (Callback As Object, Name As String, EventName As String)"},{"name":"getID","signature":"getID() As String"},{"name":"SetProperties","signature":"SetProperties(props As Map)"},{"name":"GetProperties","signature":"GetProperties As Map"},{"name":"AddComponent","signature":"AddComponent"},{"name":"Remove","signature":"Remove()"},{"name":"setParentID","signature":"setParentID(s As String)"},{"name":"getParentID","signature":"getParentID As String"},{"name":"getHere","signature":"getHere() As String"},{"name":"setVisible","signature":"setVisible(b As Boolean)"},{"name":"getVisible","signature":"getVisible As Boolean"},{"name":"setEnabled","signature":"setEnabled(b As Boolean)"},{"name":"getEnabled","signature":"getEnabled As Boolean"},{"name":"setPositionStyle","signature":"setPositionStyle(s As String)"},{"name":"getPositionStyle","signature":"getPositionStyle As String"},{"name":"setPosition","signature":"setPosition(s As String)"},{"name":"getPosition","signature":"getPosition As String"},{"name":"setAttributes","signature":"setAttributes(s As String)"},{"name":"setStyles","signature":"setStyles(s As String)"},{"name":"setClasses","signature":"setClasses(s As String)"},{"name":"setPaddingAXYTBLR","signature":"setPaddingAXYTBLR(s As String)"},{"name":"setMarginAXYTBLR","signature":"setMarginAXYTBLR(s As String)"},{"name":"getAttributes","signature":"getAttributes As String"},{"name":"getStyles","signature":"getStyles As String"},{"name":"getClasses","signature":"getClasses As String"},{"name":"getPaddingAXYTBLR","signature":"getPaddingAXYTBLR As String"},{"name":"getMarginAXYTBLR","signature":"getMarginAXYTBLR As String"},{"name":"DesignerCreateView","signature":"DesignerCreateView (Target As BANanoElement, Props As Map)"},{"name":"setRounded\t\t\t\t","signature":"setRounded(s As String)\t\t\t\t"},{"name":"setRoundedBottomLeft\t\t\t\t","signature":"setRoundedBottomLeft(s As String)\t\t\t\t"},{"name":"setRoundedBottomRight\t\t\t","signature":"setRoundedBottomRight(s As String)\t\t\t"},{"name":"setRoundedTopLeft\t\t\t\t\t","signature":"setRoundedTopLeft(s As String)\t\t\t\t\t"},{"name":"setRoundedTopRight\t\t\t\t\t\t","signature":"setRoundedTopRight(s As String)\t\t\t\t\t\t"},{"name":"getRounded","signature":"getRounded As String"},{"name":"getRoundedBottomLeft","signature":"getRoundedBottomLeft As String"},{"name":"getRoundedBottomRight","signature":"getRoundedBottomRight As String"},{"name":"getRoundedTopLeft","signature":"getRoundedTopLeft As String"},{"name":"getRoundedTopRight","signature":"getRoundedTopRight As String"},{"name":"setShadow\t\t\t","signature":"setShadow(s As String)\t\t\t"},{"name":"getShadow","signature":"getShadow As String"},{"name":"setMinHeight\t\t","signature":"setMinHeight(s As String)\t\t"},{"name":"setMinWidth\t\t","signature":"setMinWidth(s As String)\t\t"},{"name":"getMinHeight","signature":"getMinHeight As String"},{"name":"getMinWidth","signature":"getMinWidth As String"},{"name":"ClearMainContent","signature":"ClearMainContent"},{"name":"ClearSideContent","signature":"ClearSideContent"},{"name":"ClearActions","signature":"ClearActions"},{"name":"ForceClose","signature":"ForceClose"},{"name":"setBackgroundColor\t\t\t","signature":"setBackgroundColor(s As String)\t\t\t"},{"name":"setWidth\t\t\t","signature":"setWidth(s As String)\t\t\t"},{"name":"setHeight\t\t\t","signature":"setHeight(s As String)\t\t\t"},{"name":"getWidth","signature":"getWidth As String"},{"name":"getHeight","signature":"getHeight As String"},{"name":"getBackgroundColor","signature":"getBackgroundColor As String"},{"name":"setLgOpen","signature":"setLgOpen(b As Boolean)"},{"name":"setMdOpen","signature":"setMdOpen(b As Boolean)"},{"name":"setOpen","signature":"setOpen(b As Boolean)"},{"name":"setOverlay\t\t","signature":"setOverlay(b As Boolean)\t\t"},{"name":"setRightSide","signature":"setRightSide(b As Boolean)"},{"name":"setSmOpen","signature":"setSmOpen(b As Boolean)"},{"name":"setXlOpen","signature":"setXlOpen(b As Boolean)"},{"name":"getLgOpen","signature":"getLgOpen As Boolean"},{"name":"getMdOpen","signature":"getMdOpen As Boolean"},{"name":"getOpen","signature":"getOpen As Boolean"},{"name":"getOverlay","signature":"getOverlay As Boolean"},{"name":"getRightSide","signature":"getRightSide As Boolean"},{"name":"getSmOpen","signature":"getSmOpen As Boolean"},{"name":"getXlOpen","signature":"getXlOpen As Boolean"},{"name":"OpenDrawer","signature":"OpenDrawer(b As Boolean)"},{"name":"ToggleDrawer","signature":"ToggleDrawer"}]}