{"properties":[{"Key":"ParentID","DisplayName":"Parent ID","FieldType":"String","DefaultValue":"","Description":"Parent ID","List":""},{"Key":"DataType","DisplayName":"Data Type","FieldType":"String","DefaultValue":"numbers","Description":"Data type (numbers or percentages)","List":"numbers|percentages"},{"Key":"FemaleLabel","DisplayName":"Female Label","FieldType":"String","DefaultValue":"Female","Description":"Female label","List":""},{"Key":"FemaleValue","DisplayName":"Female Value","FieldType":"String","DefaultValue":"0","Description":"Female initial value","List":""},{"Key":"FemaleTarget","DisplayName":"Female Target","FieldType":"String","DefaultValue":"0","Description":"Female target value","List":""},{"Key":"FemaleColor","DisplayName":"Female Color","FieldType":"Color","DefaultValue":"#FF1493","Description":"Female water color (CSS color)","List":""},{"Key":"MaleLabel","DisplayName":"Male Label","FieldType":"String","DefaultValue":"Male","Description":"Male label","List":""},{"Key":"MaleValue","DisplayName":"Male Value","FieldType":"String","DefaultValue":"0","Description":"Male initial value","List":""},{"Key":"MaleTarget","DisplayName":"Male Target","FieldType":"String","DefaultValue":"0","Description":"Male target value","List":""},{"Key":"MaleColor","DisplayName":"Male Color","FieldType":"Color","DefaultValue":"#0000FF","Description":"Male water color (CSS color)","List":""},{"Key":"Width","DisplayName":"Width","FieldType":"String","DefaultValue":"100%","Description":"Chart width","List":""},{"Key":"Height","DisplayName":"Height","FieldType":"String","DefaultValue":"400px","Description":"Chart height","List":""},{"Key":"Duration","DisplayName":"Animation Duration (ms)","FieldType":"String","DefaultValue":"5000","Description":"Fill animation duration in milliseconds","List":""},{"Key":"Waves","DisplayName":"Enable Waves","FieldType":"Boolean","DefaultValue":"True","Description":"Enable wave animation after fill","List":""},{"Key":"WaveSpeed","DisplayName":"Wave Speed","FieldType":"String","DefaultValue":"0.09","Description":"Wave flow speed factor","List":""},{"Key":"Autoplay","DisplayName":"Autoplay","FieldType":"Boolean","DefaultValue":"True","Description":"Automatically play animation on load","List":""},{"Key":"Visible","DisplayName":"Visible","FieldType":"Boolean","DefaultValue":"True","Description":"If visible.","List":""},{"Key":"Enabled","DisplayName":"Enabled","FieldType":"Boolean","DefaultValue":"True","Description":"If enabled.","List":""},{"Key":"PositionStyle","DisplayName":"Position Style","FieldType":"String","DefaultValue":"none","Description":"Position","List":"absolute|fixed|none|relative|static|sticky"},{"Key":"Position","DisplayName":"Position Locations","FieldType":"String","DefaultValue":"t=?; b=?; r=?; l=?","Description":"Position Locations","List":""},{"Key":"MarginAXYTBLR","DisplayName":"Margins","FieldType":"String","DefaultValue":"a=?; x=?; y=?; t=?; b=?; l=?; r=?","Description":"Margins A(all)-X(LR)-Y(TB)-T-B-L-R","List":""},{"Key":"PaddingAXYTBLR","DisplayName":"Paddings","FieldType":"String","DefaultValue":"a=?; x=?; y=?; t=?; b=?; l=?; r=?","Description":"Paddings A(all)-X(LR)-Y(TB)-T-B-L-R","List":""},{"Key":"RawClasses","DisplayName":"Classes (;)","FieldType":"String","DefaultValue":"","Description":"Classes added to the HTML tag.","List":""},{"Key":"RawStyles","DisplayName":"Styles (JSON)","FieldType":"String","DefaultValue":"","Description":"Styles added to the HTML tag. Must be a json String use = and ;","List":""},{"Key":"RawAttributes","DisplayName":"Attributes (JSON)","FieldType":"String","DefaultValue":"","Description":"Attributes added to the HTML tag. Must be a json String use = and ;","List":""}],"events":[],"methods":[{"name":"Class_Globals","signature":"Class_Globals"},{"name":"Initialize","signature":"Initialize (Callback As Object, Name As String, EventName As String)"},{"name":"OnEvent","signature":"OnEvent(event As String, MethodName As String)"},{"name":"getID","signature":"getID() As String"},{"name":"SetProperties","signature":"SetProperties(props As Map)"},{"name":"GetProperties","signature":"GetProperties As Map"},{"name":"AddComponent","signature":"AddComponent"},{"name":"Remove","signature":"Remove()"},{"name":"setParentID","signature":"setParentID(s As String)"},{"name":"getParentID","signature":"getParentID As String"},{"name":"getHere","signature":"getHere() As String"},{"name":"DesignerCreateView","signature":"DesignerCreateView (Target As BANanoElement, Props As Map)"},{"name":"setVisible","signature":"setVisible(b As Boolean)"},{"name":"getVisible","signature":"getVisible As Boolean"},{"name":"setEnabled","signature":"setEnabled(b As Boolean)"},{"name":"getEnabled","signature":"getEnabled As Boolean"},{"name":"setPositionStyle","signature":"setPositionStyle(s As String)"},{"name":"getPositionStyle","signature":"getPositionStyle As String"},{"name":"setPosition","signature":"setPosition(s As String)"},{"name":"getPosition","signature":"getPosition As String"},{"name":"setAttributes","signature":"setAttributes(s As String)"},{"name":"setStyles","signature":"setStyles(s As String)"},{"name":"setClasses","signature":"setClasses(s As String)"},{"name":"setPaddingAXYTBLR","signature":"setPaddingAXYTBLR(s As String)"},{"name":"setMarginAXYTBLR","signature":"setMarginAXYTBLR(s As String)"},{"name":"AddClass","signature":"AddClass(className As String)"},{"name":"getAttributes","signature":"getAttributes As String"},{"name":"getStyles","signature":"getStyles As String"},{"name":"getClasses","signature":"getClasses As String"},{"name":"getPaddingAXYTBLR","signature":"getPaddingAXYTBLR As String"},{"name":"getMarginAXYTBLR","signature":"getMarginAXYTBLR As String"},{"name":"setDataType","signature":"setDataType(s As String)"},{"name":"getDataType","signature":"getDataType As String"},{"name":"setFemaleLabel","signature":"setFemaleLabel(s As String)"},{"name":"getFemaleLabel","signature":"getFemaleLabel As String"},{"name":"setMaleLabel","signature":"setMaleLabel(s As String)"},{"name":"getMaleLabel","signature":"getMaleLabel As String"},{"name":"setFemaleValue","signature":"setFemaleValue(s As String)"},{"name":"getFemaleValue","signature":"getFemaleValue As String"},{"name":"setMaleValue","signature":"setMaleValue(s As String)"},{"name":"getMaleValue","signature":"getMaleValue As String"},{"name":"setFemaleTarget","signature":"setFemaleTarget(s As String)"},{"name":"getFemaleTarget","signature":"getFemaleTarget As String"},{"name":"setMaleTarget","signature":"setMaleTarget(s As String)"},{"name":"getMaleTarget","signature":"getMaleTarget As String"},{"name":"setFemaleColor","signature":"setFemaleColor(s As String)"},{"name":"getFemaleColor","signature":"getFemaleColor As String"},{"name":"setMaleColor","signature":"setMaleColor(s As String)"},{"name":"getMaleColor","signature":"getMaleColor As String"},{"name":"setFemaleSvg","signature":"setFemaleSvg(s As String)"},{"name":"getFemaleSvg","signature":"getFemaleSvg As String"},{"name":"setMaleSvg","signature":"setMaleSvg(s As String)"},{"name":"getMaleSvg","signature":"getMaleSvg As String"},{"name":"setHeight","signature":"setHeight(s As String)"},{"name":"getHeight","signature":"getHeight As String"},{"name":"setWidth","signature":"setWidth(s As String)"},{"name":"getWidth","signature":"getWidth As String"},{"name":"setDuration","signature":"setDuration(s As String)"},{"name":"getDuration","signature":"getDuration As String"},{"name":"setWaves","signature":"setWaves(b As Boolean)"},{"name":"getWaves","signature":"getWaves As Boolean"},{"name":"setWaveSpeed","signature":"setWaveSpeed(s As String)"},{"name":"getWaveSpeed","signature":"getWaveSpeed As String"},{"name":"setAutoplay","signature":"setAutoplay(b As Boolean)"},{"name":"getAutoplay","signature":"getAutoplay As Boolean"},{"name":"Start","signature":"Start"},{"name":"Stop","signature":"Stop"}]}