{"properties":[{"Key":"ParentID","DisplayName":"ParentID","FieldType":"String","DefaultValue":"","Description":"The ParentID of this component","List":""},{"Key":"Compact","DisplayName":"Compact","FieldType":"Boolean","DefaultValue":"False","Description":"Compact","List":""},{"Key":"Direction","DisplayName":"Direction","FieldType":"String","DefaultValue":"vertical","Description":"Direction","List":"horizontal|vertical"},{"Key":"SMDirection","DisplayName":"SM Direction","FieldType":"String","DefaultValue":"none","Description":"S m Direction","List":"horizontal|none|vertical"},{"Key":"MDDirection","DisplayName":"MD Direction","FieldType":"String","DefaultValue":"none","Description":"M d Direction","List":"horizontal|none|vertical"},{"Key":"LGDirection","DisplayName":"LG Direction","FieldType":"String","DefaultValue":"none","Description":"L g Direction","List":"horizontal|none|vertical"},{"Key":"XLDirection","DisplayName":"XL Direction","FieldType":"String","DefaultValue":"none","Description":"X l Direction","List":"horizontal|none|vertical"},{"Key":"SnapIcon","DisplayName":"Snap Icon","FieldType":"Boolean","DefaultValue":"False","Description":"Snap Icon","List":""},{"Key":"Visible","DisplayName":"Visible","FieldType":"Boolean","DefaultValue":"True","Description":"If visible.","List":""},{"Key":"Enabled","DisplayName":"Enabled","FieldType":"Boolean","DefaultValue":"True","Description":"If enabled.","List":""},{"Key":"PositionStyle","DisplayName":"Position Style","FieldType":"String","DefaultValue":"none","Description":"Position","List":"absolute|fixed|none|relative|static|sticky"},{"Key":"Position","DisplayName":"Position Locations","FieldType":"String","DefaultValue":"t=?; b=?; r=?; l=?","Description":"Position Locations","List":""},{"Key":"MarginAXYTBLR","DisplayName":"Margins","FieldType":"String","DefaultValue":"a=?; x=?; y=?; t=?; b=?; l=?; r=?","Description":"Margins A(all)-X(LR)-Y(TB)-T-B-L-R","List":""},{"Key":"PaddingAXYTBLR","DisplayName":"Paddings","FieldType":"String","DefaultValue":"a=?; x=?; y=?; t=?; b=?; l=?; r=?","Description":"Paddings A(all)-X(LR)-Y(TB)-T-B-L-R","List":""},{"Key":"RawClasses","DisplayName":"Classes (;)","FieldType":"String","DefaultValue":"","Description":"Classes added to the HTML tag.","List":""},{"Key":"RawStyles","DisplayName":"Styles (JSON)","FieldType":"String","DefaultValue":"","Description":"Styles added to the HTML tag. Must be a json String use = and ;","List":""},{"Key":"RawAttributes","DisplayName":"Attributes (JSON)","FieldType":"String","DefaultValue":"","Description":"Attributes added to the HTML tag. Must be a json String use = and ;","List":""}],"events":[],"methods":[{"name":"Class_Globals","signature":"Class_Globals"},{"name":"Initialize","signature":"Initialize (Callback As Object, Name As String, EventName As String)"},{"name":"getID","signature":"getID() As String"},{"name":"SetProperties","signature":"SetProperties(props As Map)"},{"name":"GetProperties","signature":"GetProperties As Map"},{"name":"AddComponent","signature":"AddComponent"},{"name":"Remove","signature":"Remove()"},{"name":"setParentID","signature":"setParentID(s As String)"},{"name":"getParentID","signature":"getParentID As String"},{"name":"getHere","signature":"getHere() As String"},{"name":"setVisible","signature":"setVisible(b As Boolean)"},{"name":"getVisible","signature":"getVisible As Boolean"},{"name":"setEnabled","signature":"setEnabled(b As Boolean)"},{"name":"getEnabled","signature":"getEnabled As Boolean"},{"name":"setPositionStyle","signature":"setPositionStyle(s As String)"},{"name":"getPositionStyle","signature":"getPositionStyle As String"},{"name":"setPosition","signature":"setPosition(s As String)"},{"name":"getPosition","signature":"getPosition As String"},{"name":"setAttributes","signature":"setAttributes(s As String)"},{"name":"setStyles","signature":"setStyles(s As String)"},{"name":"setClasses","signature":"setClasses(s As String)"},{"name":"setPaddingAXYTBLR","signature":"setPaddingAXYTBLR(s As String)"},{"name":"setMarginAXYTBLR","signature":"setMarginAXYTBLR(s As String)"},{"name":"getAttributes","signature":"getAttributes As String"},{"name":"getStyles","signature":"getStyles As String"},{"name":"getClasses","signature":"getClasses As String"},{"name":"getPaddingAXYTBLR","signature":"getPaddingAXYTBLR As String"},{"name":"getMarginAXYTBLR","signature":"getMarginAXYTBLR As String"},{"name":"DesignerCreateView","signature":"DesignerCreateView (Target As BANanoElement, Props As Map)"},{"name":"Clear","signature":"Clear"},{"name":"setCompact","signature":"setCompact(b As Boolean)"},{"name":"setDirection","signature":"setDirection(s As String)"},{"name":"setLGDirection","signature":"setLGDirection(s As String)"},{"name":"setMDDirection","signature":"setMDDirection(s As String)"},{"name":"setSMDirection","signature":"setSMDirection(s As String)"},{"name":"setSnapIcon","signature":"setSnapIcon(b As Boolean)"},{"name":"setXLDirection","signature":"setXLDirection(s As String)"},{"name":"getCompact","signature":"getCompact As Boolean"},{"name":"getDirection","signature":"getDirection As String"},{"name":"getLGDirection","signature":"getLGDirection As String"},{"name":"getMDDirection","signature":"getMDDirection As String"},{"name":"getSMDirection","signature":"getSMDirection As String"},{"name":"getSnapIcon","signature":"getSnapIcon As Boolean"},{"name":"getXLDirection","signature":"getXLDirection As String"}]}