{"properties":[{"Key":"ParentID","DisplayName":"ParentID","FieldType":"String","DefaultValue":"","Description":"The ParentID of this component","List":""},{"Key":"DeviceType","DisplayName":"Device Type","FieldType":"String","DefaultValue":"iphone-8","Description":"Device Type","List":"apple-watch-s8|apple-watch-ultra|galaxy-s8|google-pixel|google-pixel-2-xl|google-pixel-6-pro|homepod|imac|imac-pro|ipad-pro|ipad-pro-2017|iphone-14|iphone-14-pro|iphone-8|iphone-x|macbook|macbook-pro|macbook-pro-2018|pro-display-xdr|surface-book|surface-pro-2017|surface-studio|the-iphone"},{"Key":"Text","DisplayName":"Text","FieldType":"String","DefaultValue":"Text","Description":"Text","List":""},{"Key":"Height","DisplayName":"Height","FieldType":"String","DefaultValue":"","Description":"Height","List":""},{"Key":"Width","DisplayName":"Width","FieldType":"String","DefaultValue":"","Description":"Width","List":""},{"Key":"Visible","DisplayName":"Visible","FieldType":"Boolean","DefaultValue":"True","Description":"If visible.","List":""},{"Key":"Enabled","DisplayName":"Enabled","FieldType":"Boolean","DefaultValue":"True","Description":"If enabled.","List":""},{"Key":"PositionStyle","DisplayName":"Position Style","FieldType":"String","DefaultValue":"none","Description":"Position","List":"absolute|fixed|none|relative|static|sticky"},{"Key":"Position","DisplayName":"Position Locations","FieldType":"String","DefaultValue":"t=?; b=?; r=?; l=?","Description":"Position Locations","List":""},{"Key":"MarginAXYTBLR","DisplayName":"Margins","FieldType":"String","DefaultValue":"a=?; x=?; y=?; t=?; b=?; l=?; r=?","Description":"Margins A(all)-X(LR)-Y(TB)-T-B-L-R","List":""},{"Key":"PaddingAXYTBLR","DisplayName":"Paddings","FieldType":"String","DefaultValue":"a=?; x=?; y=?; t=?; b=?; l=?; r=?","Description":"Paddings A(all)-X(LR)-Y(TB)-T-B-L-R","List":""},{"Key":"RawClasses","DisplayName":"Classes (;)","FieldType":"String","DefaultValue":"","Description":"Classes added to the HTML tag.","List":""},{"Key":"RawStyles","DisplayName":"Styles (JSON)","FieldType":"String","DefaultValue":"","Description":"Styles added to the HTML tag. Must be a json String use = and ;","List":""},{"Key":"RawAttributes","DisplayName":"Attributes (JSON)","FieldType":"String","DefaultValue":"","Description":"Attributes added to the HTML tag. Must be a json String use = and ;","List":""}],"events":[],"methods":[{"name":"Class_Globals","signature":"Class_Globals"},{"name":"Initialize","signature":"Initialize (Callback As Object, Name As String, EventName As String)"},{"name":"getID","signature":"getID() As String"},{"name":"SetProperties","signature":"SetProperties(props As Map)"},{"name":"GetProperties","signature":"GetProperties As Map"},{"name":"AddComponent","signature":"AddComponent"},{"name":"Remove","signature":"Remove()"},{"name":"setParentID","signature":"setParentID(s As String)"},{"name":"getParentID","signature":"getParentID As String"},{"name":"getHere","signature":"getHere() As String"},{"name":"setVisible","signature":"setVisible(b As Boolean)"},{"name":"getVisible","signature":"getVisible As Boolean"},{"name":"setEnabled","signature":"setEnabled(b As Boolean)"},{"name":"getEnabled","signature":"getEnabled As Boolean"},{"name":"OnEvent","signature":"OnEvent(event As String, methodName As String)"},{"name":"setPositionStyle","signature":"setPositionStyle(s As String)"},{"name":"getPositionStyle","signature":"getPositionStyle As String"},{"name":"setPosition","signature":"setPosition(s As String)"},{"name":"getPosition","signature":"getPosition As String"},{"name":"setAttributes","signature":"setAttributes(s As String)"},{"name":"setStyles","signature":"setStyles(s As String)"},{"name":"setClasses","signature":"setClasses(s As String)"},{"name":"setPaddingAXYTBLR","signature":"setPaddingAXYTBLR(s As String)"},{"name":"setMarginAXYTBLR","signature":"setMarginAXYTBLR(s As String)"},{"name":"getAttributes","signature":"getAttributes As String"},{"name":"getStyles","signature":"getStyles As String"},{"name":"getClasses","signature":"getClasses As String"},{"name":"getPaddingAXYTBLR","signature":"getPaddingAXYTBLR As String"},{"name":"getMarginAXYTBLR","signature":"getMarginAXYTBLR As String"},{"name":"setText\t\t\t\t\t'ignore","signature":"setText(s As String)\t\t\t\t\t'ignore"},{"name":"Clear","signature":"Clear"},{"name":"getContentID","signature":"getContentID As String"},{"name":"getText","signature":"getText As String"},{"name":"DesignerCreateView","signature":"DesignerCreateView (Target As BANanoElement, Props As Map)"},{"name":"setDeviceType\t\t\t\t\t\t","signature":"setDeviceType(s As String)\t\t\t\t\t\t"},{"name":"setHeight","signature":"setHeight(s As String)"},{"name":"setWidth","signature":"setWidth(s As String)"},{"name":"getDeviceType","signature":"getDeviceType As String"},{"name":"getHeight","signature":"getHeight As String"},{"name":"getWidth","signature":"getWidth As String"}]}