{"properties":[{"Key":"ReadMe","DisplayName":"ReadMe","FieldType":"String","DefaultValue":"Child Item _content","Description":"Child Item _content","List":""},{"Key":"ParentID","DisplayName":"ParentID","FieldType":"String","DefaultValue":"","Description":"The ParentID of this component","List":""},{"Key":"BackgroundColor","DisplayName":"Background Color","FieldType":"String","DefaultValue":"","Description":"Background Color","List":""},{"Key":"TextColor","DisplayName":"Text Color","FieldType":"String","DefaultValue":"","Description":"Text Color","List":""},{"Key":"BackgroundImage","DisplayName":"Background Image","FieldType":"String","DefaultValue":"","Description":"Background Image","List":""},{"Key":"Overlay","DisplayName":"Overlay","FieldType":"Boolean","DefaultValue":"False","Description":"Overlay","List":""},{"Key":"Rounded","DisplayName":"Rounded","FieldType":"String","DefaultValue":"none","Description":"Rounded","List":"0|2xl|3xl|full|lg|md|none|rounded|sm|xl"},{"Key":"Shadow","DisplayName":"Shadow","FieldType":"String","DefaultValue":"none","Description":"Shadow","List":"2xl|inner|lg|md|none|shadow|sm|xl"},{"Key":"ContentTextAlign","DisplayName":"Text Align","FieldType":"String","DefaultValue":"","Description":"Content Text Align","List":"center|end|justify|left|none|right|start"},{"Key":"ContentFlexDirection","DisplayName":"Flex Direction","FieldType":"String","DefaultValue":"flex-col","Description":"Content Flex Direction","List":"flex-col|flex-col-reverse|flex-row|flex-row-reverse"},{"Key":"SmContentFlexDirection","DisplayName":"SM Flex Direction","FieldType":"String","DefaultValue":"none","Description":"SM Content Flex Direction","List":"flex-col|flex-col-reverse|flex-row|flex-row-reverse"},{"Key":"MdContentFlexDirection","DisplayName":"MD Flex Direction","FieldType":"String","DefaultValue":"none","Description":"MD Content Flex Direction","List":"flex-col|flex-col-reverse|flex-row|flex-row-reverse"},{"Key":"LgContentFlexDirection","DisplayName":"LG Flex Direction","FieldType":"String","DefaultValue":"flex-row","Description":"LG Content Flex Direction","List":"flex-col|flex-col-reverse|flex-row|flex-row-reverse"},{"Key":"XlContentFlexDirection","DisplayName":"XL Flex Direction","FieldType":"String","DefaultValue":"none","Description":"XL Content Flex Direction","List":"flex-col|flex-col-reverse|flex-row|flex-row-reverse"},{"Key":"XxlContentFlexDirection","DisplayName":"XXL Flex Direction","FieldType":"String","DefaultValue":"none","Description":"XXL Content Flex Direction","List":"flex-col|flex-col-reverse|flex-row|flex-row-reverse"},{"Key":"MinHeight","DisplayName":"Min Height","FieldType":"String","DefaultValue":"56","Description":"Min Height","List":""},{"Key":"Height","DisplayName":"Height","FieldType":"String","DefaultValue":"","Description":"Height","List":""},{"Key":"MinWidth","DisplayName":"Min Width","FieldType":"String","DefaultValue":"","Description":"Min Width","List":""},{"Key":"Width","DisplayName":"Width","FieldType":"String","DefaultValue":"","Description":"Width","List":""},{"Key":"RawContentAttributes","DisplayName":"Content Attributes","FieldType":"String","DefaultValue":"","Description":"Content Attributes","List":""},{"Key":"RawContentClass","DisplayName":"Content Class","FieldType":"String","DefaultValue":"","Description":"Content Class","List":""},{"Key":"RawContentStyle","DisplayName":"Content Style","FieldType":"String","DefaultValue":"","Description":"Content Style","List":""},{"Key":"Visible","DisplayName":"Visible","FieldType":"Boolean","DefaultValue":"True","Description":"If visible.","List":""},{"Key":"Enabled","DisplayName":"Enabled","FieldType":"Boolean","DefaultValue":"True","Description":"If enabled.","List":""},{"Key":"PositionStyle","DisplayName":"Position Style","FieldType":"String","DefaultValue":"none","Description":"Position","List":"absolute|fixed|none|relative|static|sticky"},{"Key":"Position","DisplayName":"Position Locations","FieldType":"String","DefaultValue":"t=?; b=?; r=?; l=?","Description":"Position Locations","List":""},{"Key":"MarginAXYTBLR","DisplayName":"Margins","FieldType":"String","DefaultValue":"a=?; x=?; y=?; t=?; b=?; l=?; r=?","Description":"Margins A(all)-X(LR)-Y(TB)-T-B-L-R","List":""},{"Key":"PaddingAXYTBLR","DisplayName":"Paddings","FieldType":"String","DefaultValue":"a=?; x=?; y=?; t=?; b=?; l=?; r=?","Description":"Paddings A(all)-X(LR)-Y(TB)-T-B-L-R","List":""},{"Key":"RawClasses","DisplayName":"Classes (;)","FieldType":"String","DefaultValue":"","Description":"Classes added to the HTML tag.","List":""},{"Key":"RawStyles","DisplayName":"Styles (JSON)","FieldType":"String","DefaultValue":"","Description":"Styles added to the HTML tag. Must be a json String use = and ;","List":""},{"Key":"RawAttributes","DisplayName":"Attributes (JSON)","FieldType":"String","DefaultValue":"","Description":"Attributes added to the HTML tag. Must be a json String use = and ;","List":""}],"events":[],"methods":[{"name":"Class_Globals","signature":"Class_Globals"},{"name":"Initialize","signature":"Initialize (Callback As Object, Name As String, EventName As String)"},{"name":"getID","signature":"getID() As String"},{"name":"SetProperties","signature":"SetProperties(props As Map)"},{"name":"GetProperties","signature":"GetProperties As Map"},{"name":"AddComponent","signature":"AddComponent"},{"name":"Remove","signature":"Remove()"},{"name":"setParentID","signature":"setParentID(s As String)"},{"name":"getParentID","signature":"getParentID As String"},{"name":"getHere","signature":"getHere() As String"},{"name":"setVisible","signature":"setVisible(b As Boolean)"},{"name":"getVisible","signature":"getVisible As Boolean"},{"name":"setEnabled","signature":"setEnabled(b As Boolean)"},{"name":"getEnabled","signature":"getEnabled As Boolean"},{"name":"setPositionStyle","signature":"setPositionStyle(s As String)"},{"name":"getPositionStyle","signature":"getPositionStyle As String"},{"name":"setPosition","signature":"setPosition(s As String)"},{"name":"getPosition","signature":"getPosition As String"},{"name":"setAttributes","signature":"setAttributes(s As String)"},{"name":"setStyles","signature":"setStyles(s As String)"},{"name":"setClasses","signature":"setClasses(s As String)"},{"name":"setPaddingAXYTBLR","signature":"setPaddingAXYTBLR(s As String)"},{"name":"setMarginAXYTBLR","signature":"setMarginAXYTBLR(s As String)"},{"name":"getAttributes","signature":"getAttributes As String"},{"name":"getStyles","signature":"getStyles As String"},{"name":"getClasses","signature":"getClasses As String"},{"name":"getPaddingAXYTBLR","signature":"getPaddingAXYTBLR As String"},{"name":"getMarginAXYTBLR","signature":"getMarginAXYTBLR As String"},{"name":"DesignerCreateView","signature":"DesignerCreateView (Target As BANanoElement, Props As Map)"},{"name":"setBackgroundColor","signature":"setBackgroundColor(s As String)"},{"name":"setBackgroundImage","signature":"setBackgroundImage(s As String)"},{"name":"setContentFlexDirection\t\t\t","signature":"setContentFlexDirection(s As String)\t\t\t"},{"name":"setContentTextAlign\t\t\t","signature":"setContentTextAlign(s As String)\t\t\t"},{"name":"setHeight","signature":"setHeight(s As String)"},{"name":"setLgContentFlexDirection\t\t\t","signature":"setLgContentFlexDirection(s As String)\t\t\t"},{"name":"setMdContentFlexDirection\t\t\t","signature":"setMdContentFlexDirection(s As String)\t\t\t"},{"name":"setMinHeight","signature":"setMinHeight(s As String)"},{"name":"setMinWidth","signature":"setMinWidth(s As String)"},{"name":"setOverlay\t\t\t","signature":"setOverlay(b As Boolean)\t\t\t"},{"name":"setContentAttributes\t\t\t\t","signature":"setContentAttributes(s As String)\t\t\t\t"},{"name":"setContentClass\t\t\t","signature":"setContentClass(s As String)\t\t\t"},{"name":"setContentStyle\t\t\t","signature":"setContentStyle(s As String)\t\t\t"},{"name":"setSmContentFlexDirection\t\t\t","signature":"setSmContentFlexDirection(s As String)\t\t\t"},{"name":"setTextColor","signature":"setTextColor(s As String)"},{"name":"setWidth","signature":"setWidth(s As String)"},{"name":"setXlContentFlexDirection\t\t\t","signature":"setXlContentFlexDirection(s As String)\t\t\t"},{"name":"setXxlContentFlexDirection\t\t\t","signature":"setXxlContentFlexDirection(s As String)\t\t\t"},{"name":"getBackgroundColor","signature":"getBackgroundColor As String"},{"name":"getBackgroundImage","signature":"getBackgroundImage As String"},{"name":"getContentFlexDirection","signature":"getContentFlexDirection As String"},{"name":"getContentTextAlign","signature":"getContentTextAlign As String"},{"name":"getHeight","signature":"getHeight As String"},{"name":"getLgContentFlexDirection","signature":"getLgContentFlexDirection As String"},{"name":"getMdContentFlexDirection","signature":"getMdContentFlexDirection As String"},{"name":"getMinHeight","signature":"getMinHeight As String"},{"name":"getMinWidth","signature":"getMinWidth As String"},{"name":"getOverlay","signature":"getOverlay As Boolean"},{"name":"getContentAttributes","signature":"getContentAttributes As String"},{"name":"getContentClass","signature":"getContentClass As String"},{"name":"getContentStyle","signature":"getContentStyle As String"},{"name":"getSmContentFlexDirection","signature":"getSmContentFlexDirection As String"},{"name":"getTextColor","signature":"getTextColor As String"},{"name":"getWidth","signature":"getWidth As String"},{"name":"getXlContentFlexDirection","signature":"getXlContentFlexDirection As String"},{"name":"getXxlContentFlexDirection","signature":"getXxlContentFlexDirection As String"},{"name":"setRounded","signature":"setRounded(s As String)"},{"name":"setShadow","signature":"setShadow(s As String)"},{"name":"getRounded","signature":"getRounded As String"},{"name":"getShadow","signature":"getShadow As String"}]}