{"properties":[{"Key":"ParentID","DisplayName":"ParentID","FieldType":"String","DefaultValue":"","Description":"The ParentID of this component","List":""},{"Key":"Text","DisplayName":"Text","FieldType":"String","DefaultValue":"","Description":"Text","List":""},{"Key":"TextColor","DisplayName":"Text Color","FieldType":"String","DefaultValue":"","Description":"Text Color","List":""},{"Key":"BackgroundColor","DisplayName":"Background Color","FieldType":"String","DefaultValue":"","Description":"Background Color","List":""},{"Key":"BackgroundImage","DisplayName":"Background Image","FieldType":"String","DefaultValue":"","Description":"Background Image","List":""},{"Key":"Container","DisplayName":"Container","FieldType":"Boolean","DefaultValue":"True","Description":"Container","List":""},{"Key":"PageView","DisplayName":"Page View","FieldType":"Boolean","DefaultValue":"False","Description":"Page View","List":""},{"Key":"ContainerFluid","DisplayName":"Container Fluid","FieldType":"Boolean","DefaultValue":"False","Description":"Container Fluid","List":""},{"Key":"ContainerSm","DisplayName":"SM Container","FieldType":"Boolean","DefaultValue":"False","Description":"SM Container","List":""},{"Key":"ContainerMd","DisplayName":"MD Container","FieldType":"Boolean","DefaultValue":"False","Description":"MD Container","List":""},{"Key":"ContainerLg","DisplayName":"LG Container","FieldType":"Boolean","DefaultValue":"False","Description":"LG Container","List":""},{"Key":"ContainerXl","DisplayName":"XL Container","FieldType":"Boolean","DefaultValue":"False","Description":"XL Container","List":""},{"Key":"ContainerXxl","DisplayName":"XXL Container","FieldType":"Boolean","DefaultValue":"False","Description":"XXL Container","List":""},{"Key":"Rounded","DisplayName":"Rounded","FieldType":"String","DefaultValue":"none","Description":"Rounded","List":"none|rounded|2xl|3xl|full|lg|md|sm|xl|0"},{"Key":"Shadow","DisplayName":"Shadow","FieldType":"String","DefaultValue":"none","Description":"Shadow","List":"2xl|inner|lg|md|none|shadow|sm|xl"},{"Key":"CenterChildren","DisplayName":"Center Children","FieldType":"Boolean","DefaultValue":"False","Description":"Center Children","List":""},{"Key":"Height","DisplayName":"Height","FieldType":"String","DefaultValue":"","Description":"Height","List":""},{"Key":"Width","DisplayName":"Width","FieldType":"String","DefaultValue":"","Description":"Width","List":""},{"Key":"MaxHeight","DisplayName":"Max Height","FieldType":"String","DefaultValue":"","Description":"Max Height","List":""},{"Key":"MaxWidth","DisplayName":"Max Width","FieldType":"String","DefaultValue":"","Description":"Max Width","List":""},{"Key":"MinHeight","DisplayName":"Min Height","FieldType":"String","DefaultValue":"","Description":"Min Height","List":""},{"Key":"MinWidth","DisplayName":"Min Width","FieldType":"String","DefaultValue":"","Description":"Min Width","List":""},{"Key":"TextAlign","DisplayName":"Text Align","FieldType":"String","DefaultValue":"none","Description":"Text Align","List":"center|end|justify|left|none|right|start"},{"Key":"Visible","DisplayName":"Visible","FieldType":"Boolean","DefaultValue":"True","Description":"If visible.","List":""},{"Key":"GradientActive","DisplayName":"GradientActive","FieldType":"Boolean","DefaultValue":"false","Description":"Gradient should be set","List":""},{"Key":"Gradient","DisplayName":"Gradient","FieldType":"String","DefaultValue":"","Description":"Gradient","List":"bl_tr|bottom_top|br_tl|left_right|right_left|tl_br|top_bottom|tr_bl"},{"Key":"GradientColor1","DisplayName":"GradientColor1","FieldType":"Color","DefaultValue":"#f86194","Gradient Color 1.":"Gradient Color 1.","List":""},{"Key":"GradientColor2","DisplayName":"GradientColor2","FieldType":"Color","DefaultValue":"#968918","Gradient Color 2.":"Gradient Color 2.","List":""},{"Key":"Enabled","DisplayName":"Enabled","FieldType":"Boolean","DefaultValue":"True","Description":"If enabled.","List":""},{"Key":"PositionStyle","DisplayName":"Position Style","FieldType":"String","DefaultValue":"none","Description":"Position","List":"absolute|fixed|none|relative|static|sticky"},{"Key":"Position","DisplayName":"Position Locations","FieldType":"String","DefaultValue":"t=?; b=?; r=?; l=?","Description":"Position Locations","List":""},{"Key":"RawBorderColor","DisplayName":"Border Colors","FieldType":"String","DefaultValue":"a=?; t=?; r=?; b=?; l=?; tl=?; tr=?; bl=?; br=?; x=?; y=?","Description":"Border Colors","List":""},{"Key":"RawBorderStyle","DisplayName":"Border Styles","FieldType":"String","DefaultValue":"a=?; t=?; r=?; b=?; l=?; tl=?; tr=?; bl=?; br=?; x=?; y=?","Description":"Border Styles","List":""},{"Key":"RawBorderWidth","DisplayName":"Border Widths","FieldType":"String","DefaultValue":"a=?; t=?; r=?; b=?; l=?; tl=?; tr=?; bl=?; br=?; x=?; y=?","Description":"Border Widths","List":""},{"Key":"RawBorderRadius","DisplayName":"Border Radius","FieldType":"String","DefaultValue":"a=?; t=?; r=?; b=?; l=?; tl=?; tr=?; bl=?; br=?; x=?; y=?","Description":"Border Radius","List":""},{"Key":"MarginAXYTBLR","DisplayName":"Margins","FieldType":"String","DefaultValue":"a=?; x=?; y=?; t=?; b=?; l=?; r=?","Description":"Margins A(all)-X(LR)-Y(TB)-T-B-L-R","List":""},{"Key":"PaddingAXYTBLR","DisplayName":"Paddings","FieldType":"String","DefaultValue":"a=?; x=?; y=?; t=?; b=?; l=?; r=?","Description":"Paddings A(all)-X(LR)-Y(TB)-T-B-L-R","List":""},{"Key":"RawClasses","DisplayName":"Classes (;)","FieldType":"String","DefaultValue":"","Description":"Classes added to the HTML tag.","List":""},{"Key":"RawStyles","DisplayName":"Styles (JSON)","FieldType":"String","DefaultValue":"","Description":"Styles added to the HTML tag. Must be a json String use = and ;","List":""},{"Key":"RawAttributes","DisplayName":"Attributes (JSON)","FieldType":"String","DefaultValue":"","Description":"Attributes added to the HTML tag. Must be a json String use = and ;","List":""}],"events":[],"methods":[{"name":"Class_Globals","signature":"Class_Globals"},{"name":"Initialize","signature":"Initialize (Callback As Object, Name As String, EventName As String)"},{"name":"getID","signature":"getID() As String"},{"name":"SetProperties","signature":"SetProperties(props As Map)"},{"name":"GetProperties","signature":"GetProperties As Map"},{"name":"AddComponent","signature":"AddComponent"},{"name":"Remove","signature":"Remove()"},{"name":"setParentID","signature":"setParentID(s As String)"},{"name":"getParentID","signature":"getParentID As String"},{"name":"getHere","signature":"getHere() As String"},{"name":"setVisible","signature":"setVisible(b As Boolean)"},{"name":"getVisible","signature":"getVisible As Boolean"},{"name":"setEnabled","signature":"setEnabled(b As Boolean)"},{"name":"getEnabled","signature":"getEnabled As Boolean"},{"name":"setPositionStyle","signature":"setPositionStyle(s As String)"},{"name":"getPositionStyle","signature":"getPositionStyle As String"},{"name":"setPosition","signature":"setPosition(s As String)"},{"name":"getPosition","signature":"getPosition As String"},{"name":"setAttributes","signature":"setAttributes(s As String)"},{"name":"setStyles","signature":"setStyles(s As String)"},{"name":"setClasses","signature":"setClasses(s As String)"},{"name":"setPaddingAXYTBLR","signature":"setPaddingAXYTBLR(s As String)"},{"name":"setMarginAXYTBLR","signature":"setMarginAXYTBLR(s As String)"},{"name":"getAttributes","signature":"getAttributes As String"},{"name":"getStyles","signature":"getStyles As String"},{"name":"getClasses","signature":"getClasses As String"},{"name":"getPaddingAXYTBLR","signature":"getPaddingAXYTBLR As String"},{"name":"getMarginAXYTBLR","signature":"getMarginAXYTBLR As String"},{"name":"setText","signature":"setText(text As String)"},{"name":"getText","signature":"getText As String"},{"name":"DesignerCreateView","signature":"DesignerCreateView (Target As BANanoElement, Props As Map)"},{"name":"setPageView","signature":"setPageView(b As Boolean)"},{"name":"getPageView","signature":"getPageView As Boolean"},{"name":"setBackgroundImage","signature":"setBackgroundImage(s As String)"},{"name":"getBackgroundImage","signature":"getBackgroundImage As String"},{"name":"setCenterChildren","signature":"setCenterChildren(b As Boolean)"},{"name":"getCenterChildren","signature":"getCenterChildren As Boolean"},{"name":"setBackgroundColor","signature":"setBackgroundColor(s As String)"},{"name":"setContainerFluid","signature":"setContainerFluid(b As Boolean)"},{"name":"setContainerLg","signature":"setContainerLg(b As Boolean)"},{"name":"setContainerMd","signature":"setContainerMd(b As Boolean)"},{"name":"setContainerSm","signature":"setContainerSm(b As Boolean)"},{"name":"setContainerXl","signature":"setContainerXl(b As Boolean)"},{"name":"setContainerXxl","signature":"setContainerXxl(b As Boolean)"},{"name":"setHeight","signature":"setHeight(s As String)"},{"name":"setTextColor","signature":"setTextColor(s As String)"},{"name":"setWidth","signature":"setWidth(s As String)"},{"name":"getBackgroundColor","signature":"getBackgroundColor As String"},{"name":"getContainerFluid","signature":"getContainerFluid As Boolean"},{"name":"getContainerLg","signature":"getContainerLg As Boolean"},{"name":"getContainerMd","signature":"getContainerMd As Boolean"},{"name":"getContainerSm","signature":"getContainerSm As Boolean"},{"name":"getContainerXl","signature":"getContainerXl As Boolean"},{"name":"getContainerXxl","signature":"getContainerXxl As Boolean"},{"name":"getHeight","signature":"getHeight As String"},{"name":"getTextColor","signature":"getTextColor As String"},{"name":"getWidth","signature":"getWidth As String"},{"name":"setBorderColor","signature":"setBorderColor(s As String)"},{"name":"getBorderColor","signature":"getBorderColor As String"},{"name":"setBorderStyle","signature":"setBorderStyle(s As String)"},{"name":"getBorderStyle","signature":"getBorderStyle As String"},{"name":"setBorderWidth","signature":"setBorderWidth(s As String)"},{"name":"getBorderWidth","signature":"getBorderWidth As String"},{"name":"setBorderRadius","signature":"setBorderRadius(s As String)"},{"name":"getBorderRadius","signature":"getBorderRadius As String"},{"name":"setRounded","signature":"setRounded(s As String)"},{"name":"setShadow","signature":"setShadow(s As String)"},{"name":"getRounded","signature":"getRounded As String"},{"name":"getShadow","signature":"getShadow As String"},{"name":"setTextAlign","signature":"setTextAlign(s As String)"},{"name":"getTextAlign","signature":"getTextAlign As String"},{"name":"BuildGrid","signature":"BuildGrid"},{"name":"NextRow","signature":"NextRow As Int"},{"name":"ThisRow","signature":"ThisRow As Int"},{"name":"Row","signature":"Row(r As Int) As SDUI5Container"},{"name":"LinkExisting","signature":"LinkExisting()"},{"name":"RowID","signature":"RowID(r As Int) As String"},{"name":"CellID","signature":"CellID(r As Int, c As Int) As String"},{"name":"Cell","signature":"Cell(r As Int, c As Int) As SDUI5Container"},{"name":"AddRows1","signature":"AddRows1 As SDUI5Container"},{"name":"AddRows2","signature":"AddRows2 As SDUI5Container"},{"name":"AddRows3","signature":"AddRows3 As SDUI5Container"},{"name":"AddRows4","signature":"AddRows4 As SDUI5Container"},{"name":"AddRows5","signature":"AddRows5 As SDUI5Container"},{"name":"AddRows6","signature":"AddRows6 As SDUI5Container"},{"name":"AddRows7","signature":"AddRows7 As SDUI5Container"},{"name":"AddRows8","signature":"AddRows8 As SDUI5Container"},{"name":"AddRows9","signature":"AddRows9 As SDUI5Container"},{"name":"AddRows10","signature":"AddRows10 As SDUI5Container"},{"name":"AddRows11","signature":"AddRows11 As SDUI5Container"},{"name":"AddRows12","signature":"AddRows12 As SDUI5Container"},{"name":"AddRows","signature":"AddRows(iRows As Int) As SDUI5Container"},{"name":"AddColumns","signature":"AddColumns(iColumns As Int, gxs As Int, gsm As Int, gmd As Int, glg As Int, gxl As Int) As SDUI5Container"},{"name":"AddColumnsOS","signature":"AddColumnsOS(iColumns As Int, osxs As Int, osm As Int, omd As Int, olg As Int, oxl As Int, gxs As Int, gsm As Int, gmd As Int, glg As Int, gxl As Int) As SDUI5Container"},{"name":"AddColumnsOSMP","signature":"AddColumnsOSMP(iColumns As Int, osm As Int, omd As Int, olg As Int, oxl As Int, gsm As Int, gmd As Int, glg As Int, gxl As Int, gpa As Int, gpx As Int, gpy As Int, gpt As Int, gpb As Int, gpl As Int, gpr As Int, _"},{"name":"AddColumns3x4","signature":"AddColumns3x4 As SDUI5Container"},{"name":"AddColumns4x3","signature":"AddColumns4x3 As SDUI5Container"},{"name":"AddColumns2x6","signature":"AddColumns2x6 As SDUI5Container"},{"name":"AddColumns6x2","signature":"AddColumns6x2 As SDUI5Container"},{"name":"AddColumns5x2","signature":"AddColumns5x2 As SDUI5Container"},{"name":"AddColumns3x2","signature":"AddColumns3x2 As SDUI5Container"},{"name":"AddColumns11x1","signature":"AddColumns11x1 As SDUI5Container"},{"name":"AddColumns10x1","signature":"AddColumns10x1 As SDUI5Container"},{"name":"AddColumns9x1","signature":"AddColumns9x1 As SDUI5Container"},{"name":"AddColumns8x1","signature":"AddColumns8x1 As SDUI5Container"},{"name":"AddColumns7x1","signature":"AddColumns7x1 As SDUI5Container"},{"name":"AddColumns12x1","signature":"AddColumns12x1 As SDUI5Container"},{"name":"AddColumns8p4","signature":"AddColumns8p4 As SDUI5Container"},{"name":"AddColumns4p8","signature":"AddColumns4p8 As SDUI5Container"},{"name":"AddColumns1p11","signature":"AddColumns1p11 As SDUI5Container"},{"name":"AddColumns11p1","signature":"AddColumns11p1 As SDUI5Container"},{"name":"AddColumns2p10","signature":"AddColumns2p10 As SDUI5Container"},{"name":"AddColumns10p2","signature":"AddColumns10p2 As SDUI5Container"},{"name":"AddColumns3p9","signature":"AddColumns3p9 As SDUI5Container"},{"name":"AddColumns9p3","signature":"AddColumns9p3 As SDUI5Container"},{"name":"AddColumns3p6p3","signature":"AddColumns3p6p3 As SDUI5Container"},{"name":"AddColumns6p3p3","signature":"AddColumns6p3p3 As SDUI5Container"},{"name":"AddColumns7p5","signature":"AddColumns7p5 As SDUI5Container"},{"name":"AddColumns5p7","signature":"AddColumns5p7 As SDUI5Container"},{"name":"AddColumns12","signature":"AddColumns12 As SDUI5Container"},{"name":"AddColumns6","signature":"AddColumns6 As SDUI5Container"},{"name":"AddColumns2","signature":"AddColumns2 As SDUI5Container"},{"name":"AddColumns1","signature":"AddColumns1 As SDUI5Container"},{"name":"AddColumns3","signature":"AddColumns3 As SDUI5Container"},{"name":"AddColumns4","signature":"AddColumns4 As SDUI5Container"},{"name":"AddColumns5","signature":"AddColumns5 As SDUI5Container"},{"name":"AddColumns7","signature":"AddColumns7 As SDUI5Container"},{"name":"AddColumns8","signature":"AddColumns8 As SDUI5Container"},{"name":"AddColumns9","signature":"AddColumns9 As SDUI5Container"},{"name":"AddColumns10","signature":"AddColumns10 As SDUI5Container"},{"name":"AddColumns11","signature":"AddColumns11 As SDUI5Container"},{"name":"setMaxHeight","signature":"setMaxHeight(s As String)"},{"name":"setMaxWidth","signature":"setMaxWidth(s As String)"},{"name":"setMinHeight","signature":"setMinHeight(s As String)"},{"name":"setMinWidth","signature":"setMinWidth(s As String)"},{"name":"getMaxHeight","signature":"getMaxHeight As String"},{"name":"getMaxWidth","signature":"getMaxWidth As String"},{"name":"getMinHeight","signature":"getMinHeight As String"},{"name":"getMinWidth","signature":"getMinWidth As String"},{"name":"setContainer","signature":"setContainer(b As Boolean)"},{"name":"getContainer","signature":"getContainer As Boolean"},{"name":"CellHere","signature":"CellHere(r As Int, c As Int) As String"},{"name":"Clear","signature":"Clear"},{"name":"Append","signature":"Append(s As String)"},{"name":"RemoveClass","signature":"RemoveClass(s As String)"},{"name":"AddClass","signature":"AddClass(s As String)"},{"name":"AddStyle","signature":"AddStyle(k As String, v As String)"},{"name":"AddAttribute","signature":"AddAttribute(k As String, v As String)"}]}