{"properties":[{"Key":"ParentID","DisplayName":"ParentID","FieldType":"String","DefaultValue":"","Description":"The ParentID of this component","List":""},{"Key":"Url","DisplayName":"Url","FieldType":"String","DefaultValue":"./assets/upload.php","Description":"Url","List":""},{"Key":"ParamName","DisplayName":"Param Name","FieldType":"String","DefaultValue":"upload","Description":"Param Name","List":""},{"Key":"AutoProcessQueue","DisplayName":"Auto Process Queue","FieldType":"Boolean","DefaultValue":"True","Description":"Auto Process Queue","List":""},{"Key":"UploadMultiple","DisplayName":"Upload Multiple","FieldType":"Boolean","DefaultValue":"False","Description":"Upload Multiple","List":""},{"Key":"AcceptedFiles","DisplayName":"Accepted Files","FieldType":"String","DefaultValue":"","Description":"Accepted Files (image/*","application/pdf)":"application/pdf)","List":""},{"Key":"AddRemoveLinks","DisplayName":"Add Remove Links","FieldType":"Boolean","DefaultValue":"True","Description":"Add Remove Links","List":""},{"Key":"Capture","DisplayName":"Capture","FieldType":"String","DefaultValue":"","Description":"Capture (image/* or audio/* or video/*)","List":"camcorder|camera|microphone"},{"Key":"DisablePreviews","DisplayName":"Disable Previews","FieldType":"Boolean","DefaultValue":"False","Description":"Disable Previews","List":""},{"Key":"Height","DisplayName":"Height","FieldType":"String","DefaultValue":"500px","Description":"Height","List":""},{"Key":"Width","DisplayName":"Width","FieldType":"String","DefaultValue":"500px","Description":"Width","List":""},{"Key":"MaxFilesize","DisplayName":"Max Filesize","FieldType":"Int","DefaultValue":"2","Description":"Max Filesize","List":""},{"Key":"ParallelUploads","DisplayName":"Parallel Uploads","FieldType":"Int","DefaultValue":"2","Description":"Parallel Uploads","List":""},{"Key":"RoundedBox","DisplayName":"Rounded Box","FieldType":"Boolean","DefaultValue":"False","Description":"Rounded Box","List":""},{"Key":"Shadow","DisplayName":"Shadow","FieldType":"String","DefaultValue":"none","Description":"Shadow","List":"2xl|inner|lg|md|none|shadow|sm|xl"},{"Key":"Visible","DisplayName":"Visible","FieldType":"Boolean","DefaultValue":"True","Description":"If visible.","List":""},{"Key":"Enabled","DisplayName":"Enabled","FieldType":"Boolean","DefaultValue":"True","Description":"If enabled.","List":""},{"Key":"PositionStyle","DisplayName":"Position Style","FieldType":"String","DefaultValue":"none","Description":"Position","List":"absolute|fixed|none|relative|static|sticky"},{"Key":"Position","DisplayName":"Position Locations","FieldType":"String","DefaultValue":"t=?; b=?; r=?; l=?","Description":"Position Locations","List":""},{"Key":"MarginAXYTBLR","DisplayName":"Margins","FieldType":"String","DefaultValue":"a=?; x=?; y=?; t=?; b=?; l=?; r=?","Description":"Margins A(all)-X(LR)-Y(TB)-T-B-L-R","List":""},{"Key":"PaddingAXYTBLR","DisplayName":"Paddings","FieldType":"String","DefaultValue":"a=?; x=?; y=?; t=?; b=?; l=?; r=?","Description":"Paddings A(all)-X(LR)-Y(TB)-T-B-L-R","List":""},{"Key":"RawClasses","DisplayName":"Classes (;)","FieldType":"String","DefaultValue":"","Description":"Classes added to the HTML tag.","List":""},{"Key":"RawStyles","DisplayName":"Styles (JSON)","FieldType":"String","DefaultValue":"","Description":"Styles added to the HTML tag. Must be a json String use = and ;","List":""},{"Key":"RawAttributes","DisplayName":"Attributes (JSON)","FieldType":"String","DefaultValue":"","Description":"Attributes added to the HTML tag. Must be a json String use = and ;","List":""}],"events":[{"name":"Complete (fileObj As Object)"}],"methods":[{"name":"Class_Globals","signature":"Class_Globals"},{"name":"Initialize","signature":"Initialize (Callback As Object, Name As String, EventName As String)"},{"name":"getID","signature":"getID() As String"},{"name":"SetProperties","signature":"SetProperties(props As Map)"},{"name":"GetProperties","signature":"GetProperties As Map"},{"name":"AddComponent","signature":"AddComponent"},{"name":"Remove","signature":"Remove()"},{"name":"setParentID","signature":"setParentID(s As String)"},{"name":"getParentID","signature":"getParentID As String"},{"name":"getHere","signature":"getHere() As String"},{"name":"setVisible","signature":"setVisible(b As Boolean)"},{"name":"getVisible","signature":"getVisible As Boolean"},{"name":"setEnabled","signature":"setEnabled(b As Boolean)"},{"name":"getEnabled","signature":"getEnabled As Boolean"},{"name":"OnEvent","signature":"OnEvent(event As String, methodName As String)"},{"name":"setPositionStyle","signature":"setPositionStyle(s As String)"},{"name":"getPositionStyle","signature":"getPositionStyle As String"},{"name":"setPosition","signature":"setPosition(s As String)"},{"name":"getPosition","signature":"getPosition As String"},{"name":"setAttributes","signature":"setAttributes(s As String)"},{"name":"setStyles","signature":"setStyles(s As String)"},{"name":"setClasses","signature":"setClasses(s As String)"},{"name":"setPaddingAXYTBLR","signature":"setPaddingAXYTBLR(s As String)"},{"name":"setMarginAXYTBLR","signature":"setMarginAXYTBLR(s As String)"},{"name":"getAttributes","signature":"getAttributes As String"},{"name":"getStyles","signature":"getStyles As String"},{"name":"getClasses","signature":"getClasses As String"},{"name":"getPaddingAXYTBLR","signature":"getPaddingAXYTBLR As String"},{"name":"getMarginAXYTBLR","signature":"getMarginAXYTBLR As String"},{"name":"DesignerCreateView","signature":"DesignerCreateView (Target As BANanoElement, Props As Map)"},{"name":"ProcessQueue","signature":"ProcessQueue"},{"name":"RemoveFile","signature":"RemoveFile(fileObj As Object)"},{"name":"RemoveAllFiles","signature":"RemoveAllFiles"},{"name":"CancelUploads","signature":"CancelUploads"},{"name":"GetFiles","signature":"GetFiles As List"},{"name":"Refresh","signature":"Refresh"},{"name":"setAutoProcessQueue","signature":"setAutoProcessQueue(b As Boolean)"},{"name":"getAutoProcessQueue","signature":"getAutoProcessQueue As Boolean"},{"name":"setAcceptedFiles","signature":"setAcceptedFiles(s As String)"},{"name":"setAddRemoveLinks","signature":"setAddRemoveLinks(b As Boolean)"},{"name":"setCapture","signature":"setCapture(s As String)"},{"name":"setDisablePreviews","signature":"setDisablePreviews(b As Boolean)"},{"name":"setHeight","signature":"setHeight(s As String)"},{"name":"setMaxFilesize","signature":"setMaxFilesize(i As Int)"},{"name":"setParallelUploads","signature":"setParallelUploads(i As Int)"},{"name":"setParamName","signature":"setParamName(s As String)"},{"name":"setRoundedBox","signature":"setRoundedBox(b As Boolean)"},{"name":"setShadow","signature":"setShadow(s As String)"},{"name":"setUploadMultiple","signature":"setUploadMultiple(b As Boolean)"},{"name":"setUrl","signature":"setUrl(s As String)"},{"name":"setWidth","signature":"setWidth(s As String)"},{"name":"getAcceptedFiles","signature":"getAcceptedFiles As String"},{"name":"getAddRemoveLinks","signature":"getAddRemoveLinks As Boolean"},{"name":"getCapture","signature":"getCapture As String"},{"name":"getDisablePreviews","signature":"getDisablePreviews As Boolean"},{"name":"getHeight","signature":"getHeight As String"},{"name":"getMaxFilesize","signature":"getMaxFilesize As Int"},{"name":"getParallelUploads","signature":"getParallelUploads As Int"},{"name":"getParamName","signature":"getParamName As String"},{"name":"getRoundedBox","signature":"getRoundedBox As Boolean"},{"name":"getShadow","signature":"getShadow As String"},{"name":"getUploadMultiple","signature":"getUploadMultiple As Boolean"},{"name":"getUrl","signature":"getUrl As String"},{"name":"getWidth","signature":"getWidth As String"}]}