{"properties":[{"Key":"ParentID","DisplayName":"ParentID","FieldType":"String","DefaultValue":"","Description":"The ParentID of this component","List":""},{"Key":"AutoFocus","DisplayName":"Auto Focus","FieldType":"Boolean","DefaultValue":"False","Description":"Auto Focus","List":""},{"Key":"DynamicWidth","DisplayName":"Dynamic Width","FieldType":"Boolean","DefaultValue":"False","Description":"Dynamic Width","List":""},{"Key":"EmojiButtonSize","DisplayName":"Emoji Button Size","FieldType":"Int","DefaultValue":"36","Description":"Emoji Button Size","List":"lg|md|none|sm|xl|xs"},{"Key":"EmojiButtonsRadius","DisplayName":"Emoji Buttons Radius","FieldType":"String","DefaultValue":"100%","Description":"Emoji Buttons Radius","List":""},{"Key":"EmojiSize","DisplayName":"Emoji Size","FieldType":"Int","DefaultValue":"24","Description":"Emoji Size","List":"lg|md|none|sm|xl|xs"},{"Key":"EmojiVersion","DisplayName":"Emoji Version","FieldType":"String","DefaultValue":"15","Description":"Emoji Version","List":""},{"Key":"Icons","DisplayName":"Icons","FieldType":"String","DefaultValue":"auto","Description":"Icons","List":"auto|outline|solid"},{"Key":"Locale","DisplayName":"Locale","FieldType":"String","DefaultValue":"en","Description":"Locale","List":""},{"Key":"MaxFrequentRows","DisplayName":"Max Frequent Rows","FieldType":"Int","DefaultValue":"4","Description":"Max Frequent Rows","List":""},{"Key":"NavPosition","DisplayName":"Nav Position","FieldType":"String","DefaultValue":"top","Description":"Nav Position","List":"bottom|none|top"},{"Key":"NoCountryFlags","DisplayName":"No Country Flags","FieldType":"Boolean","DefaultValue":"False","Description":"No Country Flags","List":""},{"Key":"NoResultsEmoji","DisplayName":"No Results Emoji","FieldType":"String","DefaultValue":"cry","Description":"No Results Emoji","List":""},{"Key":"PerLine","DisplayName":"Per Line","FieldType":"Int","DefaultValue":"9","Description":"Per Line","List":""},{"Key":"PreviewEmoji","DisplayName":"Preview Emoji","FieldType":"String","DefaultValue":"point_up","Description":"Preview Emoji","List":""},{"Key":"PreviewPosition","DisplayName":"Preview Position","FieldType":"String","DefaultValue":"bottom","Description":"Preview Position","List":"bottom|none|top"},{"Key":"SearchPosition","DisplayName":"Search Position","FieldType":"String","DefaultValue":"sticky","Description":"Search Position","List":"none|static|sticky"},{"Key":"SetOf","DisplayName":"Set Of","FieldType":"String","DefaultValue":"apple","Description":"Set Of","List":"apple|facebook|google|native|twitter"},{"Key":"Skin","DisplayName":"Skin","FieldType":"Int","DefaultValue":"1","MinRange":"1","MaxRange":"6","Description":"Skin","List":""},{"Key":"SkinTonePosition","DisplayName":"Skin Tone Position","FieldType":"String","DefaultValue":"preview","Description":"Skin Tone Position","List":"none|preview|search"},{"Key":"Theme","DisplayName":"Theme","FieldType":"String","DefaultValue":"auto","Description":"Theme","List":"auto|dark|light"}],"events":[{"name":"EmojiSelect (emoji As Map)"},{"name":"ClickOutside (e As BANanoEvent)"}],"methods":[{"name":"Class_Globals","signature":"Class_Globals"},{"name":"Initialize","signature":"Initialize (Callback As Object, Name As String, EventName As String)"},{"name":"getID","signature":"getID() As String"},{"name":"SetProperties","signature":"SetProperties(props As Map)"},{"name":"GetProperties","signature":"GetProperties As Map"},{"name":"AddComponent","signature":"AddComponent"},{"name":"Remove","signature":"Remove()"},{"name":"setParentID","signature":"setParentID(s As String)"},{"name":"getParentID","signature":"getParentID As String"},{"name":"getHere","signature":"getHere() As String"},{"name":"OnEvent","signature":"OnEvent(event As String, methodName As String)"},{"name":"DesignerCreateView","signature":"DesignerCreateView (Target As BANanoElement, Props As Map)"},{"name":"Refresh\t\t\t","signature":"Refresh\t(Module As Object, SelectMethod As String, ClickOutSideMethod As String)\t\t"},{"name":"LinkExisting\t\t\t","signature":"LinkExisting\t\t\t"},{"name":"setAutoFocus","signature":"setAutoFocus(b As Boolean)"},{"name":"setDynamicWidth","signature":"setDynamicWidth(b As Boolean)"},{"name":"setEmojiButtonSize","signature":"setEmojiButtonSize(i As Int)"},{"name":"setEmojiButtonsRadius","signature":"setEmojiButtonsRadius(s As String)"},{"name":"setEmojiSize","signature":"setEmojiSize(i As Int)"},{"name":"setEmojiVersion","signature":"setEmojiVersion(s As String)"},{"name":"setIcons","signature":"setIcons(s As String)"},{"name":"setLocale","signature":"setLocale(s As String)"},{"name":"setMaxFrequentRows","signature":"setMaxFrequentRows(i As Int)"},{"name":"setNavPosition","signature":"setNavPosition(s As String)"},{"name":"setNoCountryFlags","signature":"setNoCountryFlags(b As Boolean)"},{"name":"setNoResultsEmoji","signature":"setNoResultsEmoji(s As String)"},{"name":"setPerLine","signature":"setPerLine(i As Int)"},{"name":"setPreviewEmoji","signature":"setPreviewEmoji(s As String)"},{"name":"setPreviewPosition","signature":"setPreviewPosition(s As String)"},{"name":"setSearchPosition","signature":"setSearchPosition(s As String)"},{"name":"setSetOf","signature":"setSetOf(s As String)"},{"name":"setSkin","signature":"setSkin(i As Int)"},{"name":"setSkinTonePosition","signature":"setSkinTonePosition(s As String)"},{"name":"setTheme","signature":"setTheme(s As String)"},{"name":"getAutoFocus","signature":"getAutoFocus As Boolean"},{"name":"getDynamicWidth","signature":"getDynamicWidth As Boolean"},{"name":"getEmojiButtonSize","signature":"getEmojiButtonSize As Int"},{"name":"getEmojiButtonsRadius","signature":"getEmojiButtonsRadius As String"},{"name":"getEmojiSize","signature":"getEmojiSize As Int"},{"name":"getEmojiVersion","signature":"getEmojiVersion As String"},{"name":"getIcons","signature":"getIcons As String"},{"name":"getLocale","signature":"getLocale As String"},{"name":"getMaxFrequentRows","signature":"getMaxFrequentRows As Int"},{"name":"getNavPosition","signature":"getNavPosition As String"},{"name":"getNoCountryFlags","signature":"getNoCountryFlags As Boolean"},{"name":"getNoResultsEmoji","signature":"getNoResultsEmoji As String"},{"name":"getPerLine","signature":"getPerLine As Int"},{"name":"getPreviewEmoji","signature":"getPreviewEmoji As String"},{"name":"getPreviewPosition","signature":"getPreviewPosition As String"},{"name":"getSearchPosition","signature":"getSearchPosition As String"},{"name":"getSetOf","signature":"getSetOf As String"},{"name":"getSkin","signature":"getSkin As Int"},{"name":"getSkinTonePosition","signature":"getSkinTonePosition As String"},{"name":"getTheme","signature":"getTheme As String"}]}