{"properties":[{"Key":"ParentID","DisplayName":"ParentID","FieldType":"String","DefaultValue":"","Description":"The ParentID of this div","List":""},{"Key":"DragBoards","DisplayName":"Drag Boards","FieldType":"Boolean","DefaultValue":"true","Description":"The boards are draggable - if false only item can be dragged","List":""},{"Key":"DragItems","DisplayName":"Drag Items","FieldType":"Boolean","DefaultValue":"true","Description":"If false - all items are not draggable","List":""},{"Key":"Gutter","DisplayName":"Gutter","FieldType":"String","DefaultValue":"15px","Description":"Gutter of the board","List":""},{"Key":"WidthBoard","DisplayName":"Board Width","FieldType":"String","DefaultValue":"250px","Description":"Width of the board","List":""},{"Key":"ResponsivePercentage","DisplayName":"Responsive Percentage","FieldType":"Boolean","DefaultValue":"true","Description":"Responsive Percentage","List":""},{"Key":"ItemAddOptionsEnabled","DisplayName":"Item Add Options Enabled","FieldType":"Boolean","DefaultValue":"False","Description":"Add a button to board for easy item creation","List":""},{"Key":"ItemAddOptionsClass","DisplayName":"Item Add Options Class","FieldType":"String","DefaultValue":"","Description":"Default class of the button","List":""},{"Key":"ItemAddOptionsContent","DisplayName":"Item Add Options Content","FieldType":"String","DefaultValue":"","Description":"Text or html content of the board button","List":""},{"Key":"ItemAddOptionsFooter","DisplayName":"Item Add Options Footer","FieldType":"Boolean","DefaultValue":"False","Description":"Position the button on footer","List":""},{"Key":"ItemHandleOptionsEnabled","DisplayName":"Item Handle Options Enabled","FieldType":"Boolean","DefaultValue":"False","Description":"If board item handle is enabled or not","List":""},{"Key":"ItemHandleOptionsCustomCssIconHandler","DisplayName":"Item Handle Options Custom Css Icon Handler","FieldType":"String","DefaultValue":"","Description":"Item Handle Options Custom Css Icon Handler","List":""},{"Key":"ItemHandleOptionsCustomHandler","DisplayName":"Item Handle Options Custom Handler","FieldType":"String","DefaultValue":"","Description":"Item Handle Options Custom Handler","List":""},{"Key":"ItemHandleOptionsCustomCssHandler","DisplayName":"Item Handle Options Custom Css Handler","FieldType":"String","DefaultValue":"","Description":"Item Handle Options Custom Css Handler","List":""},{"Key":"ItemHandleOptionsHandleClass","DisplayName":"Item Handle Options Handle Class","FieldType":"String","DefaultValue":"","Description":"Item Handle Options Handle Class","List":""},{"Key":"Visible","DisplayName":"Visible","FieldType":"Boolean","DefaultValue":"True","Description":"If visible.","List":""},{"Key":"MarginAXYTBLR","DisplayName":"Margins","FieldType":"String","DefaultValue":"a=?; x=?; y=?; t=?; b=?; l=?; r=?","Description":"Margins A-X-Y-T-B-L-R","List":""},{"Key":"PaddingAXYTBLR","DisplayName":"Paddings","FieldType":"String","DefaultValue":"a=?; x=?; y=?; t=?; b=?; l=?; r=?","Description":"Paddings A-X-Y-T-B-L-R","List":""},{"Key":"RawClasses","DisplayName":"Classes","FieldType":"String","DefaultValue":"","Description":"Classes added to the HTML tag.","List":""},{"Key":"RawStyles","DisplayName":"Styles","FieldType":"String","DefaultValue":"","Description":"Styles added to the HTML tag. Must be a json String- use =","List":""},{"Key":"RawAttributes","DisplayName":"Attributes","FieldType":"String","DefaultValue":"","Description":"Attributes added to the HTML tag. Must be a json String- use =","List":""}],"events":[{"name":"ButtonClick (el As Map, boardId As String)"},{"name":"Click (el As Map)"},{"name":"Context (el As Map, event As BANAnoEvent)"},{"name":"DragBoard (el As Map, source As Map)"},{"name":"DragEl (el As Map, source As Map)"},{"name":"DragEndBoard (el As Map)"},{"name":"DragEndEl (el As Map)"},{"name":"DropEl (el As Map, target As Map, source As Map, sibling As Map)"},{"name":"DragItem (el As Map, source As Map)"},{"name":"DragItemEnd (el As Map)"},{"name":"DropItem (el As Map)"},{"name":"ClickItem (el As Map)"},{"name":"ContextItem (el As Map, event As BANAnoEvent)"}],"methods":[{"name":"Class_Globals","signature":"Class_Globals"},{"name":"Initialize","signature":"Initialize (CallBack As Object, cName As String, EventName As String)"},{"name":"DesignerCreateView","signature":"DesignerCreateView (Target As BANanoElement, Props As Map)"},{"name":"setVisible","signature":"setVisible(b As Boolean)"},{"name":"getVisible","signature":"getVisible As Boolean"},{"name":"setAttributes","signature":"setAttributes(s As String)"},{"name":"setStyles","signature":"setStyles(s As String)"},{"name":"setClasses","signature":"setClasses(s As String)"},{"name":"setPaddingAXYTBLR","signature":"setPaddingAXYTBLR(s As String)"},{"name":"setMarginAXYTBLR","signature":"setMarginAXYTBLR(s As String)"},{"name":"getAttributes","signature":"getAttributes As String"},{"name":"getStyles","signature":"getStyles As String"},{"name":"getClasses","signature":"getClasses As String"},{"name":"getPaddingAXYTBLR","signature":"getPaddingAXYTBLR As String"},{"name":"getMarginAXYTBLR","signature":"getMarginAXYTBLR As String"},{"name":"setItemAddOptionsClass\t\t","signature":"setItemAddOptionsClass(s As String)\t\t"},{"name":"setItemAddOptionsContent\t\t\t\t\t","signature":"setItemAddOptionsContent(s As String)\t\t\t\t\t"},{"name":"setItemAddOptionsFooter\t\t\t\t","signature":"setItemAddOptionsFooter(b As Boolean)\t\t\t\t"},{"name":"setItemHandleOptionsCustomCssIconHandler\t\t\t\t","signature":"setItemHandleOptionsCustomCssIconHandler(s As String)\t\t\t\t"},{"name":"setItemHandleOptionsCustomHandler\t\t\t\t\t","signature":"setItemHandleOptionsCustomHandler(s As String)\t\t\t\t\t"},{"name":"setItemHandleOptionsCustomCssHandler\t\t\t\t\t","signature":"setItemHandleOptionsCustomCssHandler(s As String)\t\t\t\t\t"},{"name":"setItemHandleOptionsHandleClass\t\t\t\t\t","signature":"setItemHandleOptionsHandleClass(s As String)\t\t\t\t\t"},{"name":"setResponsivePercentage\t\t\t\t\t\t\t","signature":"setResponsivePercentage(b As Boolean)\t\t\t\t\t\t\t"},{"name":"Clear","signature":"Clear"},{"name":"AddBoard","signature":"AddBoard(id As String, title As String, className As String, props As Map)"},{"name":"AddBoardItem","signature":"AddBoardItem(boardid As String, id As String, title As String, className As String, props As Map)"},{"name":"Refresh","signature":"Refresh"},{"name":"setDragBoards\t\t\t\t","signature":"setDragBoards(b As Boolean)\t\t\t\t"},{"name":"setDragItems\t\t\t\t\t","signature":"setDragItems(b As Boolean)\t\t\t\t\t"},{"name":"setGutter\t\t\t\t\t\t","signature":"setGutter(s As String)\t\t\t\t\t\t"},{"name":"setItemAddOptionsEnabled\t\t","signature":"setItemAddOptionsEnabled(b As Boolean)\t\t"},{"name":"setItemHandleOptionsEnabled\t\t\t\t","signature":"setItemHandleOptionsEnabled(b As Boolean)\t\t\t\t"},{"name":"setWidthBoard\t\t\t\t\t\t\t","signature":"setWidthBoard(s As String)\t\t\t\t\t\t\t"},{"name":"getID","signature":"getID As String"},{"name":"getHere","signature":"getHere As String"},{"name":"LoadComponentJson","signature":"LoadComponentJson(designName As String)"},{"name":"AddComponent","signature":"AddComponent"},{"name":"setParentID","signature":"setParentID(s As String)"},{"name":"getParentID","signature":"getParentID As String"},{"name":"getDragBoards","signature":"getDragBoards As Boolean"},{"name":"getDragItems","signature":"getDragItems As Boolean"},{"name":"getGutter","signature":"getGutter As String"},{"name":"getWidthBoard","signature":"getWidthBoard As String"},{"name":"getResponsivePercentage","signature":"getResponsivePercentage As Boolean"},{"name":"getItemAddOptionsEnabled","signature":"getItemAddOptionsEnabled As Boolean"},{"name":"getItemAddOptionsClass","signature":"getItemAddOptionsClass As String"},{"name":"getItemAddOptionsContent","signature":"getItemAddOptionsContent As String"},{"name":"getItemAddOptionsFooter","signature":"getItemAddOptionsFooter As Boolean"},{"name":"getItemHandleOptionsEnabled","signature":"getItemHandleOptionsEnabled As Boolean"},{"name":"getItemHandleOptionsCustomCssIconHandler","signature":"getItemHandleOptionsCustomCssIconHandler As String"},{"name":"getItemHandleOptionsCustomHandler","signature":"getItemHandleOptionsCustomHandler As String"},{"name":"getItemHandleOptionsCustomCssHandler","signature":"getItemHandleOptionsCustomCssHandler As String"},{"name":"getItemHandleOptionsHandleClass","signature":"getItemHandleOptionsHandleClass As String"}]}