{"properties":[{"Key":"ParentID","DisplayName":"ParentID","FieldType":"String","DefaultValue":"","Description":"The ParentID of this component","List":""},{"Key":"TypeOf","DisplayName":"Type Of","FieldType":"String","DefaultValue":"image","Description":"Type Of","List":"custom|image"},{"Key":"Image","DisplayName":"Image","FieldType":"String","DefaultValue":"./assets/mashy.jpg","Description":"Image","List":""},{"Key":"ImageHeight","DisplayName":"Image Height","FieldType":"String","DefaultValue":"full","Description":"Image Height","List":""},{"Key":"ImageWidth","DisplayName":"Image Width","FieldType":"String","DefaultValue":"full","Description":"Image Width","List":""},{"Key":"ImageRounded","DisplayName":"Image Rounded","FieldType":"String","DefaultValue":"none","Description":"Image Rounded","List":"0|2xl|3xl|full|lg|md|none|rounded|sm|xl"},{"Key":"ImageRoundedBox","DisplayName":"Image Rounded Box","FieldType":"Boolean","DefaultValue":"False","Description":"Image Rounded Box","List":""},{"Key":"ImageShadow","DisplayName":"Image Shadow","FieldType":"String","DefaultValue":"none","Description":"Image Shadow","List":"2xl|inner|lg|md|none|shadow|sm|xl"},{"Key":"PositionStyle","DisplayName":"Position Style","FieldType":"String","DefaultValue":"none","Description":"Position","List":"absolute|fixed|none|relative|static|sticky"},{"Key":"Position","DisplayName":"Position Locations","FieldType":"String","DefaultValue":"t=?; b=?; r=?; l=?","Description":"Position Locations","List":""},{"Key":"MarginAXYTBLR","DisplayName":"Margins","FieldType":"String","DefaultValue":"a=?; x=?; y=?; t=?; b=?; l=?; r=?","Description":"Margins A(all)-X(LR)-Y(TB)-T-B-L-R","List":""},{"Key":"PaddingAXYTBLR","DisplayName":"Paddings","FieldType":"String","DefaultValue":"a=?; x=?; y=?; t=?; b=?; l=?; r=?","Description":"Paddings A(all)-X(LR)-Y(TB)-T-B-L-R","List":""},{"Key":"RawClasses","DisplayName":"Classes (;)","FieldType":"String","DefaultValue":"","Description":"Classes added to the HTML tag.","List":""},{"Key":"RawStyles","DisplayName":"Styles (JSON)","FieldType":"String","DefaultValue":"","Description":"Styles added to the HTML tag. Must be a json String use = and ;","List":""},{"Key":"RawAttributes","DisplayName":"Attributes (JSON)","FieldType":"String","DefaultValue":"","Description":"Attributes added to the HTML tag. Must be a json String use = and ;","List":""}],"events":[],"methods":[{"name":"Class_Globals","signature":"Class_Globals"},{"name":"Initialize","signature":"Initialize (Callback As Object, Name As String, EventName As String)"},{"name":"getID","signature":"getID() As String"},{"name":"SetProperties","signature":"SetProperties(props As Map)"},{"name":"GetProperties","signature":"GetProperties As Map"},{"name":"AddComponent","signature":"AddComponent"},{"name":"Remove","signature":"Remove()"},{"name":"setParentID","signature":"setParentID(s As String)"},{"name":"getParentID","signature":"getParentID As String"},{"name":"getHere","signature":"getHere() As String"},{"name":"setPositionStyle","signature":"setPositionStyle(s As String)"},{"name":"getPositionStyle","signature":"getPositionStyle As String"},{"name":"setPosition","signature":"setPosition(s As String)"},{"name":"getPosition","signature":"getPosition As String"},{"name":"setAttributes","signature":"setAttributes(s As String)"},{"name":"setStyles","signature":"setStyles(s As String)"},{"name":"setClasses","signature":"setClasses(s As String)"},{"name":"setPaddingAXYTBLR","signature":"setPaddingAXYTBLR(s As String)"},{"name":"setMarginAXYTBLR","signature":"setMarginAXYTBLR(s As String)"},{"name":"getAttributes","signature":"getAttributes As String"},{"name":"getStyles","signature":"getStyles As String"},{"name":"getClasses","signature":"getClasses As String"},{"name":"getPaddingAXYTBLR","signature":"getPaddingAXYTBLR As String"},{"name":"getMarginAXYTBLR","signature":"getMarginAXYTBLR As String"},{"name":"DesignerCreateView","signature":"DesignerCreateView (Target As BANanoElement, Props As Map)"},{"name":"setImageRounded\t\t\t\t","signature":"setImageRounded(s As String)\t\t\t\t"},{"name":"setImageRoundedBox\t\t\t\t","signature":"setImageRoundedBox(b As Boolean)\t\t\t\t"},{"name":"setImageShadow\t\t\t","signature":"setImageShadow(s As String)\t\t\t"},{"name":"getImageRounded","signature":"getImageRounded As String"},{"name":"getImageRoundedBox","signature":"getImageRoundedBox As Boolean"},{"name":"getImageShadow","signature":"getImageShadow As String"},{"name":"setImageHeight\t\t\t","signature":"setImageHeight(s As String)\t\t\t"},{"name":"setImageWidth\t\t\t","signature":"setImageWidth(s As String)\t\t\t"},{"name":"getImageHeight","signature":"getImageHeight As String"},{"name":"getImageWidth","signature":"getImageWidth As String"},{"name":"setImage\t\t\t","signature":"setImage(s As String)\t\t\t"},{"name":"setTypeOf","signature":"setTypeOf(s As String)"},{"name":"getImage","signature":"getImage As String"},{"name":"getTypeOf","signature":"getTypeOf As String"}]}