{"properties":[{"Key":"ParentID","DisplayName":"ParentID","FieldType":"String","DefaultValue":"","Description":"The ParentID of this component","List":""},{"Key":"BankName","DisplayName":"Bank Name","FieldType":"String","DefaultValue":"BANK OF LATVERIA","Description":"Bank Name","List":""},{"Key":"CardNumber","DisplayName":"Card Number","FieldType":"String","DefaultValue":"0210 8820 1150 0222","Description":"Card Number (XXXX XXXX XXXX XXXX)","List":""},{"Key":"CardHolder","DisplayName":"Card Holder","FieldType":"String","DefaultValue":"CARD HOLDER","Description":"Card Holder Name","List":""},{"Key":"ExpiresMonth","DisplayName":"Expires Month","FieldType":"String","DefaultValue":"29","Description":"Expiry Month (MM)","List":""},{"Key":"ExpiresYear","DisplayName":"Expires Year","FieldType":"String","DefaultValue":"08","Description":"Expiry Year (YY)","List":""},{"Key":"CardBrand","DisplayName":"Card Brand","FieldType":"String","DefaultValue":"❁","Description":"Card Brand Symbol","List":""},{"Key":"TextColor","DisplayName":"Text Color","FieldType":"Color","DefaultValue":"#FFFFFFFF","Description":"Text Color","List":""},{"Key":"GradientActive","DisplayName":"GradientActive","FieldType":"Boolean","DefaultValue":"True","Description":"Gradient should be set","List":""},{"Key":"Gradient","DisplayName":"Gradient","FieldType":"String","DefaultValue":"bl_tr","Description":"Gradient","List":"bl_tr|bottom_top|br_tl|left_right|right_left|tl_br|top_bottom|tr_bl"},{"Key":"GradientColor1","DisplayName":"GradientColor1","FieldType":"Color","DefaultValue":"#f86194","Gradient Color 1.":"Gradient Color 1.","List":""},{"Key":"GradientColor2","DisplayName":"GradientColor2","FieldType":"Color","DefaultValue":"#968918","Gradient Color 2.":"Gradient Color 2.","List":""},{"Key":"Width","DisplayName":"Width","FieldType":"String","DefaultValue":"100","Description":"Width in Tailwind units","List":""},{"Key":"Height","DisplayName":"Height","FieldType":"String","DefaultValue":"","Description":"Height CSS value","List":""},{"Key":"Rounded","DisplayName":"Rounded","FieldType":"String","DefaultValue":"2xl","Description":"Rounded","List":"0|2xl|3xl|full|lg|md|none|rounded|sm|xl"},{"Key":"Shadow","DisplayName":"Shadow","FieldType":"String","DefaultValue":"2xl","Description":"Shadow","List":"2xl|inner|lg|md|none|shadow|sm|xl"},{"Key":"Visible","DisplayName":"Visible","FieldType":"Boolean","DefaultValue":"True","Description":"If visible.","List":""},{"Key":"Enabled","DisplayName":"Enabled","FieldType":"Boolean","DefaultValue":"True","Description":"If enabled.","List":""},{"Key":"PositionStyle","DisplayName":"Position Style","FieldType":"String","DefaultValue":"none","Description":"Position","List":"absolute|fixed|none|relative|static|sticky"},{"Key":"Position","DisplayName":"Position Locations","FieldType":"String","DefaultValue":"t=?; b=?; r=?; l=?","Description":"Position Locations","List":""},{"Key":"MarginAXYTBLR","DisplayName":"Margins","FieldType":"String","DefaultValue":"a=?; x=?; y=?; t=?; b=?; l=?; r=?","Description":"Margins A(all)-X(LR)-Y(TB)-T-B-L-R","List":""},{"Key":"PaddingAXYTBLR","DisplayName":"Paddings","FieldType":"String","DefaultValue":"a=?; x=?; y=?; t=?; b=?; l=?; r=?","Description":"Paddings A(all)-X(LR)-Y(TB)-T-B-L-R","List":""},{"Key":"RawClasses","DisplayName":"Classes (;)","FieldType":"String","DefaultValue":"","Description":"Classes added to the HTML tag.","List":""},{"Key":"RawStyles","DisplayName":"Styles (JSON)","FieldType":"String","DefaultValue":"","Description":"Styles added to the HTML tag. Must be a json String use = and ;","List":""},{"Key":"RawAttributes","DisplayName":"Attributes (JSON)","FieldType":"String","DefaultValue":"","Description":"Attributes added to the HTML tag. Must be a json String use = and ;","List":""}],"events":[{"name":"Click (e As BANanoEvent)"}],"methods":[{"name":"Class_Globals","signature":"Class_Globals"},{"name":"Initialize","signature":"Initialize (Callback As Object, Name As String, EventName As String)"},{"name":"getID","signature":"getID() As String"},{"name":"SetProperties","signature":"SetProperties(props As Map)"},{"name":"GetProperties","signature":"GetProperties As Map"},{"name":"AddComponent","signature":"AddComponent"},{"name":"Remove","signature":"Remove()"},{"name":"setParentID","signature":"setParentID(s As String)"},{"name":"getParentID","signature":"getParentID As String"},{"name":"getHere","signature":"getHere() As String"},{"name":"setVisible","signature":"setVisible(b As Boolean)"},{"name":"getVisible","signature":"getVisible As Boolean"},{"name":"setEnabled","signature":"setEnabled(b As Boolean)"},{"name":"getEnabled","signature":"getEnabled As Boolean"},{"name":"setPositionStyle","signature":"setPositionStyle(s As String)"},{"name":"getPositionStyle","signature":"getPositionStyle As String"},{"name":"setPosition","signature":"setPosition(s As String)"},{"name":"getPosition","signature":"getPosition As String"},{"name":"setAttributes","signature":"setAttributes(s As String)"},{"name":"setStyles","signature":"setStyles(s As String)"},{"name":"setClasses","signature":"setClasses(s As String)"},{"name":"setPaddingAXYTBLR","signature":"setPaddingAXYTBLR(s As String)"},{"name":"setMarginAXYTBLR","signature":"setMarginAXYTBLR(s As String)"},{"name":"getAttributes","signature":"getAttributes As String"},{"name":"getStyles","signature":"getStyles As String"},{"name":"getClasses","signature":"getClasses As String"},{"name":"getPaddingAXYTBLR","signature":"getPaddingAXYTBLR As String"},{"name":"getMarginAXYTBLR","signature":"getMarginAXYTBLR As String"},{"name":"DesignerCreateView","signature":"DesignerCreateView (Target As BANanoElement, Props As Map)"},{"name":"setBankName","signature":"setBankName(s As String)"},{"name":"getBankName","signature":"getBankName As String"},{"name":"setCardNumber","signature":"setCardNumber(s As String)"},{"name":"getCardNumber","signature":"getCardNumber As String"},{"name":"setCardHolder","signature":"setCardHolder(s As String)"},{"name":"getCardHolder","signature":"getCardHolder As String"},{"name":"setExpiresMonth","signature":"setExpiresMonth(s As String)"},{"name":"getExpiresMonth","signature":"getExpiresMonth As String"},{"name":"setExpiresYear","signature":"setExpiresYear(s As String)"},{"name":"getExpiresYear","signature":"getExpiresYear As String"},{"name":"setCardBrand","signature":"setCardBrand(s As String)"},{"name":"getCardBrand","signature":"getCardBrand As String"},{"name":"setTextColor","signature":"setTextColor(s As String)"},{"name":"getTextColor","signature":"getTextColor As String"},{"name":"setWidth","signature":"setWidth(s As String)"},{"name":"getWidth","signature":"getWidth As String"},{"name":"setHeight","signature":"setHeight(s As String)"},{"name":"getHeight","signature":"getHeight As String"},{"name":"setRounded","signature":"setRounded(s As String)"},{"name":"getRounded","signature":"getRounded As String"},{"name":"setShadow","signature":"setShadow(s As String)"},{"name":"getShadow","signature":"getShadow As String"}]}