{"properties":[{"Key":"ParentID","DisplayName":"ParentID","FieldType":"String","DefaultValue":"","Description":"The ParentID of this component","List":""},{"Key":"Name","DisplayName":"Name","FieldType":"String","DefaultValue":"","Description":"Name","List":""},{"Key":"AcceptCharset","DisplayName":"Accept Charset","FieldType":"String","DefaultValue":"utf-8","Description":"Accept Charset","List":""},{"Key":"Action","DisplayName":"Action","FieldType":"String","DefaultValue":"","Description":"Action","List":""},{"Key":"Autocomplete","DisplayName":"Autocomplete","FieldType":"String","DefaultValue":"off","Description":"Autocomplete","List":"off|on"},{"Key":"Enctype","DisplayName":"Enctype","FieldType":"String","DefaultValue":"application/x-www-form-urlencoded","Description":"Enctype","List":"application/x-www-form-urlencoded|multipart/form-data|text/plain"},{"Key":"Method","DisplayName":"Method","FieldType":"String","DefaultValue":"none","Description":"Method","List":"get|none|post"},{"Key":"Novalidate","DisplayName":"Novalidate","FieldType":"Boolean","DefaultValue":"False","Description":"Novalidate","List":""},{"Key":"Rel","DisplayName":"Rel","FieldType":"String","DefaultValue":"none","Description":"Rel","List":"external|help|license|next|nofollow|none|noopener|noreferrer|opener|prev|search"},{"Key":"Target","DisplayName":"Target","FieldType":"String","DefaultValue":"none","Description":"Target","List":"_blank|_parent|_self|_top|none"},{"Key":"Visible","DisplayName":"Visible","FieldType":"Boolean","DefaultValue":"True","Description":"If visible.","List":""},{"Key":"Enabled","DisplayName":"Enabled","FieldType":"Boolean","DefaultValue":"True","Description":"If enabled.","List":""},{"Key":"PositionStyle","DisplayName":"Position Style","FieldType":"String","DefaultValue":"none","Description":"Position","List":"absolute|fixed|none|relative|static|sticky"},{"Key":"Position","DisplayName":"Position Locations","FieldType":"String","DefaultValue":"t=?; b=?; r=?; l=?","Description":"Position Locations","List":""},{"Key":"MarginAXYTBLR","DisplayName":"Margins","FieldType":"String","DefaultValue":"a=?; x=?; y=?; t=?; b=?; l=?; r=?","Description":"Margins A(all)-X(LR)-Y(TB)-T-B-L-R","List":""},{"Key":"PaddingAXYTBLR","DisplayName":"Paddings","FieldType":"String","DefaultValue":"a=?; x=?; y=?; t=?; b=?; l=?; r=?","Description":"Paddings A(all)-X(LR)-Y(TB)-T-B-L-R","List":""},{"Key":"RawClasses","DisplayName":"Classes (;)","FieldType":"String","DefaultValue":"","Description":"Classes added to the HTML tag.","List":""},{"Key":"RawStyles","DisplayName":"Styles (JSON)","FieldType":"String","DefaultValue":"","Description":"Styles added to the HTML tag. Must be a json String use = and ;","List":""},{"Key":"RawAttributes","DisplayName":"Attributes (JSON)","FieldType":"String","DefaultValue":"","Description":"Attributes added to the HTML tag. Must be a json String use = and ;","List":""}],"events":[{"name":"Submit (e As BaNanoEvent)"}],"methods":[{"name":"Class_Globals","signature":"Class_Globals"},{"name":"Initialize","signature":"Initialize (Callback As Object, Name As String, EventName As String)"},{"name":"Clear\t\t\t\t\t\t\t\t","signature":"Clear\t\t\t\t\t\t\t\t"},{"name":"AddRC","signature":"AddRC(r As Int, c As Int)"},{"name":"CenterRC","signature":"CenterRC(r As Int, c As Int)"},{"name":"PrepareRC","signature":"PrepareRC"},{"name":"BuildGridFromRC","signature":"BuildGridFromRC"},{"name":"getID","signature":"getID() As String"},{"name":"SetProperties","signature":"SetProperties(props As Map)"},{"name":"GetProperties","signature":"GetProperties As Map"},{"name":"AddComponent","signature":"AddComponent"},{"name":"Remove","signature":"Remove()"},{"name":"setParentID","signature":"setParentID(s As String)"},{"name":"getParentID","signature":"getParentID As String"},{"name":"getHere","signature":"getHere() As String"},{"name":"setVisible","signature":"setVisible(b As Boolean)"},{"name":"getVisible","signature":"getVisible As Boolean"},{"name":"setEnabled","signature":"setEnabled(b As Boolean)"},{"name":"getEnabled","signature":"getEnabled As Boolean"},{"name":"OnEvent","signature":"OnEvent(event As String, methodName As String)"},{"name":"setPositionStyle","signature":"setPositionStyle(s As String)"},{"name":"getPositionStyle","signature":"getPositionStyle As String"},{"name":"setPosition","signature":"setPosition(s As String)"},{"name":"getPosition","signature":"getPosition As String"},{"name":"setAttributes","signature":"setAttributes(s As String)"},{"name":"setStyles","signature":"setStyles(s As String)"},{"name":"setClasses","signature":"setClasses(s As String)"},{"name":"setPaddingAXYTBLR","signature":"setPaddingAXYTBLR(s As String)"},{"name":"setMarginAXYTBLR","signature":"setMarginAXYTBLR(s As String)"},{"name":"getAttributes","signature":"getAttributes As String"},{"name":"getStyles","signature":"getStyles As String"},{"name":"getClasses","signature":"getClasses As String"},{"name":"getPaddingAXYTBLR","signature":"getPaddingAXYTBLR As String"},{"name":"getMarginAXYTBLR","signature":"getMarginAXYTBLR As String"},{"name":"DesignerCreateView","signature":"DesignerCreateView (Target As BANanoElement, Props As Map)"},{"name":"setAcceptCharset","signature":"setAcceptCharset(s As String)"},{"name":"setAction","signature":"setAction(s As String)"},{"name":"setAutocomplete","signature":"setAutocomplete(s As String)"},{"name":"setEnctype","signature":"setEnctype(s As String)"},{"name":"setMethod","signature":"setMethod(s As String)"},{"name":"setName","signature":"setName(s As String)"},{"name":"setNovalidate","signature":"setNovalidate(b As Boolean)"},{"name":"setRel","signature":"setRel(s As String)"},{"name":"setTarget","signature":"setTarget(s As String)"},{"name":"getAcceptCharset","signature":"getAcceptCharset As String"},{"name":"getAction","signature":"getAction As String"},{"name":"getAutocomplete","signature":"getAutocomplete As String"},{"name":"getEnctype","signature":"getEnctype As String"},{"name":"getMethod","signature":"getMethod As String"},{"name":"getName","signature":"getName As String"},{"name":"getNovalidate","signature":"getNovalidate As Boolean"},{"name":"getRel","signature":"getRel As String"},{"name":"getTarget","signature":"getTarget As String"},{"name":"RowID","signature":"RowID(r As Int) As String"},{"name":"CellID","signature":"CellID(r As Int, c As Int) As String"},{"name":"CellHere","signature":"CellHere(r As Int, c As Int) As String"},{"name":"CellCenter","signature":"CellCenter(r As Int, c As Int)"},{"name":"LinkExisting\t\t\t\t\t\t","signature":"LinkExisting()\t\t\t\t\t\t"},{"name":"Cell","signature":"Cell(r As Int, c As Int) As SDUI5Form"},{"name":"AddRows1","signature":"AddRows1 As SDUI5Form"},{"name":"AddRows2","signature":"AddRows2 As SDUI5Form"},{"name":"AddRows3","signature":"AddRows3 As SDUI5Form"},{"name":"AddRows4","signature":"AddRows4 As SDUI5Form"},{"name":"AddRows5","signature":"AddRows5 As SDUI5Form"},{"name":"AddRows6","signature":"AddRows6 As SDUI5Form"},{"name":"AddRows7","signature":"AddRows7 As SDUI5Form"},{"name":"AddRows8","signature":"AddRows8 As SDUI5Form"},{"name":"AddRows9","signature":"AddRows9 As SDUI5Form"},{"name":"AddRows10","signature":"AddRows10 As SDUI5Form"},{"name":"AddRows11","signature":"AddRows11 As SDUI5Form"},{"name":"AddRows12","signature":"AddRows12 As SDUI5Form"},{"name":"AddRows","signature":"AddRows(iRows As Int) As SDUI5Form"},{"name":"AddColumns","signature":"AddColumns(iColumns As Int, gxs As Int, gsm As Int, gmd As Int, glg As Int, gxl As Int) As SDUI5Form"},{"name":"AddColumnsOS","signature":"AddColumnsOS(iColumns As Int, osxs As Int, osm As Int, omd As Int, olg As Int, oxl As Int, gxs As Int, gsm As Int, gmd As Int, glg As Int, gxl As Int) As SDUI5Form"},{"name":"AddColumnsOSMP","signature":"AddColumnsOSMP(iColumns As Int, osm As Int, omd As Int, olg As Int, oxl As Int, gsm As Int, gmd As Int, glg As Int, gxl As Int, gpa As Int, gpx As Int, gpy As Int, gpt As Int, gpb As Int, gpl As Int, gpr As Int, _"},{"name":"AddColumns3x4","signature":"AddColumns3x4 As SDUI5Form"},{"name":"AddColumns4x3","signature":"AddColumns4x3 As SDUI5Form"},{"name":"AddColumns2x6","signature":"AddColumns2x6 As SDUI5Form"},{"name":"AddColumns6x2","signature":"AddColumns6x2 As SDUI5Form"},{"name":"AddColumns5x2","signature":"AddColumns5x2 As SDUI5Form"},{"name":"AddColumns3x2","signature":"AddColumns3x2 As SDUI5Form"},{"name":"AddColumns11x1","signature":"AddColumns11x1 As SDUI5Form"},{"name":"AddColumns10x1","signature":"AddColumns10x1 As SDUI5Form"},{"name":"AddColumns9x1","signature":"AddColumns9x1 As SDUI5Form"},{"name":"AddColumns8x1","signature":"AddColumns8x1 As SDUI5Form"},{"name":"AddColumns7x1","signature":"AddColumns7x1 As SDUI5Form"},{"name":"AddColumns12x1","signature":"AddColumns12x1 As SDUI5Form"},{"name":"AddColumns8p4","signature":"AddColumns8p4 As SDUI5Form"},{"name":"AddColumns4p8","signature":"AddColumns4p8 As SDUI5Form"},{"name":"AddColumns1p11","signature":"AddColumns1p11 As SDUI5Form"},{"name":"AddColumns11p1","signature":"AddColumns11p1 As SDUI5Form"},{"name":"AddColumns2p10","signature":"AddColumns2p10 As SDUI5Form"},{"name":"AddColumns10p2","signature":"AddColumns10p2 As SDUI5Form"},{"name":"AddColumns3p9","signature":"AddColumns3p9 As SDUI5Form"},{"name":"AddColumns9p3","signature":"AddColumns9p3 As SDUI5Form"},{"name":"AddColumns3p6p3","signature":"AddColumns3p6p3 As SDUI5Form"},{"name":"AddColumns6p3p3","signature":"AddColumns6p3p3 As SDUI5Form"},{"name":"AddColumns7p5","signature":"AddColumns7p5 As SDUI5Form"},{"name":"AddColumns5p7","signature":"AddColumns5p7 As SDUI5Form"},{"name":"AddColumns12","signature":"AddColumns12 As SDUI5Form"},{"name":"AddColumns6","signature":"AddColumns6 As SDUI5Form"},{"name":"AddColumns2","signature":"AddColumns2 As SDUI5Form"},{"name":"AddColumns1","signature":"AddColumns1 As SDUI5Form"},{"name":"AddColumns3","signature":"AddColumns3 As SDUI5Form"},{"name":"AddColumns4","signature":"AddColumns4 As SDUI5Form"},{"name":"AddColumns5","signature":"AddColumns5 As SDUI5Form"},{"name":"AddColumns7","signature":"AddColumns7 As SDUI5Form"},{"name":"AddColumns8","signature":"AddColumns8 As SDUI5Form"},{"name":"AddColumns9","signature":"AddColumns9 As SDUI5Form"},{"name":"AddColumns10","signature":"AddColumns10 As SDUI5Form"},{"name":"AddColumns11","signature":"AddColumns11 As SDUI5Form"},{"name":"SubmitForm","signature":"SubmitForm"},{"name":"DontSubmitForm","signature":"DontSubmitForm"},{"name":"ResetValidation","signature":"ResetValidation"},{"name":"ValidateEach","signature":"ValidateEach"},{"name":"ValidateAll","signature":"ValidateAll"},{"name":"Validate","signature":"Validate(response As Boolean)"},{"name":"IsValid","signature":"IsValid As Boolean"},{"name":"BuildGrid","signature":"BuildGrid"},{"name":"NextRow","signature":"NextRow As Int"},{"name":"ThisRow","signature":"ThisRow As Int"},{"name":"Row","signature":"Row(r As Int) As SDUI5Form"},{"name":"RemoveClass","signature":"RemoveClass(s As String)"},{"name":"AddClass","signature":"AddClass(s As String)"},{"name":"AddStyle","signature":"AddStyle(k As String, v As String)"},{"name":"AddAttribute","signature":"AddAttribute(k As String, v As String)"}]}