{"properties":[{"Key":"ParentID","DisplayName":"ParentID","FieldType":"String","DefaultValue":"","Description":"The ParentID of this component","List":""},{"Key":"HorizontalPosition","DisplayName":"Horizontal Position","FieldType":"String","DefaultValue":"end","Description":"Horizontal Position","List":"center|end|start"},{"Key":"VerticalPosition","DisplayName":"Vertical Position","FieldType":"String","DefaultValue":"bottom","Description":"Vertical Position","List":"bottom|middle|top"}],"events":[],"methods":[{"name":"Class_Globals","signature":"Class_Globals"},{"name":"Initialize","signature":"Initialize (Callback As Object, Name As String, EventName As String)"},{"name":"getID","signature":"getID() As String"},{"name":"SetProperties","signature":"SetProperties(props As Map)"},{"name":"GetProperties","signature":"GetProperties As Map"},{"name":"AddComponent","signature":"AddComponent"},{"name":"Remove","signature":"Remove()"},{"name":"setParentID","signature":"setParentID(s As String)"},{"name":"getHere","signature":"getHere() As String"},{"name":"DesignerCreateView","signature":"DesignerCreateView (Target As BANanoElement, Props As Map)"},{"name":"setHorizontalPosition","signature":"setHorizontalPosition(s As String)"},{"name":"setVerticalPosition","signature":"setVerticalPosition(s As String)"},{"name":"getHorizontalPosition","signature":"getHorizontalPosition As String"},{"name":"getVerticalPosition","signature":"getVerticalPosition As String"},{"name":"getParentID","signature":"getParentID() As String"}]}