{"name":"SDUI5Page","properties":[{"Key":"ParentID","DisplayName":"ParentID","FieldType":"String","DefaultValue":"pageview","Description":"The ParentID of this page","List":""},{"Key":"ClearParent","DisplayName":"Clear Parent","FieldType":"Boolean","DefaultValue":"False","Description":"Clear Parent First","List":""},{"Key":"Active","DisplayName":"Active Page","FieldType":"Boolean","DefaultValue":"True","Description":"Active Page","List":""},{"Key":"Title","DisplayName":"Title","FieldType":"String","DefaultValue":"My SDUIPage","Description":"Title of the page","List":""},{"Key":"Icon","DisplayName":"Icon","FieldType":"String","DefaultValue":"fa-solid fa-swatchbook","Description":"Icon of the page","List":""},{"Key":"Color","DisplayName":"Color","FieldType":"String","DefaultValue":"#000000","Description":"Color of the page","List":""},{"Key":"RawDescription","DisplayName":"Description","FieldType":"String","DefaultValue":"My SDUIPage","Description":"Description Of The Page","List":""},{"Key":"RawKeywords","DisplayName":"Keywords","FieldType":"String","DefaultValue":"page","Description":"Keywords Of The Page","List":""},{"Key":"BackgroundImage","DisplayName":"BackgroundImage","FieldType":"String","DefaultValue":"","Description":"The background image of the page","List":""},{"Key":"BackgroundColor","DisplayName":"Background Color","FieldType":"String","DefaultValue":"base-100","Description":"Background Color","List":""},{"Key":"FullPage","DisplayName":"FullPage","FieldType":"Boolean","DefaultValue":"False","Description":"w-full & h-full","List":""},{"Key":"FullScreen","DisplayName":"FullScreen","FieldType":"Boolean","DefaultValue":"False","Description":"w-screen & h-screen","List":""},{"Key":"ResizePageView","DisplayName":"Resize PageView","FieldType":"Boolean","DefaultValue":"True","Description":"Resize PageView","List":""},{"Key":"Container","DisplayName":"Container","FieldType":"Boolean","DefaultValue":"True","Description":"Container","List":""},{"Key":"CenterChildren","DisplayName":"Center Children","FieldType":"Boolean","DefaultValue":"False","Description":"Center Children","List":""},{"Key":"MxAuto","DisplayName":"Mx Auto","FieldType":"Boolean","DefaultValue":"True","Description":"Mx-auto","List":""},{"Key":"Flex","DisplayName":"Flex","FieldType":"Boolean","DefaultValue":"True","Description":"Flex - item after another","List":""},{"Key":"FlexCol","DisplayName":"Flex Col","FieldType":"Boolean","DefaultValue":"False","Description":"FlexCol","List":""},{"Key":"Columns","DisplayName":"# of Columns","FieldType":"String","DefaultValue":"","Description":"Number Of Columns Within An Element","List":""},{"Key":"FlexWrap","DisplayName":"Flex Wrap","FieldType":"Boolean","DefaultValue":"True","Description":"Wrap Overflow Contents","List":""},{"Key":"Gap","DisplayName":"Gap","FieldType":"String","DefaultValue":"","Description":"Gap Between Items","List":""},{"Key":"Grid","DisplayName":"Grid","FieldType":"Boolean","DefaultValue":"False","Description":"Grid (disable flex)","List":""},{"Key":"GridCols","DisplayName":"Grid Cols","FieldType":"String","DefaultValue":"","Description":"Grid Columns","List":""},{"Key":"DeviceGridCols","DisplayName":"Device Grid Cols","FieldType":"String","DefaultValue":"xs=?; sm=?; md=?; lg=?; xl=?","Description":"Grid Cols Per Device xs=?; sm=?; md=?; lg=?; xl=?","List":""},{"Key":"Glass","DisplayName":"Glass","FieldType":"Boolean","DefaultValue":"False","Description":"Glass","List":""},{"Key":"TextColor","DisplayName":"Text Color","FieldType":"String","DefaultValue":"","Description":"Text Color","List":""},{"Key":"Width","DisplayName":"Width","FieldType":"String","DefaultValue":"","Description":"Width","List":""},{"Key":"MinW","DisplayName":"Min Width","FieldType":"String","DefaultValue":"","Description":"MinW","List":""},{"Key":"MaxW","DisplayName":"Max Width","FieldType":"String","DefaultValue":"","Description":"MaxW","List":""},{"Key":"WFull","DisplayName":"Full Width","FieldType":"Boolean","DefaultValue":"False","Description":"WFull","List":""},{"Key":"Height","DisplayName":"Height","FieldType":"String","DefaultValue":"","Description":"Height","List":""},{"Key":"MinH","DisplayName":"Min Height","FieldType":"String","DefaultValue":"","Description":"MinH","List":""},{"Key":"MaxH","DisplayName":"Max Height","FieldType":"String","DefaultValue":"","Description":"MaxH","List":""},{"Key":"HFull","DisplayName":"Full Height","FieldType":"Boolean","DefaultValue":"False","Description":"HFull","List":""},{"Key":"AsForm","DisplayName":"AsForm","FieldType":"Boolean","DefaultValue":"False","Description":"As Form","List":""},{"Key":"Rounded","DisplayName":"Rounded","FieldType":"String","DefaultValue":"none","Description":"Rounded","List":"0|2xl|3xl|full|lg|md|none|rounded|sm|xl"},{"Key":"Shadow","DisplayName":"Shadow","FieldType":"String","DefaultValue":"none","Description":"Shadow","List":"2xl|inner|lg|md|none|shadow|sm|xl"},{"Key":"Visible","DisplayName":"Visible","FieldType":"Boolean","DefaultValue":"True","Description":"If visible.","List":""},{"Key":"GradientActive","DisplayName":"GradientActive","FieldType":"Boolean","DefaultValue":"false","Description":"Gradient should be set","List":""},{"Key":"Gradient","DisplayName":"Gradient","FieldType":"String","DefaultValue":"","Description":"Gradient","List":"bl_tr|bottom_top|br_tl|left_right|right_left|tl_br|top_bottom|tr_bl"},{"Key":"GradientColor1","DisplayName":"GradientColor1","FieldType":"Color","DefaultValue":"#f86194","Gradient Color 1.":"Gradient Color 1.","List":""},{"Key":"GradientColor2","DisplayName":"GradientColor2","FieldType":"Color","DefaultValue":"#968918","Gradient Color 2.":"Gradient Color 2.","List":""},{"Key":"PositionStyle","DisplayName":"Position Style","FieldType":"String","DefaultValue":"none","Description":"Position","List":"absolute|fixed|none|relative|static|sticky"},{"Key":"Position","DisplayName":"Position Locations","FieldType":"String","DefaultValue":"t=?; b=?; r=?; l=?","Description":"Position Locations","List":""},{"Key":"MarginAXYTBLR","DisplayName":"Margins","FieldType":"String","DefaultValue":"a=?; x=?; y=?; t=?; b=?; l=?; r=?","Description":"Margins A-X-Y-T-B-L-R","List":""},{"Key":"PaddingAXYTBLR","DisplayName":"Paddings","FieldType":"String","DefaultValue":"a=?; x=?; y=?; t=?; b=?; l=?; r=?","Description":"Paddings A-X-Y-T-B-L-R","List":""},{"Key":"RawClasses","DisplayName":"Classes","FieldType":"String","DefaultValue":"","Description":"Classes added to the HTML tag.","List":""},{"Key":"RawStyles","DisplayName":"Styles","FieldType":"String","DefaultValue":"","Description":"Styles added to the HTML tag. Must be a json String- use =","List":""},{"Key":"RawAttributes","DisplayName":"Attributes","FieldType":"String","DefaultValue":"","Description":"Attributes added to the HTML tag. Must be a json String- use =","List":""}],"events":[],"methods":[{"name":"Initialize","signature":"Initialize (CallBack As Object, Name As String, EventName As String)"},{"name":"getID","signature":"getID() As String"},{"name":"SetProperties","signature":"SetProperties(props As Map)"},{"name":"GetProperties","signature":"GetProperties As Map"},{"name":"AddComponent","signature":"AddComponent"},{"name":"Remove","signature":"Remove()"},{"name":"setParentID","signature":"setParentID(s As String)"},{"name":"getParentID","signature":"getParentID As String"},{"name":"getHere","signature":"getHere() As String"},{"name":"setVisible","signature":"setVisible(b As Boolean)"},{"name":"getVisible","signature":"getVisible As Boolean"},{"name":"setPositionStyle","signature":"setPositionStyle(s As String)"},{"name":"getPositionStyle","signature":"getPositionStyle As String"},{"name":"setPosition","signature":"setPosition(s As String)"},{"name":"getPosition","signature":"getPosition As String"},{"name":"setAttributes","signature":"setAttributes(s As String)"},{"name":"setStyles","signature":"setStyles(s As String)"},{"name":"setClasses","signature":"setClasses(s As String)"},{"name":"setPaddingAXYTBLR","signature":"setPaddingAXYTBLR(s As String)"},{"name":"setMarginAXYTBLR","signature":"setMarginAXYTBLR(s As String)"},{"name":"getAttributes","signature":"getAttributes As String"},{"name":"getStyles","signature":"getStyles As String"},{"name":"getClasses","signature":"getClasses As String"},{"name":"getPaddingAXYTBLR","signature":"getPaddingAXYTBLR As String"},{"name":"getMarginAXYTBLR","signature":"getMarginAXYTBLR As String"},{"name":"setCenterChildren","signature":"setCenterChildren(b As Boolean)"},{"name":"getCenterChildren","signature":"getCenterChildren As Boolean"},{"name":"Clear\t\t\t","signature":"Clear\t\t\t"},{"name":"setActive","signature":"setActive(b As Boolean)"},{"name":"getActive","signature":"getActive As Boolean"},{"name":"setIcon","signature":"setIcon(s As String)"},{"name":"getIcon","signature":"getIcon As String"},{"name":"setColor","signature":"setColor(s As String)"},{"name":"getColor","signature":"getColor As String"},{"name":"ClearPageView","signature":"ClearPageView"},{"name":"setGlass","signature":"setGlass(b As Boolean)"},{"name":"setBackgroundColor","signature":"setBackgroundColor(s As String)"},{"name":"setRounded","signature":"setRounded(s As String)"},{"name":"setShadow","signature":"setShadow(s As String)"},{"name":"getBackgroundColor","signature":"getBackgroundColor As String"},{"name":"getRounded","signature":"getRounded As String"},{"name":"getShadow","signature":"getShadow As String"},{"name":"setTextColor","signature":"setTextColor(s As String)"},{"name":"setColumns\t\t\t\t","signature":"setColumns(s As String)\t\t\t\t"},{"name":"getColumns","signature":"getColumns As String"},{"name":"setGridCols\t\t\t\t","signature":"setGridCols(s As String)\t\t\t\t"},{"name":"getGridCols","signature":"getGridCols As String"},{"name":"setDeviceGridCols\t\t\t","signature":"setDeviceGridCols(s As String)\t\t\t"},{"name":"getDeviceGridCols","signature":"getDeviceGridCols As String"},{"name":"setFullPage","signature":"setFullPage(b As Boolean)"},{"name":"getFullPage","signature":"getFullPage() As Boolean"},{"name":"setResizePageView\t\t","signature":"setResizePageView(b As Boolean)\t\t"},{"name":"getResizePageView","signature":"getResizePageView() As Boolean"},{"name":"setFullScreen","signature":"setFullScreen(b As Boolean)"},{"name":"getFullScreen","signature":"getFullScreen() As Boolean"},{"name":"setDescription","signature":"setDescription(v As String)"},{"name":"getDescription","signature":"getDescription As String"},{"name":"setKeywords","signature":"setKeywords(v As String)"},{"name":"getKeywords","signature":"getKeywords As String"},{"name":"setTitle","signature":"setTitle(v As String)"},{"name":"getTitle","signature":"getTitle As String"},{"name":"CellID","signature":"CellID(r As Int, c As Int) As String"},{"name":"CellHere","signature":"CellHere(r As Int, c As Int) As String"},{"name":"Cell","signature":"Cell(r As Int, c As Int) As SDUI5Container"},{"name":"Row","signature":"Row(r As Int) As SDUI5Container"},{"name":"setBackGroundImage","signature":"setBackGroundImage(url As String)"},{"name":"getBackGroundImage","signature":"getBackGroundImage As String"},{"name":"SetRowStyles","signature":"SetRowStyles(r As Int, styleNames As Map)"},{"name":"SetRowClasses","signature":"SetRowClasses(r As Int, classNames As List)"},{"name":"SetRCClasses","signature":"SetRCClasses(r As Int, c As Int, classNames As List)"},{"name":"SetRCStyles","signature":"SetRCStyles(r As Int, c As Int, styleNames As Map)"},{"name":"SetRCSizes","signature":"SetRCSizes(r As Int, c As Int, gxs As Int, gsm As Int, gmd As Int, glg As Int, gxl As Int)"},{"name":"SetRCMargin","signature":"SetRCMargin(r As Int, c As Int, gma As String, gmt As String, gmb As String, gml As String, gmr As String, gmx As String, gmy As String)"},{"name":"SetRCPadding","signature":"SetRCPadding(r As Int, c As Int, gpa As String, gpt As String, gpb As String, gpl As String, gpr As String, gpx As String, gpy As String)"},{"name":"BuildGrid","signature":"BuildGrid"},{"name":"On","signature":"On(event As String, CallBack As Object, MethodName As String)"},{"name":"ScrollToTop","signature":"ScrollToTop"},{"name":"LoadComponentJson","signature":"LoadComponentJson(designName As String)"},{"name":"ResetValidation","signature":"ResetValidation"},{"name":"YesClickValidateEach","signature":"YesClickValidateEach"},{"name":"YesClickValidateForm","signature":"YesClickValidateForm"},{"name":"Validate","signature":"Validate(response As Boolean)"},{"name":"IsValid","signature":"IsValid As Boolean"},{"name":"LinkExisting","signature":"LinkExisting(xPage As String)"},{"name":"setContainer","signature":"setContainer(b As Boolean)"},{"name":"setMxAuto","signature":"setMxAuto(b As Boolean)"},{"name":"setFlex","signature":"setFlex(b As Boolean)"},{"name":"setFlexCol","signature":"setFlexCol(b As Boolean)"},{"name":"setFlexWrap","signature":"setFlexWrap(b As Boolean)"},{"name":"setGap","signature":"setGap(s As String)"},{"name":"setGrid","signature":"setGrid(b As Boolean)"},{"name":"setWidth","signature":"setWidth(s As String)"},{"name":"setMinW","signature":"setMinW(s As String)"},{"name":"setMaxW","signature":"setMaxW(s As String)"},{"name":"setWFull","signature":"setWFull(b As Boolean)"},{"name":"setHeight","signature":"setHeight(s As String)"},{"name":"setMinH","signature":"setMinH(s As String)"},{"name":"setMaxH","signature":"setMaxH(s As String)"},{"name":"setHFull","signature":"setHFull(b As Boolean)"},{"name":"setAsForm","signature":"setAsForm(b As Boolean)"},{"name":"getContainer","signature":"getContainer As Boolean"},{"name":"getMxAuto","signature":"getMxAuto As Boolean"},{"name":"getFlex","signature":"getFlex As Boolean"},{"name":"getFlexCol","signature":"getFlexCol As Boolean"},{"name":"getFlexWrap","signature":"getFlexWrap As Boolean"},{"name":"getGap","signature":"getGap As String"},{"name":"getGrid","signature":"getGrid As Boolean"},{"name":"getGlass","signature":"getGlass As Boolean"},{"name":"getTextColor","signature":"getTextColor As String"},{"name":"getWidth","signature":"getWidth As String"},{"name":"getMinW","signature":"getMinW As String"},{"name":"getMaxW","signature":"getMaxW As String"},{"name":"getWFull","signature":"getWFull As Boolean"},{"name":"getHeight","signature":"getHeight As String"},{"name":"getMinH","signature":"getMinH As String"},{"name":"getMaxH","signature":"getMaxH As String"},{"name":"getHFull","signature":"getHFull As Boolean"},{"name":"getAsForm","signature":"getAsForm As Boolean"},{"name":"setClearParent","signature":"setClearParent(b As Boolean)"},{"name":"getClearParent","signature":"getClearParent As Boolean"}]}