{"name":"SDUI5ToastChart","properties":[{"Key":"ParentID","DisplayName":"ParentID","FieldType":"String","DefaultValue":"","Description":"The ParentID of this component","List":""},{"Key":"TitleText","DisplayName":"Title Text","FieldType":"String","DefaultValue":"Chart","Description":"Title Text","List":""},{"Key":"TitleAlign","DisplayName":"Title Align","FieldType":"String","DefaultValue":"left","Description":"Title Align","List":"center|left|right"},{"Key":"ChartType","DisplayName":"Chart Type","FieldType":"String","DefaultValue":"bar","Description":"Chart Type","List":"area|bar|column|line|pie|radial-bar|gauge"},{"Key":"XAxisTitle","DisplayName":"X Axis Title","FieldType":"String","DefaultValue":"X Axis","Description":"X axis Title","List":""},{"Key":"YAxisTitle","DisplayName":"Y Axis Title","FieldType":"String","DefaultValue":"Y Axis","Description":"Y axis Title","List":""},{"Key":"ExportMenuFileName","DisplayName":"Export Menu File Name","FieldType":"String","DefaultValue":"","Description":"Export Menu File Name","List":""},{"Key":"ExportMenuVisible","DisplayName":"Export Menu Visible","FieldType":"Boolean","DefaultValue":"True","Description":"Export Menu Visible","List":""},{"Key":"Height","DisplayName":"Height","FieldType":"String","DefaultValue":"400px","Description":"Height.","List":""},{"Key":"Width","DisplayName":"Width","FieldType":"String","DefaultValue":"100%","Description":"Width.","List":""},{"Key":"LegendVisible","DisplayName":"Legend Visible","FieldType":"Boolean","DefaultValue":"True","Description":"Legend Visible","List":""},{"Key":"LegendPosition","DisplayName":"Legend Position","FieldType":"String","DefaultValue":"right","Description":"Legend Position","List":"bottom|left|right|top"},{"Key":"LegendShowCheckbox","DisplayName":"Legend Show Checkbox","FieldType":"Boolean","DefaultValue":"True","Description":"Legend Show Checkbox","List":""},{"Key":"SeriesDataLabelsOffsetX","DisplayName":"Series Data Labels Offset X","FieldType":"String","DefaultValue":"","Description":"Series Data Labels Offset X","List":""},{"Key":"SeriesDataLabelsOffsetY","DisplayName":"Series Data Labels Offset Y","FieldType":"String","DefaultValue":"","Description":"Series Data Labels Offset Y","List":""},{"Key":"SeriesDataLabelsPieSeriesNameVisible","DisplayName":"Series Data Labels Pie Series Name Visible","FieldType":"Boolean","DefaultValue":"True","Description":"Series Data Labels Pie Seriesname Visible","List":""},{"Key":"SeriesDataLabelsVisible","DisplayName":"Series Data Labels Visible","FieldType":"Boolean","DefaultValue":"False","Description":"Series Data Labels Visible","List":""},{"Key":"SeriesSelectable","DisplayName":"Series Selectable","FieldType":"Boolean","DefaultValue":"False","Description":"Series Selectable","List":""},{"Key":"SeriesShowDot","DisplayName":"Series Show Dot","FieldType":"Boolean","DefaultValue":"False","Description":"Series Show Dot","List":""},{"Key":"SeriesSpline","DisplayName":"Series Spline","FieldType":"Boolean","DefaultValue":"False","Description":"Series Spline","List":""},{"Key":"SeriesStacked","DisplayName":"Series Stacked","FieldType":"Boolean","DefaultValue":"False","Description":"Series Stacked","List":""},{"Key":"SeriesZoomable","DisplayName":"Series Zoomable","FieldType":"Boolean","DefaultValue":"False","Description":"Series Zoomable","List":""},{"Key":"XAxisDateFormat","DisplayName":"X Axis Date Format","FieldType":"String","DefaultValue":"","Description":"X axis Date Format","List":""},{"Key":"XAxisPointOnColumn","DisplayName":"X Axis Point On Column","FieldType":"Boolean","DefaultValue":"False","Description":"X axis Point On Column","List":""},{"Key":"Rounded","DisplayName":"Rounded","FieldType":"String","DefaultValue":"none","Description":"Rounded","List":"0|2xl|3xl|full|lg|md|none|rounded|sm|xl"},{"Key":"RoundedBox","DisplayName":"Rounded Box","FieldType":"Boolean","DefaultValue":"False","Description":"Rounded Box","List":""},{"Key":"Shadow","DisplayName":"Shadow","FieldType":"String","DefaultValue":"sm","Description":"Shadow","List":"2xl|inner|lg|md|none|shadow|sm|xl"},{"Key":"Visible","DisplayName":"Visible","FieldType":"Boolean","DefaultValue":"True","Description":"If visible.","List":""},{"Key":"Enabled","DisplayName":"Enabled","FieldType":"Boolean","DefaultValue":"True","Description":"If enabled.","List":""},{"Key":"PositionStyle","DisplayName":"Position Style","FieldType":"String","DefaultValue":"none","Description":"Position","List":"absolute|fixed|none|relative|static|sticky"},{"Key":"Position","DisplayName":"Position Locations","FieldType":"String","DefaultValue":"t=?; b=?; r=?; l=?","Description":"Position Locations","List":""},{"Key":"MarginAXYTBLR","DisplayName":"Margins","FieldType":"String","DefaultValue":"a=?; x=?; y=?; t=?; b=?; l=?; r=?","Description":"Margins A(all)-X(LR)-Y(TB)-T-B-L-R","List":""},{"Key":"PaddingAXYTBLR","DisplayName":"Paddings","FieldType":"String","DefaultValue":"a=?; x=?; y=?; t=?; b=?; l=?; r=?","Description":"Paddings A(all)-X(LR)-Y(TB)-T-B-L-R","List":""},{"Key":"RawClasses","DisplayName":"Classes (;)","FieldType":"String","DefaultValue":"","Description":"Classes added to the HTML tag.","List":""},{"Key":"RawStyles","DisplayName":"Styles (JSON)","FieldType":"String","DefaultValue":"","Description":"Styles added to the HTML tag. Must be a json String use = and ;","List":""},{"Key":"RawAttributes","DisplayName":"Attributes (JSON)","FieldType":"String","DefaultValue":"","Description":"Attributes added to the HTML tag. Must be a json String use = and ;","List":""}],"events":[],"methods":[{"name":"Class_Globals","signature":"Class_Globals"},{"name":"Initialize","signature":"Initialize (Callback As Object, Name As String, EventName As String)"},{"name":"getID","signature":"getID() As String"},{"name":"SetProperties","signature":"SetProperties(props As Map)"},{"name":"GetProperties","signature":"GetProperties As Map"},{"name":"AddComponent","signature":"AddComponent"},{"name":"Remove","signature":"Remove()"},{"name":"setParentID","signature":"setParentID(s As String)"},{"name":"getParentID","signature":"getParentID As String"},{"name":"getHere","signature":"getHere() As String"},{"name":"setVisible","signature":"setVisible(b As Boolean)"},{"name":"getVisible","signature":"getVisible As Boolean"},{"name":"setEnabled","signature":"setEnabled(b As Boolean)"},{"name":"getEnabled","signature":"getEnabled As Boolean"},{"name":"OnEvent","signature":"OnEvent(event As String, methodName As String)"},{"name":"setPositionStyle","signature":"setPositionStyle(s As String)"},{"name":"getPositionStyle","signature":"getPositionStyle As String"},{"name":"setPosition","signature":"setPosition(s As String)"},{"name":"getPosition","signature":"getPosition As String"},{"name":"setAttributes","signature":"setAttributes(s As String)"},{"name":"setSeriesShift","signature":"setSeriesShift(b As Boolean)"},{"name":"getSeriesShift","signature":"getSeriesShift As Boolean"},{"name":"setStyles","signature":"setStyles(s As String)"},{"name":"setClasses","signature":"setClasses(s As String)"},{"name":"setPaddingAXYTBLR","signature":"setPaddingAXYTBLR(s As String)"},{"name":"setMarginAXYTBLR","signature":"setMarginAXYTBLR(s As String)"},{"name":"getAttributes","signature":"getAttributes As String"},{"name":"getStyles","signature":"getStyles As String"},{"name":"getClasses","signature":"getClasses As String"},{"name":"getPaddingAXYTBLR","signature":"getPaddingAXYTBLR As String"},{"name":"getMarginAXYTBLR","signature":"getMarginAXYTBLR As String"},{"name":"DesignerCreateView","signature":"DesignerCreateView (Target As BANanoElement, Props As Map)"},{"name":"getShadow","signature":"getShadow As String"},{"name":"getRounded","signature":"getRounded As String"},{"name":"getRoundedBox","signature":"getRoundedBox As Boolean"},{"name":"setRounded","signature":"setRounded(s As String)"},{"name":"setRoundedBox","signature":"setRoundedBox(b As Boolean)"},{"name":"setShadow","signature":"setShadow(s As String)"},{"name":"setChartType","signature":"setChartType(s As String)"},{"name":"setExportMenuFileName","signature":"setExportMenuFileName(s As String)"},{"name":"setExportMenuVisible","signature":"setExportMenuVisible(b As Boolean)"},{"name":"setHeight","signature":"setHeight(s As String)"},{"name":"setLegendPosition","signature":"setLegendPosition(s As String)"},{"name":"setLegendShowCheckbox","signature":"setLegendShowCheckbox(b As Boolean)"},{"name":"setLegendVisible","signature":"setLegendVisible(b As Boolean)"},{"name":"setSeriesDataLabelsOffsetX","signature":"setSeriesDataLabelsOffsetX(s As String)"},{"name":"setSeriesDataLabelsOffsetY","signature":"setSeriesDataLabelsOffsetY(s As String)"},{"name":"setSeriesDataLabelsPieSeriesNameVisible","signature":"setSeriesDataLabelsPieSeriesNameVisible(b As Boolean)"},{"name":"setSeriesDataLabelsPieSeriesNameAnchorOuter","signature":"setSeriesDataLabelsPieSeriesNameAnchorOuter(b As Boolean)"},{"name":"getSeriesDataLabelsPieSeriesNameAnchorOuter","signature":"getSeriesDataLabelsPieSeriesNameAnchorOuter As Boolean"},{"name":"setSeriesDataLabelsAnchor","signature":"setSeriesDataLabelsAnchor(s As String)"},{"name":"setSeriesAngleRangeStart","signature":"setSeriesAngleRangeStart(i As Int)"},{"name":"getSeriesAngleRangeStart","signature":"getSeriesAngleRangeStart As Int"},{"name":"setSeriesAngleRangeEnd","signature":"setSeriesAngleRangeEnd(i As Int)"},{"name":"getSeriesAngleRangeEnd","signature":"getSeriesAngleRangeEnd As Int"},{"name":"setSeriesClockWise","signature":"setSeriesClockWise(b As Boolean)"},{"name":"getSeriesClockWise","signature":"getSeriesClockWise As Boolean"},{"name":"getSeriesDataLabelsAnchor","signature":"getSeriesDataLabelsAnchor As String"},{"name":"setSeriesDataLabelsVisible","signature":"setSeriesDataLabelsVisible(b As Boolean)"},{"name":"setSeriesSelectable","signature":"setSeriesSelectable(b As Boolean)"},{"name":"setSeriesShowDot","signature":"setSeriesShowDot(b As Boolean)"},{"name":"setSeriesSpline","signature":"setSeriesSpline(b As Boolean)"},{"name":"setSeriesStacked","signature":"setSeriesStacked(b As Boolean)"},{"name":"setSeriesStackedPercent","signature":"setSeriesStackedPercent(b As Boolean)"},{"name":"setSeriesZoomable","signature":"setSeriesZoomable(b As Boolean)"},{"name":"setTitleAlign","signature":"setTitleAlign(s As String)"},{"name":"setTitleText","signature":"setTitleText(s As String)"},{"name":"setWidth","signature":"setWidth(s As String)"},{"name":"setXAxisDateFormat","signature":"setXAxisDateFormat(s As String)"},{"name":"setXAxisPointOnColumn","signature":"setXAxisPointOnColumn(b As Boolean)"},{"name":"setXAxisTitle","signature":"setXAxisTitle(s As String)"},{"name":"setYAxisTitle","signature":"setYAxisTitle(s As String)"},{"name":"getChartType","signature":"getChartType As String"},{"name":"getExportMenuFileName","signature":"getExportMenuFileName As String"},{"name":"getExportMenuVisible","signature":"getExportMenuVisible As Boolean"},{"name":"getHeight","signature":"getHeight As String"},{"name":"getLegendPosition","signature":"getLegendPosition As String"},{"name":"getLegendShowCheckbox","signature":"getLegendShowCheckbox As Boolean"},{"name":"getLegendVisible","signature":"getLegendVisible As Boolean"},{"name":"getSeriesDataLabelsOffsetX","signature":"getSeriesDataLabelsOffsetX As String"},{"name":"getSeriesDataLabelsOffsetY","signature":"getSeriesDataLabelsOffsetY As String"},{"name":"getSeriesDataLabelsPieSeriesNameVisible","signature":"getSeriesDataLabelsPieSeriesNameVisible As Boolean"},{"name":"getSeriesDataLabelsVisible","signature":"getSeriesDataLabelsVisible As Boolean"},{"name":"getSeriesSelectable","signature":"getSeriesSelectable As Boolean"},{"name":"getSeriesShowDot","signature":"getSeriesShowDot As Boolean"},{"name":"getSeriesSpline","signature":"getSeriesSpline As Boolean"},{"name":"getSeriesStacked","signature":"getSeriesStacked As Boolean"},{"name":"getSeriesStackedPercent","signature":"getSeriesStackedPercent As Boolean"},{"name":"getSeriesZoomable","signature":"getSeriesZoomable As Boolean"},{"name":"getSeriesDiverging","signature":"getSeriesDiverging As Boolean"},{"name":"setSeriesDiverging","signature":"setSeriesDiverging(b As Boolean)"},{"name":"getTitleAlign","signature":"getTitleAlign As String"},{"name":"getTitleText","signature":"getTitleText As String"},{"name":"getWidth","signature":"getWidth As String"},{"name":"getXAxisDateFormat","signature":"getXAxisDateFormat As String"},{"name":"getXAxisPointOnColumn","signature":"getXAxisPointOnColumn As Boolean"},{"name":"getXAxisTitle","signature":"getXAxisTitle As String"},{"name":"getYAxisTitle","signature":"getYAxisTitle As String"},{"name":"getYAxisTitleAlign","signature":"getYAxisTitleAlign As String"},{"name":"setYAxisTitleAlign","signature":"setYAxisTitleAlign(s As String)"},{"name":"Clear","signature":"Clear"},{"name":"AddSeriesCategoryValue","signature":"AddSeriesCategoryValue(seriesName As String, catName As String, value As Object)"},{"name":"AddCategory","signature":"AddCategory(catName As String)"},{"name":"AddCategories","signature":"AddCategories(cats As List)"},{"name":"AddColors","signature":"AddColors(cats As List)"},{"name":"AddSeries","signature":"AddSeries(SeriesName As String, values As List)"},{"name":"AddXY","signature":"AddXY(X As String, y As Object)"},{"name":"AddSeriesValue","signature":"AddSeriesValue(SeriesName As String, value As Object)"},{"name":"Refresh","signature":"Refresh"},{"name":"setCircularAxisTitleText","signature":"setCircularAxisTitleText(s As String)"},{"name":"getCircularAxisTitleText","signature":"getCircularAxisTitleText As String"},{"name":"setCircularAxisScaleMin","signature":"setCircularAxisScaleMin(i As Int)"},{"name":"setCircularAxisScaleMax","signature":"setCircularAxisScaleMax(i As Int)"},{"name":"setCircularLabelMargin","signature":"setCircularLabelMargin(i As Int)"},{"name":"getiCircularLabelMargin","signature":"getiCircularLabelMargin As Int"},{"name":"getCircularAxisScaleMax","signature":"getCircularAxisScaleMax As Int"},{"name":"getCircularAxisScaleMin","signature":"getCircularAxisScaleMin As Int"},{"name":"PlotBandInitialize","signature":"PlotBandInitialize()"},{"name":"AddPlotBandRange","signature":"AddPlotBandRange(iStart As Object, iEnd As String, sColor As String)"},{"name":"setThemePlotBandsBarWidth","signature":"setThemePlotBandsBarWidth(i As Int)"},{"name":"getThemePlotBandsBarWidth","signature":"getThemePlotBandsBarWidth As Int"},{"name":"setSeriesSolidClockHand","signature":"setSeriesSolidClockHand(b As Boolean)"},{"name":"getSeriesSolidClockHand","signature":"getSeriesSolidClockHand As Boolean"}]}