{"name":"SDUI5ToolTip","properties":[{"Key":"ReadMe","DisplayName":"ReadMe","FieldType":"String","DefaultValue":"Child Item _content","Description":"Child Item _content","List":""},{"Key":"ParentID","DisplayName":"ParentID","FieldType":"String","DefaultValue":"","Description":"The ParentID of this component","List":""},{"Key":"Tip","DisplayName":"Tip","FieldType":"String","DefaultValue":"Tooltip","Description":"Tip","List":""},{"Key":"HasContent","DisplayName":"Has Content","FieldType":"Boolean","DefaultValue":"False","Description":"Has Content","List":""},{"Key":"Color","DisplayName":"Color","FieldType":"String","DefaultValue":"none","Description":"Color","List":"accent|error|info|neutral|none|primary|secondary|success|warning"},{"Key":"Open","DisplayName":"Open","FieldType":"Boolean","DefaultValue":"False","Description":"Open","List":""},{"Key":"TooltipPosition","DisplayName":"Position","FieldType":"String","DefaultValue":"top","Description":"Position","List":"bottom|left|right|top"}],"events":[],"methods":[{"name":"Class_Globals","signature":"Class_Globals"},{"name":"Initialize","signature":"Initialize (Callback As Object, Name As String, EventName As String)"},{"name":"getID","signature":"getID() As String"},{"name":"SetProperties","signature":"SetProperties(props As Map)"},{"name":"GetProperties","signature":"GetProperties As Map"},{"name":"AddComponent","signature":"AddComponent"},{"name":"Remove","signature":"Remove()"},{"name":"setParentID","signature":"setParentID(s As String)"},{"name":"getHere","signature":"getHere() As String"},{"name":"DesignerCreateView","signature":"DesignerCreateView (Target As BANanoElement, Props As Map)"},{"name":"setHasContent\t\t\t","signature":"setHasContent(b As Boolean)\t\t\t"},{"name":"getHasContent","signature":"getHasContent As Boolean"},{"name":"setColor","signature":"setColor(s As String)"},{"name":"setOpen","signature":"setOpen(b As Boolean)"},{"name":"setPosition","signature":"setPosition(s As String)"},{"name":"setTip","signature":"setTip(s As String)"},{"name":"getColor","signature":"getColor As String"},{"name":"getOpen","signature":"getOpen As Boolean"},{"name":"getPosition","signature":"getPosition As String"},{"name":"getTip","signature":"getTip As String"},{"name":"getParentID","signature":"getParentID() As String"}]}