{"name":"SDUI5TabsItem","properties":[{"Key":"ReadMe","DisplayName":"ReadMe","FieldType":"String","DefaultValue":"Child Item _content","Description":"Child Item _content","List":""},{"Key":"ParentID","DisplayName":"ParentID","FieldType":"String","DefaultValue":"","Description":"The ParentID of this component","List":""},{"Key":"Width","DisplayName":"Width","FieldType":"String","DefaultValue":"","Description":"Width","List":""},{"Key":"Icon","DisplayName":"Icon","FieldType":"String","DefaultValue":"","Description":"Icon","List":""},{"Key":"IconSize","DisplayName":"Icon Size","FieldType":"String","DefaultValue":"20px","Description":"Icon Size","List":""},{"Key":"Text","DisplayName":"Text","FieldType":"String","DefaultValue":"Text","Description":"Text","List":""},{"Key":"Badge","DisplayName":"Badge","FieldType":"String","DefaultValue":"","Description":"Badge","List":""},{"Key":"BadgeColor","DisplayName":"Badge Color","FieldType":"String","DefaultValue":"","Description":"Badge Color","List":""},{"Key":"BadgeSize","DisplayName":"Badge Size","FieldType":"String","DefaultValue":"md","Description":"Badge Size","List":"lg|md|none|sm|xl|xs"},{"Key":"Active","DisplayName":"Active","FieldType":"Boolean","DefaultValue":"False","Description":"Active","List":""},{"Key":"BackgroundColor","DisplayName":"Background Color","FieldType":"String","DefaultValue":"","Description":"Background Color","List":""},{"Key":"BorderColor","DisplayName":"Border Color","FieldType":"String","DefaultValue":"","Description":"Border Color","List":""},{"Key":"TextColor","DisplayName":"Text Color","FieldType":"String","DefaultValue":"","Description":"Text Color","List":""},{"Key":"HasIcon","DisplayName":"Has Icon","FieldType":"Boolean","DefaultValue":"True","Description":"Has Icon","List":""},{"Key":"HasBadge","DisplayName":"Has Badge","FieldType":"Boolean","DefaultValue":"True","Description":"Has Badge","List":""},{"Key":"Disabled","DisplayName":"Disabled","FieldType":"Boolean","DefaultValue":"False","Description":"Disabled","List":""},{"Key":"Visible","DisplayName":"Visible","FieldType":"Boolean","DefaultValue":"True","Description":"If visible.","List":""},{"Key":"Enabled","DisplayName":"Enabled","FieldType":"Boolean","DefaultValue":"True","Description":"If enabled.","List":""},{"Key":"MarginAXYTBLR","DisplayName":"Margins","FieldType":"String","DefaultValue":"a=?; x=?; y=?; t=?; b=?; l=?; r=?","Description":"Margins A(all)-X(LR)-Y(TB)-T-B-L-R","List":""},{"Key":"PaddingAXYTBLR","DisplayName":"Paddings","FieldType":"String","DefaultValue":"a=?; x=?; y=?; t=?; b=?; l=?; r=?","Description":"Paddings A(all)-X(LR)-Y(TB)-T-B-L-R","List":""},{"Key":"RawClasses","DisplayName":"Classes (;)","FieldType":"String","DefaultValue":"","Description":"Classes added to the HTML tag.","List":""},{"Key":"RawStyles","DisplayName":"Styles (JSON)","FieldType":"String","DefaultValue":"","Description":"Styles added to the HTML tag. Must be a json String use = and ;","List":""},{"Key":"RawAttributes","DisplayName":"Attributes (JSON)","FieldType":"String","DefaultValue":"","Description":"Attributes added to the HTML tag. Must be a json String use = and ;","List":""}],"events":[],"methods":[{"name":"Class_Globals","signature":"Class_Globals"},{"name":"Initialize","signature":"Initialize (Callback As Object, Name As String, EventName As String)"},{"name":"LinkExisting","signature":"LinkExisting"},{"name":"getID","signature":"getID() As String"},{"name":"SetProperties","signature":"SetProperties(props As Map)"},{"name":"GetProperties","signature":"GetProperties As Map"},{"name":"AddComponent","signature":"AddComponent"},{"name":"Remove","signature":"Remove()"},{"name":"setParentID","signature":"setParentID(s As String)"},{"name":"getParentID","signature":"getParentID As String"},{"name":"getHere","signature":"getHere() As String"},{"name":"setVisible","signature":"setVisible(b As Boolean)"},{"name":"getVisible","signature":"getVisible As Boolean"},{"name":"setAttributes","signature":"setAttributes(s As String)"},{"name":"setStyles","signature":"setStyles(s As String)"},{"name":"setClasses","signature":"setClasses(s As String)"},{"name":"setPaddingAXYTBLR","signature":"setPaddingAXYTBLR(s As String)"},{"name":"setMarginAXYTBLR","signature":"setMarginAXYTBLR(s As String)"},{"name":"getAttributes","signature":"getAttributes As String"},{"name":"getStyles","signature":"getStyles As String"},{"name":"getClasses","signature":"getClasses As String"},{"name":"getPaddingAXYTBLR","signature":"getPaddingAXYTBLR As String"},{"name":"getMarginAXYTBLR","signature":"getMarginAXYTBLR As String"},{"name":"DesignerCreateView","signature":"DesignerCreateView (Target As BANanoElement, Props As Map)"},{"name":"setHasBadge\t\t\t\t\t","signature":"setHasBadge(b As Boolean)\t\t\t\t\t"},{"name":"getHasBadge","signature":"getHasBadge As Boolean"},{"name":"setHasIcon\t\t\t\t\t","signature":"setHasIcon(b As Boolean)\t\t\t\t\t"},{"name":"getHasIcon","signature":"getHasIcon As Boolean"},{"name":"setWidth","signature":"setWidth(s As String)"},{"name":"getWidth","signature":"getWidth As String"},{"name":"ClearContent","signature":"ClearContent"},{"name":"HideContent","signature":"HideContent(skey As String)"},{"name":"ShowContent","signature":"ShowContent(skey As String)"},{"name":"setIconSize","signature":"setIconSize(s As String)"},{"name":"getIconSize","signature":"getIconSize As String"},{"name":"setIcon\t\t\t\t","signature":"setIcon(s As String)\t\t\t\t"},{"name":"getIcon","signature":"getIcon As String"},{"name":"setText","signature":"setText(text As String)"},{"name":"getText","signature":"getText As String"},{"name":"setActive\t\t","signature":"setActive(b As Boolean)\t\t"},{"name":"setBackgroundColor\t\t\t\t","signature":"setBackgroundColor(s As String)\t\t\t\t"},{"name":"setBadge\t\t\t\t","signature":"setBadge(s As String)\t\t\t\t"},{"name":"setBadgeColor\t\t\t\t\t","signature":"setBadgeColor(s As String)\t\t\t\t\t"},{"name":"setBadgeSize","signature":"setBadgeSize(s As String)"},{"name":"setBorderColor\t\t\t","signature":"setBorderColor(s As String)\t\t\t"},{"name":"setEnabled\t\t\t","signature":"setEnabled(b As Boolean)\t\t\t"},{"name":"setTextColor\t\t\t","signature":"setTextColor(s As String)\t\t\t"},{"name":"getEnabled","signature":"getEnabled As Boolean"},{"name":"getActive","signature":"getActive As Boolean"},{"name":"getBackgroundColor","signature":"getBackgroundColor As String"},{"name":"getBadge","signature":"getBadge As String"},{"name":"getBadgeColor","signature":"getBadgeColor As String"},{"name":"getBadgeSize","signature":"getBadgeSize As String"},{"name":"getBorderColor","signature":"getBorderColor As String"},{"name":"getTextColor","signature":"getTextColor As String"}]}