{"name":"SDUI5Code","properties":[{"Key":"ReadMe","DisplayName":"ReadMe","FieldType":"String","DefaultValue":"Child Item _buttons (card)","Description":"Child Item _buttons (card)","List":""},{"Key":"ParentID","DisplayName":"ParentID","FieldType":"String","DefaultValue":"","Description":"The ParentID of this component","List":""},{"Key":"Caption","DisplayName":"Caption","FieldType":"String","DefaultValue":"Source Code","Description":"Caption","List":""},{"Key":"Language","DisplayName":"Language","FieldType":"String","DefaultValue":"vb","Description":"Language","List":"css|html|js|vb|json"},{"Key":"CodeType","DisplayName":"Code Type","FieldType":"String","DefaultValue":"default","Description":"Code Type","List":"card|default"},{"Key":"ButtonSize","DisplayName":"Button Size","FieldType":"String","DefaultValue":"md","Description":"Button Size","List":"lg|md|sm|xs|none"},{"Key":"ButtonsOutlined","DisplayName":"Buttons Outlined","FieldType":"Boolean","DefaultValue":"False","Description":"Buttons Outlined","List":""},{"Key":"HasDownload","DisplayName":"Has Download","FieldType":"Boolean","DefaultValue":"False","Description":"Has Download","List":""},{"Key":"HasRefresh","DisplayName":"Has Refresh","FieldType":"Boolean","DefaultValue":"False","Description":"Has Refresh","List":""},{"Key":"HasBack","DisplayName":"Has Back","FieldType":"Boolean","DefaultValue":"False","Description":"Has Back","List":""},{"Key":"FileName","DisplayName":"File Name","FieldType":"String","DefaultValue":"code.bas","Description":"File Name","List":""},{"Key":"RawContent","DisplayName":"Content","FieldType":"String","DefaultValue":"","Description":"Content","List":""},{"Key":"TextSize","DisplayName":"Text Size","FieldType":"String","DefaultValue":"none","Description":"Text Size","List":"2xl|3xl|4xl|5xl|6xl|7xl|8xl|9xl|base|lg|md|none|sm|xl|xs"},{"Key":"Height","DisplayName":"Height","FieldType":"String","DefaultValue":"800px","Description":"Height","List":""},{"Key":"Width","DisplayName":"Width","FieldType":"String","DefaultValue":"full","Description":"Width","List":""},{"Key":"Visible","DisplayName":"Visible","FieldType":"Boolean","DefaultValue":"True","Description":"If visible.","List":""},{"Key":"Enabled","DisplayName":"Enabled","FieldType":"Boolean","DefaultValue":"True","Description":"If enabled.","List":""},{"Key":"Rounded","DisplayName":"Rounded","FieldType":"String","DefaultValue":"none","Description":"Rounded","List":"0|2xl|3xl|full|lg|md|none|rounded|sm|xl"},{"Key":"RoundedBox","DisplayName":"Rounded Box","FieldType":"Boolean","DefaultValue":"False","Description":"Rounded Box","List":""},{"Key":"Shadow","DisplayName":"Shadow","FieldType":"String","DefaultValue":"xl","Description":"Shadow","List":"2xl|inner|lg|md|none|shadow|sm|xl"},{"Key":"PositionStyle","DisplayName":"Position Style","FieldType":"String","DefaultValue":"none","Description":"Position","List":"absolute|fixed|none|relative|static|sticky"},{"Key":"Position","DisplayName":"Position Locations","FieldType":"String","DefaultValue":"t=?; b=?; r=?; l=?","Description":"Position Locations","List":""},{"Key":"MarginAXYTBLR","DisplayName":"Margins","FieldType":"String","DefaultValue":"a=?; x=?; y=?; t=?; b=?; l=?; r=?","Description":"Margins A(all)-X(LR)-Y(TB)-T-B-L-R","List":""},{"Key":"PaddingAXYTBLR","DisplayName":"Paddings","FieldType":"String","DefaultValue":"a=?; x=?; y=?; t=?; b=?; l=?; r=?","Description":"Paddings A(all)-X(LR)-Y(TB)-T-B-L-R","List":""},{"Key":"RawClasses","DisplayName":"Classes (;)","FieldType":"String","DefaultValue":"","Description":"Classes added to the HTML tag.","List":""},{"Key":"RawStyles","DisplayName":"Styles (JSON)","FieldType":"String","DefaultValue":"","Description":"Styles added to the HTML tag. Must be a json String use = and ;","List":""},{"Key":"RawAttributes","DisplayName":"Attributes (JSON)","FieldType":"String","DefaultValue":"","Description":"Attributes added to the HTML tag. Must be a json String use = and ;","List":""}],"events":[{"name":"Download (e As BANanoEvent)"},{"name":"Refresh (e As BANanoEvent)"},{"name":"Back (e As BANanoEvent)"},{"name":"CustomButton (e As BANanoEvent)"}],"methods":[{"name":"Class_Globals","signature":"Class_Globals"},{"name":"Initialize","signature":"Initialize (Callback As Object, Name As String, EventName As String)"},{"name":"getID","signature":"getID() As String"},{"name":"SetProperties","signature":"SetProperties(props As Map)"},{"name":"GetProperties","signature":"GetProperties As Map"},{"name":"AddComponent","signature":"AddComponent"},{"name":"Remove","signature":"Remove()"},{"name":"setParentID","signature":"setParentID(s As String)"},{"name":"getParentID","signature":"getParentID As String"},{"name":"getHere","signature":"getHere() As String"},{"name":"setVisible","signature":"setVisible(b As Boolean)"},{"name":"getVisible","signature":"getVisible As Boolean"},{"name":"setEnabled","signature":"setEnabled(b As Boolean)"},{"name":"getEnabled","signature":"getEnabled As Boolean"},{"name":"setPositionStyle","signature":"setPositionStyle(s As String)"},{"name":"getPositionStyle","signature":"getPositionStyle As String"},{"name":"setPosition","signature":"setPosition(s As String)"},{"name":"getPosition","signature":"getPosition As String"},{"name":"setAttributes","signature":"setAttributes(s As String)"},{"name":"setStyles","signature":"setStyles(s As String)"},{"name":"setClasses","signature":"setClasses(s As String)"},{"name":"setPaddingAXYTBLR","signature":"setPaddingAXYTBLR(s As String)"},{"name":"setMarginAXYTBLR","signature":"setMarginAXYTBLR(s As String)"},{"name":"getAttributes","signature":"getAttributes As String"},{"name":"getStyles","signature":"getStyles As String"},{"name":"getClasses","signature":"getClasses As String"},{"name":"getPaddingAXYTBLR","signature":"getPaddingAXYTBLR As String"},{"name":"getMarginAXYTBLR","signature":"getMarginAXYTBLR As String"},{"name":"DesignerCreateView","signature":"DesignerCreateView (Target As BANanoElement, Props As Map)"},{"name":"setRounded","signature":"setRounded(s As String)"},{"name":"setRoundedBox","signature":"setRoundedBox(b As Boolean)"},{"name":"getRounded","signature":"getRounded As String"},{"name":"getRoundedBox","signature":"getRoundedBox As Boolean"},{"name":"getShadow","signature":"getShadow As String"},{"name":"setShadow","signature":"setShadow(s As String)"},{"name":"setButtonSize","signature":"setButtonSize(s As String)"},{"name":"getButtonSize","signature":"getButtonSize As String"},{"name":"setButtonsOutlined","signature":"setButtonsOutlined(b As Boolean)"},{"name":"getButtonsOutlined","signature":"getButtonsOutlined As Boolean"},{"name":"SetToolbarButtonBadge","signature":"SetToolbarButtonBadge(btn As String, value As String)"},{"name":"SetToolbarButtonBadgeColor","signature":"SetToolbarButtonBadgeColor(btn As String, value As String)"},{"name":"SetToolbarButtonBadgeSize","signature":"SetToolbarButtonBadgeSize(btn As String, value As String)"},{"name":"SetToolbarButtonBadgeRound","signature":"SetToolbarButtonBadgeRound(btn As String)"},{"name":"SetToolbarButtonBadgeTextColor","signature":"SetToolbarButtonBadgeTextColor(btn As String, value As String)"},{"name":"SetToolbarButtonTextColor\t\t","signature":"SetToolbarButtonTextColor(btn As String, value As String)\t\t"},{"name":"SetToolbarButtonVisible","signature":"SetToolbarButtonVisible(btn As String, value As Boolean)"},{"name":"SetToolbarButtonColor","signature":"SetToolbarButtonColor(btn As String, value As String)"},{"name":"SetToolbarButtonDisabled","signature":"SetToolbarButtonDisabled(btn As String, b As Boolean)"},{"name":"SetToolbarButtonEnable","signature":"SetToolbarButtonEnable(btn As String, b As Boolean)"},{"name":"SetToolbarButtonLoading","signature":"SetToolbarButtonLoading(btn As String, b As Boolean)"},{"name":"setHasRefresh\t\t\t","signature":"setHasRefresh(b As Boolean)\t\t\t"},{"name":"getHasRefresh","signature":"getHasRefresh As Boolean"},{"name":"setHasBack\t\t\t\t","signature":"setHasBack(b As Boolean)\t\t\t\t"},{"name":"getHasBack","signature":"getHasBack As Boolean"},{"name":"setHasDownload\t\t\t\t","signature":"setHasDownload(b As Boolean)\t\t\t\t"},{"name":"MoveBackButton\t\t\t\t\t\t\t","signature":"MoveBackButton\t\t\t\t\t\t\t"},{"name":"getHasDownload","signature":"getHasDownload As Boolean"},{"name":"getToolBarButtonID","signature":"getToolBarButtonID(btnID As String) As String"},{"name":"AddToolbarButton","signature":"AddToolbarButton(btnID As String, btnCaption As String, btnColor As String) As SDUI5Button"},{"name":"AddToolbarActionButton","signature":"AddToolbarActionButton(btnID As String, btnCaption As String, btnColor As String) As SDUI5Button\t\t"},{"name":"SetToolbarButtonToolTip\t\t\t","signature":"SetToolbarButtonToolTip(btnID As String, tooltip As String, color As String, position As String)\t\t\t"},{"name":"AddToolbarButtonIcon","signature":"AddToolbarButtonIcon(btnID As String, sIcon As String, btnColor As String, iconColor As String) As SDUI5Button\t\t\t"},{"name":"SetToolbarButtonTextColorWhite","signature":"SetToolbarButtonTextColorWhite(id As String)"},{"name":"AddToolbarActionButtonIcon","signature":"AddToolbarActionButtonIcon(btnID As String, sIcon As String, btnColor As String, iconColor As String) As SDUI5Button\t\t\t"},{"name":"AddToolbarFileUpload","signature":"AddToolbarFileUpload(btnID As String, sIcon As String, btnColor As String, bMultiple As Boolean) As SDUI5Button\t\t"},{"name":"setCodeType","signature":"setCodeType(s As String)"},{"name":"getCodeType","signature":"getCodeType As String"},{"name":"setCaption","signature":"setCaption(l As String)"},{"name":"getCaption","signature":"getCaption As String"},{"name":"setLanguage","signature":"setLanguage(l As String)"},{"name":"getLanguage","signature":"getLanguage As String"},{"name":"setFileName","signature":"setFileName(l As String)"},{"name":"getFileName","signature":"getFileName As String"},{"name":"setTextSize\t\t\t\t","signature":"setTextSize(s As String)\t\t\t\t"},{"name":"getTextSize","signature":"getTextSize As String"},{"name":"setContent","signature":"setContent(s As String)"},{"name":"getContent","signature":"getContent As String"},{"name":"Clear","signature":"Clear"},{"name":"AddCode","signature":"AddCode(cl As String)"},{"name":"PasteFromClipBoard","signature":"PasteFromClipBoard"},{"name":"CopyToClipboard","signature":"CopyToClipboard(txt As String)"},{"name":"RefreshRaw","signature":"RefreshRaw"},{"name":"Refresh","signature":"Refresh"},{"name":"Download","signature":"Download(FileName As String)"},{"name":"setHeight\t\t\t","signature":"setHeight(s As String)\t\t\t"},{"name":"setWidth","signature":"setWidth(s As String)"},{"name":"getHeight","signature":"getHeight As String"},{"name":"getWidth","signature":"getWidth As String"}]}