{"name":"SDUI5Badge","properties":[{"Key":"ParentID","DisplayName":"ParentID","FieldType":"String","DefaultValue":"","Description":"The ParentID of this component","List":""},{"Key":"UseSpan","DisplayName":"Use Span","FieldType":"Boolean","DefaultValue":"False","Description":"Use Span","List":""},{"Key":"Text","DisplayName":"Text","FieldType":"String","DefaultValue":"Badge","Description":"Text","List":""},{"Key":"Color","DisplayName":"Color","FieldType":"String","DefaultValue":"primary","Description":"Color","List":"accent|error|info|neutral|primary|secondary|success|warning|none"},{"Key":"Size","DisplayName":"Size","FieldType":"String","DefaultValue":"none","Description":"Size","List":"lg|md|none|sm|xl|xs"},{"Key":"TextColor","DisplayName":"Text Color","FieldType":"String","DefaultValue":"","Description":"Text Color","List":""},{"Key":"TextSize","DisplayName":"Text Size","FieldType":"String","DefaultValue":"none","Description":"Text Size","List":"2xl|3xl|4xl|5xl|6xl|7xl|8xl|9xl|base|lg|md|none|sm|xl|xs"},{"Key":"BackgroundColor","DisplayName":"Background Color","FieldType":"String","DefaultValue":"","Description":"Background Color","List":""},{"Key":"Dash","DisplayName":"Dash","FieldType":"Boolean","DefaultValue":"False","Description":"Dash","List":""},{"Key":"Ghost","DisplayName":"Ghost","FieldType":"Boolean","DefaultValue":"False","Description":"Ghost","List":""},{"Key":"Outline","DisplayName":"Outline","FieldType":"Boolean","DefaultValue":"False","Description":"Outline","List":""},{"Key":"Height","DisplayName":"Height","FieldType":"String","DefaultValue":"","Description":"Height","List":""},{"Key":"Width","DisplayName":"Width","FieldType":"String","DefaultValue":"","Description":"Width","List":""},{"Key":"LeftIcon","DisplayName":"Left Icon","FieldType":"String","DefaultValue":"","Description":"Left Icon","List":""},{"Key":"LeftIconColor","DisplayName":"Left Icon Color","FieldType":"String","DefaultValue":"","Description":"Left Icon Color","List":""},{"Key":"LeftIconSize","DisplayName":"Left Icon Size","FieldType":"String","DefaultValue":"16px","Description":"Left Icon Size","List":""},{"Key":"LeftImage","DisplayName":"Left Image","FieldType":"String","DefaultValue":"","Description":"Left Image","List":""},{"Key":"LeftImageSize","DisplayName":"Left Image Size","FieldType":"String","DefaultValue":"16px","Description":"Left Image Size","List":""},{"Key":"RightIcon","DisplayName":"Right Icon","FieldType":"String","DefaultValue":"","Description":"Right Icon","List":""},{"Key":"RightIconColor","DisplayName":"Right Icon Color","FieldType":"String","DefaultValue":"","Description":"Right Icon Color","List":""},{"Key":"RightIconSize","DisplayName":"Right Icon Size","FieldType":"String","DefaultValue":"16px","Description":"Right Icon Size","List":""},{"Key":"RightImage","DisplayName":"Right Image","FieldType":"String","DefaultValue":"","Description":"Right Image","List":""},{"Key":"RightImageSize","DisplayName":"Right Image Size","FieldType":"String","DefaultValue":"16px","Description":"Right Image Size","List":""},{"Key":"Rounded","DisplayName":"Rounded","FieldType":"String","DefaultValue":"full","Description":"Rounded","List":"none|rounded|2xl|3xl|full|lg|md|sm|xl|0"},{"Key":"Shadow","DisplayName":"Shadow","FieldType":"String","DefaultValue":"none","Description":"Shadow","List":"2xl|inner|lg|md|none|shadow|sm|xl"},{"Key":"HasLeftIcon","DisplayName":"Has Left Icon","FieldType":"Boolean","DefaultValue":"True","Description":"Has Left Icon","List":""},{"Key":"HasLeftImage","DisplayName":"Has Left Image","FieldType":"Boolean","DefaultValue":"True","Description":"Has Left Image","List":""},{"Key":"HasRightIcon","DisplayName":"Has Right Icon","FieldType":"Boolean","DefaultValue":"True","Description":"Has Right Icon","List":""},{"Key":"HasRightImage","DisplayName":"Has Right Image","FieldType":"Boolean","DefaultValue":"True","Description":"Has Right Image","List":""},{"Key":"Soft","DisplayName":"Soft","FieldType":"Boolean","DefaultValue":"False","Description":"Soft","List":""},{"Key":"IndicatorItem","DisplayName":"Indicator Item","FieldType":"Boolean","DefaultValue":"False","Description":"Indicator Item","List":""},{"Key":"IndicatorPosition","DisplayName":"Indicator Position","FieldType":"String","DefaultValue":"top-start","Description":"Indicator Position","List":"bottom-center|middle-center|bottom-end|bottom-start|middle-end|middle-start|top-center|top-end|top-start"},{"Key":"Visible","DisplayName":"Visible","FieldType":"Boolean","DefaultValue":"True","Description":"If visible.","List":""},{"Key":"Enabled","DisplayName":"Enabled","FieldType":"Boolean","DefaultValue":"True","Description":"If enabled.","List":""},{"Key":"PositionStyle","DisplayName":"Position Style","FieldType":"String","DefaultValue":"none","Description":"Position","List":"absolute|fixed|none|relative|static|sticky"},{"Key":"Position","DisplayName":"Position Locations","FieldType":"String","DefaultValue":"t=?; b=?; r=?; l=?","Description":"Position Locations","List":""},{"Key":"MarginAXYTBLR","DisplayName":"Margins","FieldType":"String","DefaultValue":"a=?; x=?; y=?; t=?; b=?; l=?; r=?","Description":"Margins A(all)-X(LR)-Y(TB)-T-B-L-R","List":""},{"Key":"PaddingAXYTBLR","DisplayName":"Paddings","FieldType":"String","DefaultValue":"a=?; x=?; y=?; t=?; b=?; l=?; r=?","Description":"Paddings A(all)-X(LR)-Y(TB)-T-B-L-R","List":""},{"Key":"RawClasses","DisplayName":"Classes (;)","FieldType":"String","DefaultValue":"","Description":"Classes added to the HTML tag.","List":""},{"Key":"RawStyles","DisplayName":"Styles (JSON)","FieldType":"String","DefaultValue":"","Description":"Styles added to the HTML tag. Must be a json String use = and ;","List":""},{"Key":"RawAttributes","DisplayName":"Attributes (JSON)","FieldType":"String","DefaultValue":"","Description":"Attributes added to the HTML tag. Must be a json String use = and ;","List":""}],"events":[{"name":"Click (e As BANanoEvent)"},{"name":"LeftClick (e As BANanoEvent)"},{"name":"RightClick (e As BANanoEvent)"}],"methods":[{"name":"Class_Globals","signature":"Class_Globals"},{"name":"Initialize","signature":"Initialize (Callback As Object, Name As String, EventName As String)"},{"name":"getID","signature":"getID() As String"},{"name":"SetProperties","signature":"SetProperties(props As Map)"},{"name":"GetProperties","signature":"GetProperties As Map"},{"name":"AddComponent","signature":"AddComponent"},{"name":"Remove","signature":"Remove()"},{"name":"setParentID","signature":"setParentID(s As String)"},{"name":"getHere","signature":"getHere() As String"},{"name":"setVisible","signature":"setVisible(b As Boolean)"},{"name":"getVisible","signature":"getVisible As Boolean"},{"name":"setEnabled","signature":"setEnabled(b As Boolean)"},{"name":"getEnabled","signature":"getEnabled As Boolean"},{"name":"setPositionStyle","signature":"setPositionStyle(s As String)"},{"name":"getPositionStyle","signature":"getPositionStyle As String"},{"name":"setPosition","signature":"setPosition(s As String)"},{"name":"getPosition","signature":"getPosition As String"},{"name":"setAttributes","signature":"setAttributes(s As String)"},{"name":"setStyles","signature":"setStyles(s As String)"},{"name":"setClasses","signature":"setClasses(s As String)"},{"name":"setPaddingAXYTBLR","signature":"setPaddingAXYTBLR(s As String)"},{"name":"setMarginAXYTBLR","signature":"setMarginAXYTBLR(s As String)"},{"name":"getAttributes","signature":"getAttributes As String"},{"name":"getStyles","signature":"getStyles As String"},{"name":"getClasses","signature":"getClasses As String"},{"name":"getPaddingAXYTBLR","signature":"getPaddingAXYTBLR As String"},{"name":"getMarginAXYTBLR","signature":"getMarginAXYTBLR As String"},{"name":"setText","signature":"setText(text As String)"},{"name":"getText","signature":"getText As String"},{"name":"DesignerCreateView","signature":"DesignerCreateView (Target As BANanoElement, Props As Map)"},{"name":"setHasLeftImage\t\t\t\t","signature":"setHasLeftImage(b As Boolean)\t\t\t\t"},{"name":"getHasLeftImage","signature":"getHasLeftImage As Boolean"},{"name":"setHasLeftIcon\t\t\t\t","signature":"setHasLeftIcon(b As Boolean)\t\t\t\t"},{"name":"getHasLeftIcon","signature":"getHasLeftIcon As Boolean"},{"name":"setHasRightIcon\t\t\t\t","signature":"setHasRightIcon(b As Boolean)\t\t\t\t"},{"name":"getHasRightIcon","signature":"getHasRightIcon As Boolean"},{"name":"setHasRightImage\t\t\t\t","signature":"setHasRightImage(b As Boolean)\t\t\t\t"},{"name":"getHasRightImage","signature":"getHasRightImage As Boolean"},{"name":"setLeftImage\t\t\t","signature":"setLeftImage(s As String)\t\t\t"},{"name":"setLeftImageSize\t\t\t","signature":"setLeftImageSize(s As String)\t\t\t"},{"name":"setRightImage\t\t\t\t","signature":"setRightImage(s As String)\t\t\t\t"},{"name":"setRightImageSize\t\t\t","signature":"setRightImageSize(s As String)\t\t\t"},{"name":"setRounded\t\t\t","signature":"setRounded(s As String)\t\t\t"},{"name":"setShadow\t\t\t\t\t","signature":"setShadow(s As String)\t\t\t\t\t"},{"name":"getLeftImage","signature":"getLeftImage As String"},{"name":"getLeftImageSize","signature":"getLeftImageSize As String"},{"name":"getRightImage","signature":"getRightImage As String"},{"name":"getRightImageSize","signature":"getRightImageSize As String"},{"name":"getRounded","signature":"getRounded As String"},{"name":"getShadow","signature":"getShadow As String"},{"name":"setBackgroundColor","signature":"setBackgroundColor(s As String)"},{"name":"setColor","signature":"setColor(s As String)"},{"name":"setDash","signature":"setDash(b As Boolean)"},{"name":"setGhost","signature":"setGhost(b As Boolean)"},{"name":"setHeight","signature":"setHeight(s As String)"},{"name":"setLeftIcon\t\t\t","signature":"setLeftIcon(s As String)\t\t\t"},{"name":"setLeftIconColor","signature":"setLeftIconColor(s As String)  "},{"name":"setLeftIconSize","signature":"setLeftIconSize(s As String)   "},{"name":"setOutline","signature":"setOutline(b As Boolean)"},{"name":"setRightIcon\t\t","signature":"setRightIcon(s As String)\t\t"},{"name":"setRightIconColor\t\t\t","signature":"setRightIconColor(s As String)\t\t\t"},{"name":"setRightIconSize\t\t\t\t","signature":"setRightIconSize(s As String)\t\t\t\t"},{"name":"setSize\t\t\t\t","signature":"setSize(s As String)\t\t\t\t"},{"name":"setSoft","signature":"setSoft(b As Boolean)"},{"name":"setTextColor\t\t\t\t","signature":"setTextColor(s As String)\t\t\t\t"},{"name":"setTextSize\t\t\t\t","signature":"setTextSize(s As String)\t\t\t\t"},{"name":"setUseSpan","signature":"setUseSpan(b As Boolean)"},{"name":"setWidth","signature":"setWidth(s As String)"},{"name":"getBackgroundColor","signature":"getBackgroundColor As String"},{"name":"getColor","signature":"getColor As String"},{"name":"getDash","signature":"getDash As Boolean"},{"name":"getGhost","signature":"getGhost As Boolean"},{"name":"getHeight","signature":"getHeight As String"},{"name":"getLeftIcon","signature":"getLeftIcon As String"},{"name":"getLeftIconColor","signature":"getLeftIconColor As String"},{"name":"getLeftIconSize","signature":"getLeftIconSize As String"},{"name":"getOutline","signature":"getOutline As Boolean"},{"name":"getRightIcon","signature":"getRightIcon As String"},{"name":"getRightIconColor","signature":"getRightIconColor As String"},{"name":"getRightIconSize","signature":"getRightIconSize As String"},{"name":"getSize","signature":"getSize As String"},{"name":"getSoft","signature":"getSoft As Boolean"},{"name":"getTextColor","signature":"getTextColor As String"},{"name":"getTextSize","signature":"getTextSize As String"},{"name":"getUseSpan","signature":"getUseSpan As Boolean"},{"name":"getWidth","signature":"getWidth As String"},{"name":"setIndicatorPosition\t\t\t\t","signature":"setIndicatorPosition(s As String)\t\t\t\t"},{"name":"setIndicatorItem","signature":"setIndicatorItem(b As Boolean)"},{"name":"getIndicatorPosition","signature":"getIndicatorPosition As String"},{"name":"getIndicatorItem","signature":"getIndicatorItem As Boolean"},{"name":"getParentID","signature":"getParentID() As String"}]}