{"name":"SDUI5BasicLabel","properties":[{"Key":"ParentID","DisplayName":"ParentID","FieldType":"String","DefaultValue":"","Description":"The ParentID of this component","List":""},{"Key":"TagType","DisplayName":"Tag Type","FieldType":"String","DefaultValue":"div","Description":"Tag Type","List":""},{"Key":"HorizontalAnchor","DisplayName":"Horizontal Anchor","FieldType":"String","DefaultValue":"left","Description":"Horizontal Anchor","List":"left|left-right|right"},{"Key":"VerticalAnchor","DisplayName":"Vertical Anchor","FieldType":"String","DefaultValue":"top","Description":"Vertical Anchor","List":"bottom|top|top-bottom"},{"Key":"PositionStyle","DisplayName":"Position","FieldType":"String","DefaultValue":"none","Description":"Position","List":"absolute|fixed|none|relative|static|sticky"},{"Key":"BoxSizing","DisplayName":"Box Sizing","FieldType":"String","DefaultValue":"border-box","Description":"Determines How The Total Width And Height Of An Element Are Calculated.","List":"border-box|none"},{"Key":"LineHeight","DisplayName":"Line Height","FieldType":"String","DefaultValue":"","Description":"Line Height","List":""},{"Key":"Left","DisplayName":"Left","FieldType":"String","DefaultValue":"","Description":"Left","List":""},{"Key":"Right","DisplayName":"Right","FieldType":"String","DefaultValue":"","Description":"Right","List":""},{"Key":"Top","DisplayName":"Top","FieldType":"String","DefaultValue":"","Description":"Top","List":""},{"Key":"Bottom","DisplayName":"Bottom","FieldType":"String","DefaultValue":"","Description":"Bottom","List":""},{"Key":"Width","DisplayName":"Width","FieldType":"String","DefaultValue":"100px","Description":"Width","List":""},{"Key":"Height","DisplayName":"Height","FieldType":"String","DefaultValue":"60px","Description":"Height","List":""},{"Key":"Enabled","DisplayName":"Enabled","FieldType":"Boolean","DefaultValue":"True","Description":"If enabled.","List":""},{"Key":"Visible","DisplayName":"Visible","FieldType":"Boolean","DefaultValue":"True","Description":"If visible.","List":""},{"Key":"BorderSet","DisplayName":"Set Border","FieldType":"Boolean","DefaultValue":"False","Description":"Set Border","List":""},{"Key":"BorderColor","DisplayName":"Border Color","FieldType":"Color","DefaultValue":"#000000","Description":"Border Color","List":""},{"Key":"BorderWidth","DisplayName":"Border Width","FieldType":"String","DefaultValue":"0px","Description":"Border Width","List":""},{"Key":"BorderRadius","DisplayName":"Border Radius","FieldType":"String","DefaultValue":"0px","Description":"Border Radius","List":""},{"Key":"BorderStyle","DisplayName":"Border Style","FieldType":"String","DefaultValue":"solid","Description":"Border Style","List":"dashed|dotted|double|groove|hidden|inherit|initial|inset|none|outset|ridge|solid"},{"Key":"Text","DisplayName":"Text","FieldType":"String","DefaultValue":"Text","Description":"Text","List":""},{"Key":"WrapText","DisplayName":"Wrap Text","FieldType":"Boolean","DefaultValue":"False","Description":"Wrap Text","List":""},{"Key":"TextColor","DisplayName":"Text Color","FieldType":"Color","DefaultValue":"#000000","Description":"Text Color","List":""},{"Key":"Alignment","DisplayName":"Alignment","FieldType":"String","DefaultValue":"center","Description":"Alignment","List":"bottom|center|left|right|top|none"},{"Key":"BackgroundColor","DisplayName":"Background Color","FieldType":"String","DefaultValue":"transparent","Description":"Background Color","List":""},{"Key":"FontAwesomeIcon","DisplayName":"Font Awesome Icon","FieldType":"String","DefaultValue":"","Description":"Font Awesome Icon","List":""},{"Key":"MaterialIcon","DisplayName":"Material Icon","FieldType":"String","DefaultValue":"","Description":"Material Icon","List":""},{"Key":"FontName","DisplayName":"Font Name","FieldType":"String","DefaultValue":"","Description":"Font Name","List":""},{"Key":"FontBold","DisplayName":"Font Bold","FieldType":"Boolean","DefaultValue":"False","Description":"Font Bold","List":""},{"Key":"FontSize","DisplayName":"Font Size","FieldType":"String","DefaultValue":"15","Description":"Font Size","List":""},{"Key":"FontItalic","DisplayName":"Font Italic","FieldType":"Boolean","DefaultValue":"False","Description":"Font Italic","List":""},{"Key":"GradientActive","DisplayName":"GradientActive","FieldType":"Boolean","DefaultValue":"false","Description":"Gradient should be set","List":""},{"Key":"Gradient","DisplayName":"Gradient","FieldType":"String","DefaultValue":"","Description":"Gradient","List":"bl_tr|bottom_top|br_tl|left_right|right_left|tl_br|top_bottom|tr_bl"},{"Key":"GradientColor1","DisplayName":"GradientColor1","FieldType":"Color","DefaultValue":"#f86194","Gradient Color 1.":"Gradient Color 1.","List":""},{"Key":"GradientColor2","DisplayName":"GradientColor2","FieldType":"Color","DefaultValue":"#968918","Gradient Color 2.":"Gradient Color 2.","List":""},{"Key":"MarginLeft","DisplayName":"Margin Left","FieldType":"String","DefaultValue":"","Description":"Margin Left","List":""},{"Key":"MarginRight","DisplayName":"Margin Right","FieldType":"String","DefaultValue":"","Description":"Margin Right","List":""},{"Key":"MarginTop","DisplayName":"Margin Top","FieldType":"String","DefaultValue":"","Description":"Margin Top","List":""},{"Key":"MarginBottom","DisplayName":"Margin Bottom","FieldType":"String","DefaultValue":"","Description":"Margin Bottom","List":""},{"Key":"PaddingLeft","DisplayName":"Padding Left","FieldType":"String","DefaultValue":"","Description":"Padding Left","List":""},{"Key":"PaddingRight","DisplayName":"Padding Right","FieldType":"String","DefaultValue":"","Description":"Padding Right","List":""},{"Key":"PaddingTop","DisplayName":"Padding Top","FieldType":"String","DefaultValue":"","Description":"Padding Top","List":""},{"Key":"PaddingBottom","DisplayName":"Padding Bottom","FieldType":"String","DefaultValue":"","Description":"Padding Bottom","List":""},{"Key":"RawClasses","DisplayName":"Classes (;)","FieldType":"String","DefaultValue":"","Description":"Classes added to the HTML tag.","List":""},{"Key":"RawStyles","DisplayName":"Styles (JSON)","FieldType":"String","DefaultValue":"","Description":"Styles added to the HTML tag. Must be a json String use = and ;","List":""},{"Key":"RawAttributes","DisplayName":"Attributes (JSON)","FieldType":"String","DefaultValue":"","Description":"Attributes added to the HTML tag. Must be a json String use = and ;","List":""}],"events":[],"methods":[{"name":"Class_Globals","signature":"Class_Globals"},{"name":"Initialize","signature":"Initialize (Callback As Object, Name As String, EventName As String)"},{"name":"getID","signature":"getID() As String"},{"name":"SetProperties","signature":"SetProperties(props As Map)"},{"name":"GetProperties","signature":"GetProperties As Map"},{"name":"AddComponent","signature":"AddComponent"},{"name":"Remove","signature":"Remove()"},{"name":"setParentID","signature":"setParentID(s As String)"},{"name":"getParentID","signature":"getParentID As String"},{"name":"getHere","signature":"getHere() As String"},{"name":"setVisible","signature":"setVisible(b As Boolean)"},{"name":"getVisible","signature":"getVisible As Boolean"},{"name":"setEnabled","signature":"setEnabled(b As Boolean)"},{"name":"getEnabled","signature":"getEnabled As Boolean"},{"name":"OnEvent","signature":"OnEvent(event As String, methodName As String)"},{"name":"setPositionStyle","signature":"setPositionStyle(s As String)"},{"name":"getPositionStyle","signature":"getPositionStyle As String"},{"name":"setAttributes","signature":"setAttributes(s As String)"},{"name":"setStyles","signature":"setStyles(s As String)"},{"name":"setClasses","signature":"setClasses(s As String)"},{"name":"getAttributes","signature":"getAttributes As String"},{"name":"getStyles","signature":"getStyles As String"},{"name":"getClasses","signature":"getClasses As String"},{"name":"setText","signature":"setText(s As String)"},{"name":"getText","signature":"getText As String"},{"name":"DesignerCreateView","signature":"DesignerCreateView (Target As BANanoElement, Props As Map)"},{"name":"setAlignment\t\t\t\t","signature":"setAlignment(s As String)\t\t\t\t"},{"name":"setBackgroundColor","signature":"setBackgroundColor(s As String)"},{"name":"setBorderColor","signature":"setBorderColor(c As String)"},{"name":"setBorderRadius","signature":"setBorderRadius(s As String)"},{"name":"setBorderSet","signature":"setBorderSet(b As Boolean)"},{"name":"setBorderStyle","signature":"setBorderStyle(s As String)"},{"name":"setBorderWidth","signature":"setBorderWidth(s As String)"},{"name":"setBottom","signature":"setBottom(s As String)"},{"name":"setBoxSizing","signature":"setBoxSizing(s As String)"},{"name":"setFontBold","signature":"setFontBold(b As Boolean)"},{"name":"setFontItalic","signature":"setFontItalic(b As Boolean)"},{"name":"setFontName","signature":"setFontName(s As String)"},{"name":"setFontSize","signature":"setFontSize(s As String)"},{"name":"setHeight","signature":"setHeight(s As String)"},{"name":"setHorizontalAnchor","signature":"setHorizontalAnchor(s As String)"},{"name":"setLeft","signature":"setLeft(s As String)"},{"name":"setLineHeight","signature":"setLineHeight(s As String)"},{"name":"setMarginBottom","signature":"setMarginBottom(s As String)"},{"name":"setMarginLeft","signature":"setMarginLeft(s As String)"},{"name":"setMarginRight","signature":"setMarginRight(s As String)"},{"name":"setMarginTop","signature":"setMarginTop(s As String)"},{"name":"setPaddingBottom","signature":"setPaddingBottom(s As String)"},{"name":"setPaddingLeft","signature":"setPaddingLeft(s As String)"},{"name":"setPaddingRight","signature":"setPaddingRight(s As String)"},{"name":"setPaddingTop","signature":"setPaddingTop(s As String)"},{"name":"setRight","signature":"setRight(s As String)"},{"name":"setTagType","signature":"setTagType(s As String)"},{"name":"setTextColor","signature":"setTextColor(c As String)"},{"name":"setTop","signature":"setTop(s As String)"},{"name":"setVerticalAnchor","signature":"setVerticalAnchor(s As String)"},{"name":"setWidth","signature":"setWidth(s As String)"},{"name":"setWrapText","signature":"setWrapText(b As Boolean)"},{"name":"getAlignment","signature":"getAlignment As String"},{"name":"getBackgroundColor","signature":"getBackgroundColor As String"},{"name":"getBorderColor","signature":"getBorderColor As Object"},{"name":"getBorderRadius","signature":"getBorderRadius As String"},{"name":"getBorderSet","signature":"getBorderSet As Boolean"},{"name":"getBorderStyle","signature":"getBorderStyle As String"},{"name":"getBorderWidth","signature":"getBorderWidth As String"},{"name":"getBottom","signature":"getBottom As String"},{"name":"getBoxSizing","signature":"getBoxSizing As String"},{"name":"getFontBold","signature":"getFontBold As Boolean"},{"name":"getFontItalic","signature":"getFontItalic As Boolean"},{"name":"getFontName","signature":"getFontName As String"},{"name":"getFontSize","signature":"getFontSize As String"},{"name":"getHeight","signature":"getHeight As String"},{"name":"getHorizontalAnchor","signature":"getHorizontalAnchor As String"},{"name":"getLeft","signature":"getLeft As String"},{"name":"getLineHeight","signature":"getLineHeight As String"},{"name":"getMarginBottom","signature":"getMarginBottom As String"},{"name":"getMarginLeft","signature":"getMarginLeft As String"},{"name":"getMarginRight","signature":"getMarginRight As String"},{"name":"getMarginTop","signature":"getMarginTop As String"},{"name":"getPaddingBottom","signature":"getPaddingBottom As String"},{"name":"getPaddingLeft","signature":"getPaddingLeft As String"},{"name":"getPaddingRight","signature":"getPaddingRight As String"},{"name":"getPaddingTop","signature":"getPaddingTop As String"},{"name":"getRight","signature":"getRight As String"},{"name":"getTagType","signature":"getTagType As String"},{"name":"getTextColor","signature":"getTextColor As Object"},{"name":"getTop","signature":"getTop As String"},{"name":"getVerticalAnchor","signature":"getVerticalAnchor As String"},{"name":"getWidth","signature":"getWidth As String"},{"name":"getWrapText","signature":"getWrapText As Boolean"}]}