{"name":"SDUI5ContextMenu","properties":[{"Key":"ParentID","DisplayName":"ParentID","FieldType":"String","DefaultValue":"","Description":"The ParentID of this component","List":""},{"Key":"Target","DisplayName":"Target","FieldType":"String","DefaultValue":"","Description":"Target","List":""},{"Key":"Size","DisplayName":"Size","FieldType":"String","DefaultValue":"md","Description":"Size","List":"lg|md|none|sm|xl|xs"},{"Key":"Width","DisplayName":"Width","FieldType":"String","DefaultValue":"56","Description":"Width","List":""},{"Key":"BackgroundColor","DisplayName":"Background Color","FieldType":"String","DefaultValue":"base-200","Description":"Background Color","List":""},{"Key":"Horizontal","DisplayName":"Horizontal","FieldType":"Boolean","DefaultValue":"False","Description":"Horizontal","List":""},{"Key":"IconHeight","DisplayName":"Icon Height","FieldType":"String","DefaultValue":"16px","Description":"Icon Height","List":""},{"Key":"IconWidth","DisplayName":"Icon Width","FieldType":"String","DefaultValue":"16px","Description":"Icon Width","List":""},{"Key":"ItemActiveColor","DisplayName":"Item Active Color","FieldType":"String","DefaultValue":"","Description":"Item Active Color","List":""},{"Key":"ItemColor","DisplayName":"Item Color","FieldType":"String","DefaultValue":"primary","Description":"Item Color","List":""},{"Key":"ItemFocusColor","DisplayName":"Item Focus Color","FieldType":"String","DefaultValue":"","Description":"Item Focus Color","List":""},{"Key":"ItemHoverColor","DisplayName":"Item Hover Color","FieldType":"String","DefaultValue":"","Description":"Item Hover Color","List":""},{"Key":"RoundedBox","DisplayName":"Rounded Box","FieldType":"Boolean","DefaultValue":"True","Description":"Rounded Box","List":""},{"Key":"Shadow","DisplayName":"Shadow","FieldType":"String","DefaultValue":"lg","Description":"Shadow","List":"2xl|inner|lg|md|none|shadow|sm|xl"},{"Key":"Visible","DisplayName":"Visible","FieldType":"Boolean","DefaultValue":"True","Description":"If visible.","List":""},{"Key":"Enabled","DisplayName":"Enabled","FieldType":"Boolean","DefaultValue":"True","Description":"If enabled.","List":""},{"Key":"MarginAXYTBLR","DisplayName":"Margins","FieldType":"String","DefaultValue":"a=?; x=?; y=?; t=?; b=?; l=?; r=?","Description":"Margins A(all)-X(LR)-Y(TB)-T-B-L-R","List":""},{"Key":"PaddingAXYTBLR","DisplayName":"Paddings","FieldType":"String","DefaultValue":"a=?; x=?; y=?; t=?; b=?; l=?; r=?","Description":"Paddings A(all)-X(LR)-Y(TB)-T-B-L-R","List":""},{"Key":"RawClasses","DisplayName":"Classes (;)","FieldType":"String","DefaultValue":"","Description":"Classes added to the HTML tag.","List":""},{"Key":"RawStyles","DisplayName":"Styles (JSON)","FieldType":"String","DefaultValue":"","Description":"Styles added to the HTML tag. Must be a json String use = and ;","List":""},{"Key":"RawAttributes","DisplayName":"Attributes (JSON)","FieldType":"String","DefaultValue":"","Description":"Attributes added to the HTML tag. Must be a json String use = and ;","List":""}],"events":[{"name":"ItemClick (e As BANanoEvent)"}],"methods":[{"name":"Class_Globals","signature":"Class_Globals"},{"name":"Initialize","signature":"Initialize (Callback As Object, Name As String, EventName As String)"},{"name":"getID","signature":"getID() As String"},{"name":"SetProperties","signature":"SetProperties(props As Map)"},{"name":"GetProperties","signature":"GetProperties As Map"},{"name":"AddComponent","signature":"AddComponent"},{"name":"Remove","signature":"Remove()"},{"name":"setParentID","signature":"setParentID(s As String)"},{"name":"getParentID","signature":"getParentID As String"},{"name":"getHere","signature":"getHere() As String"},{"name":"setVisible","signature":"setVisible(b As Boolean)"},{"name":"getVisible","signature":"getVisible As Boolean"},{"name":"setEnabled","signature":"setEnabled(b As Boolean)"},{"name":"getEnabled","signature":"getEnabled As Boolean"},{"name":"OnEvent","signature":"OnEvent(event As String, methodName As String)"},{"name":"setAttributes","signature":"setAttributes(s As String)"},{"name":"setStyles","signature":"setStyles(s As String)"},{"name":"setClasses","signature":"setClasses(s As String)"},{"name":"setPaddingAXYTBLR","signature":"setPaddingAXYTBLR(s As String)"},{"name":"setMarginAXYTBLR","signature":"setMarginAXYTBLR(s As String)"},{"name":"getAttributes","signature":"getAttributes As String"},{"name":"getStyles","signature":"getStyles As String"},{"name":"getClasses","signature":"getClasses As String"},{"name":"getPaddingAXYTBLR","signature":"getPaddingAXYTBLR As String"},{"name":"getMarginAXYTBLR","signature":"getMarginAXYTBLR As String"},{"name":"DesignerCreateView","signature":"DesignerCreateView (Target As BANanoElement, Props As Map)"},{"name":"UpdateSettings","signature":"UpdateSettings"},{"name":"AddItem","signature":"AddItem(parentId As String, nodeId As String, iconUrl As String, label As String)"},{"name":"Refresh","signature":"Refresh"},{"name":"Clear","signature":"Clear"},{"name":"setBackgroundColor","signature":"setBackgroundColor(s As String)"},{"name":"setHorizontal","signature":"setHorizontal(b As Boolean)"},{"name":"setIconHeight","signature":"setIconHeight(s As String)"},{"name":"setIconWidth","signature":"setIconWidth(s As String)"},{"name":"setItemActiveColor","signature":"setItemActiveColor(s As String)"},{"name":"setItemColor","signature":"setItemColor(s As String)"},{"name":"setItemFocusColor","signature":"setItemFocusColor(s As String)"},{"name":"setItemHoverColor","signature":"setItemHoverColor(s As String)"},{"name":"setRoundedBox","signature":"setRoundedBox(b As Boolean)"},{"name":"setShadow","signature":"setShadow(s As String)"},{"name":"setSize","signature":"setSize(s As String)"},{"name":"setTarget","signature":"setTarget(s As String)"},{"name":"setWidth","signature":"setWidth(s As String)"},{"name":"getBackgroundColor","signature":"getBackgroundColor As String"},{"name":"getHorizontal","signature":"getHorizontal As Boolean"},{"name":"getIconHeight","signature":"getIconHeight As String"},{"name":"getIconWidth","signature":"getIconWidth As String"},{"name":"getItemActiveColor","signature":"getItemActiveColor As String"},{"name":"getItemColor","signature":"getItemColor As String"},{"name":"getItemFocusColor","signature":"getItemFocusColor As String"},{"name":"getItemHoverColor","signature":"getItemHoverColor As String"},{"name":"getRoundedBox","signature":"getRoundedBox As Boolean"},{"name":"getShadow","signature":"getShadow As String"},{"name":"getSize","signature":"getSize As String"},{"name":"getTarget","signature":"getTarget As String"},{"name":"getWidth","signature":"getWidth As String"}]}