{"name":"SDUI5TreeView","properties":[{"Key":"ParentID","DisplayName":"ParentID","FieldType":"String","DefaultValue":"","Description":"The ParentID of this component","List":""},{"Key":"ItemColor","DisplayName":"Item Color","FieldType":"String","DefaultValue":"primary","Description":"Item Color","List":""},{"Key":"ItemActiveColor","DisplayName":"Item Active Color","FieldType":"String","DefaultValue":"","Description":"Item Active Color","List":""},{"Key":"ItemFocusColor","DisplayName":"Item Focus Color","FieldType":"String","DefaultValue":"","Description":"Item Focus Color","List":""},{"Key":"ItemHoverColor","DisplayName":"Item Hover Color","FieldType":"String","DefaultValue":"","Description":"Item Hover Color","List":""},{"Key":"Height","DisplayName":"Height","FieldType":"String","DefaultValue":"full","Description":"Height","List":""},{"Key":"Width","DisplayName":"Width","FieldType":"String","DefaultValue":"200px","Description":"Width","List":""},{"Key":"CollapseIconUrl","DisplayName":"Collapse Icon Url","FieldType":"String","DefaultValue":"./assets/chevron-right-solid.svg","Description":"Collapse Icon Url","List":""},{"Key":"ExpandIconUrl","DisplayName":"Expand Icon Url","FieldType":"String","DefaultValue":"./assets/chevron-down-solid.svg","Description":"Expand Icon Url","List":""},{"Key":"DragNDrop","DisplayName":"Drag N Drop","FieldType":"Boolean","DefaultValue":"True","Description":"Drag N Drop","List":""},{"Key":"HasCheckbox","DisplayName":"Has Checkbox","FieldType":"Boolean","DefaultValue":"False","Description":"Has Checkbox","List":""},{"Key":"IconHeight","DisplayName":"Icon Height","FieldType":"String","DefaultValue":"16px","Description":"Icon Height","List":""},{"Key":"IconWidth","DisplayName":"Icon Width","FieldType":"String","DefaultValue":"16px","Description":"Icon Width","List":""},{"Key":"InlineEdit","DisplayName":"Inline Edit","FieldType":"Boolean","DefaultValue":"False","Description":"Inline Edit","List":""},{"Key":"MultipleCheck","DisplayName":"Multiple Check","FieldType":"Boolean","DefaultValue":"False","Description":"Multiple Check","List":""},{"Key":"MultipleSelect","DisplayName":"Multiple Select","FieldType":"Boolean","DefaultValue":"False","Description":"Multiple Select","List":""},{"Key":"Size","DisplayName":"Size","FieldType":"String","DefaultValue":"md","Description":"Size","List":"lg|md|none|sm|xl|xs"},{"Key":"CheckBoxSize","DisplayName":"Check Box Size","FieldType":"String","DefaultValue":"md","Description":"Check Box Size","List":"lg|md|none|sm|xl|xs"},{"Key":"TextBoxSize","DisplayName":"Text Box Size","FieldType":"String","DefaultValue":"sm","Description":"Text Box Size","List":"lg|md|none|sm|xl|xs"},{"Key":"CheckBoxActiveColor","DisplayName":"Check Box Active Color","FieldType":"String","DefaultValue":"","Description":"Check Box Active Color","List":""},{"Key":"CheckBoxActiveBorderColor","DisplayName":"Check Box Active Border Color","FieldType":"String","DefaultValue":"","Description":"Check Box Active Border Color","List":""},{"Key":"Replace","DisplayName":"Replace","FieldType":"Boolean","DefaultValue":"False","Description":"Replace","List":""},{"Key":"UseLocalstorage","DisplayName":"Use Localstorage","FieldType":"Boolean","DefaultValue":"True","Description":"Use Localstorage","List":""},{"Key":"BackgroundColor","DisplayName":"Background Color","FieldType":"String","DefaultValue":"","Description":"Background Color","List":""},{"Key":"Rounded","DisplayName":"Rounded","FieldType":"String","DefaultValue":"","Description":"Rounded","List":"none|rounded|2xl|3xl|full|lg|md|sm|xl|0"},{"Key":"RoundedBox","DisplayName":"Rounded Box","FieldType":"Boolean","DefaultValue":"False","Description":"Rounded Box","List":""},{"Key":"Shadow","DisplayName":"Shadow","FieldType":"String","DefaultValue":"none","Description":"Shadow","List":"2xl|inner|lg|md|none|shadow|sm|xl"},{"Key":"Visible","DisplayName":"Visible","FieldType":"Boolean","DefaultValue":"True","Description":"If visible.","List":""},{"Key":"Enabled","DisplayName":"Enabled","FieldType":"Boolean","DefaultValue":"True","Description":"If enabled.","List":""},{"Key":"PositionStyle","DisplayName":"Position Style","FieldType":"String","DefaultValue":"none","Description":"Position","List":"absolute|fixed|none|relative|static|sticky"},{"Key":"Position","DisplayName":"Position Locations","FieldType":"String","DefaultValue":"t=?; b=?; r=?; l=?","Description":"Position Locations","List":""},{"Key":"MarginAXYTBLR","DisplayName":"Margins","FieldType":"String","DefaultValue":"a=?; x=?; y=?; t=?; b=?; l=?; r=?","Description":"Margins A(all)-X(LR)-Y(TB)-T-B-L-R","List":""},{"Key":"PaddingAXYTBLR","DisplayName":"Paddings","FieldType":"String","DefaultValue":"a=?; x=?; y=?; t=?; b=?; l=?; r=?","Description":"Paddings A(all)-X(LR)-Y(TB)-T-B-L-R","List":""},{"Key":"RawClasses","DisplayName":"Classes (;)","FieldType":"String","DefaultValue":"","Description":"Classes added to the HTML tag.","List":""},{"Key":"RawStyles","DisplayName":"Styles (JSON)","FieldType":"String","DefaultValue":"","Description":"Styles added to the HTML tag. Must be a json String use = and ;","List":""},{"Key":"RawAttributes","DisplayName":"Attributes (JSON)","FieldType":"String","DefaultValue":"","Description":"Attributes added to the HTML tag. Must be a json String use = and ;","List":""}],"events":[{"name":"nodeDrop (e As BANanoEvent)"},{"name":"nodeDragStart (e As BANanoEvent)"},{"name":"nodeExpanded (e As BANanoEvent)"},{"name":"nodeCollapsed (e As BANanoEvent)"},{"name":"nodeEdited (e As BANanoEvent)"},{"name":"nodeSelected (e As BANanoEvent)"},{"name":"nodesSelected (e As BANanoEvent)"},{"name":"nodesChecked (e As BANanoEvent)"},{"name":"nodeClick (e As BANanoEvent)"},{"name":"nodeEditCancelled (e As BANanoEvent)"}],"methods":[{"name":"Class_Globals","signature":"Class_Globals"},{"name":"Initialize","signature":"Initialize (Callback As Object, Name As String, EventName As String)"},{"name":"getID","signature":"getID() As String"},{"name":"SetProperties","signature":"SetProperties(props As Map)"},{"name":"GetProperties","signature":"GetProperties As Map"},{"name":"AddComponent","signature":"AddComponent"},{"name":"Remove","signature":"Remove()"},{"name":"setParentID","signature":"setParentID(s As String)"},{"name":"getParentID","signature":"getParentID As String"},{"name":"getHere","signature":"getHere() As String"},{"name":"setVisible","signature":"setVisible(b As Boolean)"},{"name":"getVisible","signature":"getVisible As Boolean"},{"name":"setEnabled","signature":"setEnabled(b As Boolean)"},{"name":"getEnabled","signature":"getEnabled As Boolean"},{"name":"OnEvent","signature":"OnEvent(event As String, methodName As String)"},{"name":"setPositionStyle","signature":"setPositionStyle(s As String)"},{"name":"getPositionStyle","signature":"getPositionStyle As String"},{"name":"setPosition","signature":"setPosition(s As String)"},{"name":"getPosition","signature":"getPosition As String"},{"name":"setAttributes","signature":"setAttributes(s As String)"},{"name":"setStyles","signature":"setStyles(s As String)"},{"name":"setClasses","signature":"setClasses(s As String)"},{"name":"setPaddingAXYTBLR","signature":"setPaddingAXYTBLR(s As String)"},{"name":"setMarginAXYTBLR","signature":"setMarginAXYTBLR(s As String)"},{"name":"getAttributes","signature":"getAttributes As String"},{"name":"getStyles","signature":"getStyles As String"},{"name":"getClasses","signature":"getClasses As String"},{"name":"getPaddingAXYTBLR","signature":"getPaddingAXYTBLR As String"},{"name":"getMarginAXYTBLR","signature":"getMarginAXYTBLR As String"},{"name":"DesignerCreateView","signature":"DesignerCreateView (Target As BANanoElement, Props As Map)"},{"name":"GetTreeMap","signature":"GetTreeMap As Map"},{"name":"GetTreeList","signature":"GetTreeList As List"},{"name":"Refresh","signature":"Refresh"},{"name":"collapseAll","signature":"collapseAll"},{"name":"expandAll","signature":"expandAll"},{"name":"nodeMoveRight","signature":"nodeMoveRight(nodeId As String)"},{"name":"nodeMoveLeft","signature":"nodeMoveLeft(nodeId As String)"},{"name":"nodeMoveUp","signature":"nodeMoveUp(nodeId As String)"},{"name":"nodeMoveDown","signature":"nodeMoveDown(nodeId As String)"},{"name":"enableInlineEditing","signature":"enableInlineEditing(nodeId As String)"},{"name":"nodeExists","signature":"nodeExists(nodeID As String) As Boolean"},{"name":"findNode","signature":"findNode(nodeID As String) As Map"},{"name":"addNode","signature":"addNode(parentId As String, nodeId As String, iconUrl As String, text As String, href As String)"},{"name":"addNodeBefore","signature":"addNodeBefore(targetId As String, nodeId As String, iconUrl As String, text As String, href As String)"},{"name":"addNodeAfter","signature":"addNodeAfter(targetId As String, nodeId As String, iconUrl As String, text As String, href As String)"},{"name":"checkNode","signature":"checkNode(nodeId As String, b As Boolean)"},{"name":"removeNode","signature":"removeNode(nodeId As String)"},{"name":"expandNode","signature":"expandNode(nodeId As String, state As Boolean)"},{"name":"enableNode","signature":"enableNode(nodeId As String, state As Boolean)"},{"name":"Clear","signature":"Clear"},{"name":"clearSelected","signature":"clearSelected"},{"name":"clearChecked","signature":"clearChecked"},{"name":"getChildren","signature":"getChildren(nodeId As String) As List"},{"name":"removeChildren","signature":"removeChildren(nodeId As String)"},{"name":"showNode","signature":"showNode(nodeId As String)"},{"name":"hideNode","signature":"hideNode(nodeId As String)"},{"name":"updateNode","signature":"updateNode(nodeId As String, iconUrl As String, text As String, href As String)"},{"name":"selectNode","signature":"selectNode(nodeId As String, state As Boolean)"},{"name":"selectNodes","signature":"selectNodes(nodes As List)"},{"name":"getSelectedNode","signature":"getSelectedNode(includeChildren As Boolean) As Object"},{"name":"getSelectedNodes","signature":"getSelectedNodes As Object"},{"name":"getCheckedNodes","signature":"getCheckedNodes As Object"},{"name":"checkNodes","signature":"checkNodes(nodes As List)"},{"name":"setCheckBoxActiveBorderColor","signature":"setCheckBoxActiveBorderColor(s As String)"},{"name":"setCheckBoxActiveColor","signature":"setCheckBoxActiveColor(s As String)"},{"name":"setCheckBoxSize","signature":"setCheckBoxSize(s As String)"},{"name":"setReplace","signature":"setReplace(b As Boolean)"},{"name":"setTextBoxSize","signature":"setTextBoxSize(s As String)"},{"name":"setUseLocalstorage","signature":"setUseLocalstorage(b As Boolean)"},{"name":"getCheckBoxActiveBorderColor","signature":"getCheckBoxActiveBorderColor As String"},{"name":"getCheckBoxActiveColor","signature":"getCheckBoxActiveColor As String"},{"name":"getCheckBoxSize","signature":"getCheckBoxSize As String"},{"name":"getReplace","signature":"getReplace As Boolean"},{"name":"getTextBoxSize","signature":"getTextBoxSize As String"},{"name":"getUseLocalstorage","signature":"getUseLocalstorage As Boolean"},{"name":"setCollapseIconUrl","signature":"setCollapseIconUrl(s As String)"},{"name":"setDragNDrop","signature":"setDragNDrop(b As Boolean)"},{"name":"setExpandIconUrl","signature":"setExpandIconUrl(s As String)"},{"name":"setHasCheckbox","signature":"setHasCheckbox(b As Boolean)"},{"name":"setIconHeight","signature":"setIconHeight(s As String)"},{"name":"setIconWidth","signature":"setIconWidth(s As String)"},{"name":"setInlineEdit","signature":"setInlineEdit(b As Boolean)"},{"name":"setMultipleCheck","signature":"setMultipleCheck(b As Boolean)"},{"name":"setMultipleSelect","signature":"setMultipleSelect(b As Boolean)"},{"name":"getCollapseIconUrl","signature":"getCollapseIconUrl As String"},{"name":"getDragNDrop","signature":"getDragNDrop As Boolean"},{"name":"getExpandIconUrl","signature":"getExpandIconUrl As String"},{"name":"getHasCheckbox","signature":"getHasCheckbox As Boolean"},{"name":"getIconHeight","signature":"getIconHeight As String"},{"name":"getIconWidth","signature":"getIconWidth As String"},{"name":"getInlineEdit","signature":"getInlineEdit As Boolean"},{"name":"getMultipleCheck","signature":"getMultipleCheck As Boolean"},{"name":"getMultipleSelect","signature":"getMultipleSelect As Boolean"},{"name":"GetNodeFromEvent","signature":"GetNodeFromEvent(e As BANanoEvent) As TreeNode"},{"name":"setBackgroundColor","signature":"setBackgroundColor(s As String)"},{"name":"setHeight","signature":"setHeight(s As String)"},{"name":"setRounded","signature":"setRounded(s As String)"},{"name":"setRoundedBox","signature":"setRoundedBox(b As Boolean)"},{"name":"setShadow","signature":"setShadow(s As String)"},{"name":"setSize","signature":"setSize(s As String)"},{"name":"setWidth","signature":"setWidth(s As String)"},{"name":"getBackgroundColor","signature":"getBackgroundColor As String"},{"name":"getHeight","signature":"getHeight As String"},{"name":"getRounded","signature":"getRounded As String"},{"name":"getRoundedBox","signature":"getRoundedBox As Boolean"},{"name":"getShadow","signature":"getShadow As String"},{"name":"getSize","signature":"getSize As String"},{"name":"getWidth","signature":"getWidth As String"}]}