{"name":"SDUI5Wizard","properties":[{"Key":"ReadMe","DisplayName":"ReadMe","FieldType":"String","DefaultValue":"Child Item _1_content","Description":"Child Item _1_content","List":""},{"Key":"ParentID","DisplayName":"ParentID","FieldType":"String","DefaultValue":"","Description":"The ParentID of this component","List":""},{"Key":"Title","DisplayName":"Title","FieldType":"String","DefaultValue":"Subscription","Description":"Title","List":""},{"Key":"TitleVisible","DisplayName":"Title Visible","FieldType":"Boolean","DefaultValue":"True","Description":"Title Visible","List":""},{"Key":"Width","DisplayName":"Width","FieldType":"String","DefaultValue":"96","Description":"Width","List":""},{"Key":"Height","DisplayName":"Height","FieldType":"String","DefaultValue":"","Description":"Height","List":""},{"Key":"RawSteps","DisplayName":"Steps","FieldType":"String","DefaultValue":"Register;Choose Plan;Purchase;Receive Product","Description":"Steps","List":""},{"Key":"ActiveStep","DisplayName":"Active Step","FieldType":"String","DefaultValue":"1","Description":"Active Step","List":""},{"Key":"StepsColor","DisplayName":"Steps Color","FieldType":"String","DefaultValue":"primary","Description":"Steps Color","List":"accent|error|info|neutral|none|primary|secondary|success|warning"},{"Key":"StepsTextSize","DisplayName":"Steps Text Size","FieldType":"String","DefaultValue":"sm","Description":"Steps Text Size","List":"2xl|3xl|4xl|5xl|6xl|7xl|8xl|9xl|base|lg|md|none|sm|xl|xs"},{"Key":"BackgroundColor","DisplayName":"Background Color","FieldType":"String","DefaultValue":"base-100","Description":"Background Color","List":""},{"Key":"PreviousText","DisplayName":"Previous Text","FieldType":"String","DefaultValue":"Previous","Description":"Previous Text","List":""},{"Key":"PreviousColor","DisplayName":"Previous Color","FieldType":"String","DefaultValue":"","Description":"Previous Color","List":""},{"Key":"PreviousTextColor","DisplayName":"Previous Text Color","FieldType":"String","DefaultValue":"","Description":"Previous Text Color","List":""},{"Key":"NextColor","DisplayName":"Next Color","FieldType":"String","DefaultValue":"","Description":"Next Color","List":""},{"Key":"NextText","DisplayName":"Next Text","FieldType":"String","DefaultValue":"Next","Description":"Next Text","List":""},{"Key":"NextTextColor","DisplayName":"Next Text Color","FieldType":"String","DefaultValue":"","Description":"Next Text Color","List":""},{"Key":"ButtonsShadow","DisplayName":"Buttons Shadow","FieldType":"String","DefaultValue":"md","Description":"Buttons Shadow","List":"2xl|inner|lg|md|none|shadow|sm|xl"},{"Key":"ButtonsWidth","DisplayName":"Buttons Width","FieldType":"String","DefaultValue":"22","Description":"Buttons Width","List":""},{"Key":"ButtonsRounded","DisplayName":"Buttons Rounded","FieldType":"String","DefaultValue":"md","Description":"Buttons Rounded","List":"none|rounded|2xl|3xl|full|lg|md|sm|xl|0"},{"Key":"Shadow","DisplayName":"Shadow","FieldType":"String","DefaultValue":"sm","Description":"Shadow","List":"2xl|inner|lg|md|none|shadow|sm|xl"},{"Key":"Visible","DisplayName":"Visible","FieldType":"Boolean","DefaultValue":"True","Description":"If visible.","List":""},{"Key":"Enabled","DisplayName":"Enabled","FieldType":"Boolean","DefaultValue":"True","Description":"If enabled.","List":""},{"Key":"PositionStyle","DisplayName":"Position Style","FieldType":"String","DefaultValue":"none","Description":"Position","List":"absolute|fixed|none|relative|static|sticky"},{"Key":"Position","DisplayName":"Position Locations","FieldType":"String","DefaultValue":"t=?; b=?; r=?; l=?","Description":"Position Locations","List":""},{"Key":"MarginAXYTBLR","DisplayName":"Margins","FieldType":"String","DefaultValue":"a=?; x=?; y=?; t=?; b=?; l=?; r=?","Description":"Margins A(all)-X(LR)-Y(TB)-T-B-L-R","List":""},{"Key":"PaddingAXYTBLR","DisplayName":"Paddings","FieldType":"String","DefaultValue":"a=?; x=?; y=?; t=?; b=?; l=?; r=?","Description":"Paddings A(all)-X(LR)-Y(TB)-T-B-L-R","List":""},{"Key":"RawClasses","DisplayName":"Classes (;)","FieldType":"String","DefaultValue":"","Description":"Classes added to the HTML tag.","List":""},{"Key":"RawStyles","DisplayName":"Styles (JSON)","FieldType":"String","DefaultValue":"","Description":"Styles added to the HTML tag. Must be a json String use = and ;","List":""},{"Key":"RawAttributes","DisplayName":"Attributes (JSON)","FieldType":"String","DefaultValue":"","Description":"Attributes added to the HTML tag. Must be a json String use = and ;","List":""}],"events":[{"name":"Change (Value as String)"}],"methods":[{"name":"Class_Globals","signature":"Class_Globals"},{"name":"Initialize","signature":"Initialize (Callback As Object, Name As String, EventName As String)"},{"name":"getID","signature":"getID() As String"},{"name":"SetProperties","signature":"SetProperties(props As Map)"},{"name":"GetProperties","signature":"GetProperties As Map"},{"name":"AddComponent","signature":"AddComponent"},{"name":"Remove","signature":"Remove()"},{"name":"setParentID","signature":"setParentID(s As String)"},{"name":"getParentID","signature":"getParentID As String"},{"name":"getHere","signature":"getHere() As String"},{"name":"setVisible","signature":"setVisible(b As Boolean)"},{"name":"getVisible","signature":"getVisible As Boolean"},{"name":"setEnabled","signature":"setEnabled(b As Boolean)"},{"name":"getEnabled","signature":"getEnabled As Boolean"},{"name":"setPositionStyle","signature":"setPositionStyle(s As String)"},{"name":"getPositionStyle","signature":"getPositionStyle As String"},{"name":"setPosition","signature":"setPosition(s As String)"},{"name":"getPosition","signature":"getPosition As String"},{"name":"setAttributes","signature":"setAttributes(s As String)"},{"name":"setStyles","signature":"setStyles(s As String)"},{"name":"setClasses","signature":"setClasses(s As String)"},{"name":"setPaddingAXYTBLR","signature":"setPaddingAXYTBLR(s As String)"},{"name":"setMarginAXYTBLR","signature":"setMarginAXYTBLR(s As String)"},{"name":"getAttributes","signature":"getAttributes As String"},{"name":"getStyles","signature":"getStyles As String"},{"name":"getClasses","signature":"getClasses As String"},{"name":"getPaddingAXYTBLR","signature":"getPaddingAXYTBLR As String"},{"name":"getMarginAXYTBLR","signature":"getMarginAXYTBLR As String"},{"name":"DesignerCreateView","signature":"DesignerCreateView (Target As BANanoElement, Props As Map)"},{"name":"ContentHere","signature":"ContentHere As String"},{"name":"ContentAt","signature":"ContentAt(stepNumber As String) As String"},{"name":"Clear","signature":"Clear"},{"name":"setActiveStep\t\t\t","signature":"setActiveStep(s As String)\t\t\t"},{"name":"getActiveStep","signature":"getActiveStep As String"},{"name":"setBackgroundColor","signature":"setBackgroundColor(s As String)"},{"name":"setButtonsRounded\t\t\t","signature":"setButtonsRounded(s As String)\t\t\t"},{"name":"getButtonsRounded","signature":"getButtonsRounded As String"},{"name":"setButtonsShadow\t\t\t\t","signature":"setButtonsShadow(s As String)\t\t\t\t"},{"name":"setButtonsWidth\t\t\t","signature":"setButtonsWidth(s As String)\t\t\t"},{"name":"setHeight\t\t\t","signature":"setHeight(s As String)\t\t\t"},{"name":"setNextColor\t\t\t","signature":"setNextColor(s As String)\t\t\t"},{"name":"setNextText","signature":"setNextText(s As String)"},{"name":"setNextTextColor\t\t\t\t","signature":"setNextTextColor(s As String)\t\t\t\t"},{"name":"setPreviousColor\t\t\t","signature":"setPreviousColor(s As String)\t\t\t"},{"name":"setPreviousText\t\t\t","signature":"setPreviousText(s As String)\t\t\t"},{"name":"setPreviousTextColor\t\t\t","signature":"setPreviousTextColor(s As String)\t\t\t"},{"name":"getSteps","signature":"getSteps As String"},{"name":"setSteps\t\t\t\t","signature":"setSteps(s As String)\t\t\t\t"},{"name":"AddStep","signature":"AddStep(stepName As String)"},{"name":"setShadow\t\t\t","signature":"setShadow(s As String)\t\t\t"},{"name":"setStepsColor","signature":"setStepsColor(s As String)"},{"name":"setStepsTextSize\t\t\t\t","signature":"setStepsTextSize(s As String)\t\t\t\t"},{"name":"setTitle","signature":"setTitle(s As String)"},{"name":"setTitleVisible\t\t\t","signature":"setTitleVisible(b As Boolean)\t\t\t"},{"name":"setWidth\t\t\t","signature":"setWidth(s As String)\t\t\t"},{"name":"getBackgroundColor","signature":"getBackgroundColor As String"},{"name":"getButtonsShadow","signature":"getButtonsShadow As String"},{"name":"getButtonsWidth","signature":"getButtonsWidth As String"},{"name":"getHeight","signature":"getHeight As String"},{"name":"getNextColor","signature":"getNextColor As String"},{"name":"getNextText","signature":"getNextText As String"},{"name":"getNextTextColor","signature":"getNextTextColor As String"},{"name":"getPreviousColor","signature":"getPreviousColor As String"},{"name":"getPreviousText","signature":"getPreviousText As String"},{"name":"getPreviousTextColor","signature":"getPreviousTextColor As String"},{"name":"getShadow","signature":"getShadow As String"},{"name":"getStepsColor","signature":"getStepsColor As String"},{"name":"getStepsTextSize","signature":"getStepsTextSize As String"},{"name":"getTitle","signature":"getTitle As String"},{"name":"getTitleVisible","signature":"getTitleVisible As Boolean"},{"name":"getWidth","signature":"getWidth As String"}]}