{"name":"SDUI5SwiperSlide","properties":[{"Key":"ParentID","DisplayName":"ParentID","FieldType":"String","DefaultValue":"","Description":"The ParentID of this component","enter swiperID":"enter swiperID","List":""},{"Key":"SwiperId","DisplayName":"Swiper Id","FieldType":"String","DefaultValue":"","Description":"Swiper Id","List":""},{"Key":"RefreshSwiper","DisplayName":"Refresh Swiper","FieldType":"Boolean","DefaultValue":"False","Description":"Refresh Swiper after this","List":""},{"Key":"Image","DisplayName":"Image Src","FieldType":"String","DefaultValue":"./assets/600by600.jpg","Description":"Image Src","List":""},{"Key":"ImageAlt","DisplayName":"Image Alt","FieldType":"String","DefaultValue":"","Description":"Image Alt","List":""},{"Key":"ImageCenter","DisplayName":"Image Center","FieldType":"Boolean","DefaultValue":"False","Description":"Image Center","List":""},{"Key":"ImageCover","DisplayName":"Image Cover","FieldType":"Boolean","DefaultValue":"True","Description":"Image Cover","List":""},{"Key":"ImageLazyLoad","DisplayName":"Image Lazy Load","FieldType":"Boolean","DefaultValue":"False","Description":"Image Lazy Load","List":""},{"Key":"ImageNoRepeat","DisplayName":"Image No Repeat","FieldType":"Boolean","DefaultValue":"False","Description":"Image No Repeat","List":""},{"Key":"RawImageAttributes","DisplayName":"Image Attributes","FieldType":"String","DefaultValue":"","Description":"Image Attributes","List":""},{"Key":"RawImageClasses","DisplayName":"Image Classes","FieldType":"String","DefaultValue":"","Description":"Image Classes","List":""},{"Key":"RawImageStyles","DisplayName":"Image Styles","FieldType":"String","DefaultValue":"","Description":"Image Styles","List":""},{"Key":"TextAlign","DisplayName":"Text Align","FieldType":"String","DefaultValue":"none","Description":"Text Align","List":"center|end|justify|left|none|right|start"},{"Key":"Visible","DisplayName":"Visible","FieldType":"Boolean","DefaultValue":"True","Description":"If visible.","List":""},{"Key":"MarginAXYTBLR","DisplayName":"Margins","FieldType":"String","DefaultValue":"a=?; x=?; y=?; t=?; b=?; l=?; r=?","Description":"Margins A(all)-X(LR)-Y(TB)-T-B-L-R","List":""},{"Key":"PaddingAXYTBLR","DisplayName":"Paddings","FieldType":"String","DefaultValue":"a=?; x=?; y=?; t=?; b=?; l=?; r=?","Description":"Paddings A(all)-X(LR)-Y(TB)-T-B-L-R","List":""},{"Key":"RawClasses","DisplayName":"Classes (;)","FieldType":"String","DefaultValue":"","Description":"Classes added to the HTML tag.","List":""},{"Key":"RawStyles","DisplayName":"Styles (JSON)","FieldType":"String","DefaultValue":"","Description":"Styles added to the HTML tag. Must be a json String use = and ;","List":""},{"Key":"RawAttributes","DisplayName":"Attributes (JSON)","FieldType":"String","DefaultValue":"","Description":"Attributes added to the HTML tag. Must be a json String use = and ;","List":""}],"events":[{"name":"Click (e As BANanoEvent)"},{"name":"ImageClick (e As BANanoEvent)"}],"methods":[{"name":"Class_Globals","signature":"Class_Globals"},{"name":"Initialize","signature":"Initialize (Callback As Object, Name As String, EventName As String)"},{"name":"SetProperties","signature":"SetProperties(props As Map)"},{"name":"GetProperties","signature":"GetProperties As Map"},{"name":"setAttributes","signature":"setAttributes(s As String)"},{"name":"setStyles","signature":"setStyles(s As String)"},{"name":"setClasses","signature":"setClasses(s As String)"},{"name":"setPaddingAXYTBLR","signature":"setPaddingAXYTBLR(s As String)"},{"name":"setMarginAXYTBLR","signature":"setMarginAXYTBLR(s As String)"},{"name":"getAttributes","signature":"getAttributes As String"},{"name":"getStyles","signature":"getStyles As String"},{"name":"getClasses","signature":"getClasses As String"},{"name":"getPaddingAXYTBLR","signature":"getPaddingAXYTBLR As String"},{"name":"getMarginAXYTBLR","signature":"getMarginAXYTBLR As String"},{"name":"getElement","signature":"getElement() As BANanoElement"},{"name":"getID","signature":"getID() As String"},{"name":"LoadComponentJson","signature":"LoadComponentJson(designName As String)"},{"name":"AddComponent","signature":"AddComponent"},{"name":"Remove","signature":"Remove()"},{"name":"setElement","signature":"setElement(e As BANanoElement)"},{"name":"Clear","signature":"Clear"},{"name":"LinkExisting","signature":"LinkExisting"},{"name":"TriggerEvent","signature":"TriggerEvent(event As String, params() As String)"},{"name":"getHere","signature":"getHere() As String"},{"name":"setVisible","signature":"setVisible(b As Boolean)"},{"name":"getVisible","signature":"getVisible As Boolean"},{"name":"DesignerCreateView","signature":"DesignerCreateView (Target As BANanoElement, Props As Map)"},{"name":"getImageID","signature":"getImageID As String"},{"name":"getImageAlt","signature":"getImageAlt As String"},{"name":"getImageCenter","signature":"getImageCenter As Boolean"},{"name":"getImageCover","signature":"getImageCover As Boolean"},{"name":"getImageLazyLoad","signature":"getImageLazyLoad As Boolean"},{"name":"getImageNoRepeat","signature":"getImageNoRepeat As Boolean"},{"name":"getImageAttributes","signature":"getImageAttributes As String"},{"name":"getImageClasses","signature":"getImageClasses As String"},{"name":"getImageStyles","signature":"getImageStyles As String"},{"name":"RemoveImageClasses","signature":"RemoveImageClasses(s As String)"},{"name":"setImageClasses\t\t\t\t","signature":"setImageClasses(s As String)\t\t\t\t"},{"name":"setImageStyles\t\t\t\t","signature":"setImageStyles(s As String)\t\t\t\t"},{"name":"setImageAttributes\t\t\t\t","signature":"setImageAttributes(s As String)\t\t\t\t"},{"name":"setImageNoRepeat\t\t\t\t\t","signature":"setImageNoRepeat(b As Boolean)\t\t\t\t\t"},{"name":"setImageLazyLoad\t\t\t\t","signature":"setImageLazyLoad(b As Boolean)\t\t\t\t"},{"name":"setImageAlt\t\t\t\t","signature":"setImageAlt(s As String)\t\t\t\t"},{"name":"setImageCenter\t\t\t","signature":"setImageCenter(b As Boolean)\t\t\t"},{"name":"setImageCover\t\t\t\t","signature":"setImageCover(b As Boolean)\t\t\t\t"},{"name":"setImage","signature":"setImage(s As String)"},{"name":"getImage","signature":"getImage As String"},{"name":"setTextAlign\t\t\t\t\t","signature":"setTextAlign(s As String)\t\t\t\t\t"},{"name":"getTextAlign","signature":"getTextAlign As String"},{"name":"setRefreshSwiper","signature":"setRefreshSwiper(b As Boolean)"},{"name":"setSwiperId","signature":"setSwiperId(s As String)"},{"name":"getRefreshSwiper","signature":"getRefreshSwiper As Boolean"},{"name":"getSwiperId","signature":"getSwiperId As String"},{"name":"setParentID","signature":"setParentID(xParentID As String)"},{"name":"getParentID","signature":"getParentID As String"}]}