{"name":"SDUI5Swiper","properties":[{"Key":"ReadMe","DisplayName":"ReadMe Children","FieldType":"String","DefaultValue":"_slides|_pagination|_prev|_next|_scrollbar","Description":"_slides|_pagination|_prev|_next|_scrollbar","List":""},{"Key":"ParentID","DisplayName":"ParentID","FieldType":"String","DefaultValue":"","Description":"The ParentID of this component","List":""},{"Key":"Parallax","DisplayName":"Parallax","FieldType":"Boolean","DefaultValue":"False","Description":"Parallax","List":""},{"Key":"PaginationType","DisplayName":"Pagination Type","FieldType":"String","DefaultValue":"bullets","Description":"Pagination Type","List":"bullets|fraction|progressbar"},{"Key":"SlidesPerView","DisplayName":"Slides Per View","FieldType":"String","DefaultValue":"1","Description":"Slides Per View","List":""},{"Key":"SpaceBetween","DisplayName":"Space Between","FieldType":"String","DefaultValue":"0","Description":"Space Between","List":""},{"Key":"CenteredSlides","DisplayName":"Centered Slides","FieldType":"Boolean","DefaultValue":"False","Description":"Centered Slides","List":""},{"Key":"Direction","DisplayName":"Direction","FieldType":"String","DefaultValue":"horizontal","Description":"Direction","List":"horizontal|vertical"},{"Key":"Effect","DisplayName":"Effect","FieldType":"String","DefaultValue":"slide","Description":"Effect","List":"slide|fade|cube|coverflow|flip|creative|cards"},{"Key":"CssMode","DisplayName":"CssMode","FieldType":"Boolean","DefaultValue":"False","Description":"CssMode","List":""},{"Key":"KeyboardEnabled","DisplayName":"Keyboard Enabled","FieldType":"Boolean","DefaultValue":"True","Description":"Keyboard Enabled","List":""},{"Key":"MouseWheel","DisplayName":"Mouse Wheel","FieldType":"Boolean","DefaultValue":"False","Description":"Mouse Wheel","List":""},{"Key":"HasNavigation","DisplayName":"Has Navigation","FieldType":"Boolean","DefaultValue":"False","Description":"Has Navigation","List":""},{"Key":"OwnNavigation","DisplayName":"Own Navigation","FieldType":"Boolean","DefaultValue":"False","Description":"Own Navigation","List":""},{"Key":"NextNavigation","DisplayName":"Next Navigation","FieldType":"String","DefaultValue":"","Description":"Next Navigation","List":""},{"Key":"PrevNavigation","DisplayName":"Prev Navigation","FieldType":"String","DefaultValue":"","Description":"Prev Navigation","List":""},{"Key":"HasPagination","DisplayName":"Has Pagination","FieldType":"Boolean","DefaultValue":"True","Description":"Has Pagination","List":""},{"Key":"HasScrollbar","DisplayName":"Has Scrollbar","FieldType":"Boolean","DefaultValue":"False","Description":"Has Scrollbar","List":""},{"Key":"Height","DisplayName":"Height","FieldType":"String","DefaultValue":"300px","Description":"Height","List":""},{"Key":"Width","DisplayName":"Width","FieldType":"String","DefaultValue":"100%","Description":"Width","List":""},{"Key":"Speed","DisplayName":"Speed","FieldType":"String","DefaultValue":"300","Description":"Speed","List":""},{"Key":"Init","DisplayName":"Init","FieldType":"Boolean","DefaultValue":"True","Description":"Init","List":""},{"Key":"InitialSlide","DisplayName":"Initial Slide","FieldType":"String","DefaultValue":"0","Description":"Initial Slide","List":""},{"Key":"TotalSlides","DisplayName":"Total Slides","FieldType":"String","DefaultValue":"","Description":"Total Slides to add","List":""},{"Key":"Loops","DisplayName":"Loops","FieldType":"Boolean","DefaultValue":"False","Description":"Loops","List":""},{"Key":"DynamicBullets","DisplayName":"DynamicBullets","FieldType":"Boolean","DefaultValue":"False","Description":"Dynamic Bullets","List":""},{"Key":"UpdateOnWindowResize","DisplayName":"Update On Window Resize","FieldType":"Boolean","DefaultValue":"True","Description":"Update On Window Resize","List":""},{"Key":"AutoPlay","DisplayName":"Auto Play","FieldType":"Boolean","DefaultValue":"False","Description":"Auto Play","List":""},{"Key":"AutoPlayDelay","DisplayName":"Auto Play Delay","FieldType":"Int","DefaultValue":"3000","Description":"Auto Play Delay","List":""},{"Key":"AutoPlayDisableOnInteraction","DisplayName":"Auto Play Disable On Interaction","FieldType":"Boolean","DefaultValue":"True","Description":"Auto Play Disable On Interaction","List":""},{"Key":"AutoPlayPauseOnMouseEnter","DisplayName":"Auto Play Pause On Mouse Enter","FieldType":"Boolean","DefaultValue":"False","Description":"Auto Play Pause On Mouse Enter","List":""},{"Key":"AutoPlayReverseDirection","DisplayName":"Auto Play Reverse Direction","FieldType":"Boolean","DefaultValue":"False","Description":"Auto Play Reverse Direction","List":""},{"Key":"AutoPlayStopOnLastSlide","DisplayName":"Auto Play Stop On Last Slide","FieldType":"Boolean","DefaultValue":"False","Description":"Auto Play Stop On Last Slide","List":""},{"Key":"AutoPlayWaitForTransition","DisplayName":"Auto Play Wait For Transition","FieldType":"Boolean","DefaultValue":"True","Description":"Auto Play Wait For Transition","List":""},{"Key":"Grid","DisplayName":"Grid","FieldType":"Boolean","DefaultValue":"False","Description":"Grid","List":""},{"Key":"GridFill","DisplayName":"Grid Fill","FieldType":"String","DefaultValue":"column","Description":"Grid Fill","List":"column|row"},{"Key":"GridRows","DisplayName":"Grid Rows","FieldType":"Int","DefaultValue":"1","Description":"Grid Rows","List":""},{"Key":"CardEffectPerSlideOffset","DisplayName":"Card Effect Per Slide Offset","FieldType":"Int","DefaultValue":"8","Description":"Card Effect Per Slide Offset","List":""},{"Key":"CardEffectPerSlideRotate","DisplayName":"Card Effect Per Slide Rotate","FieldType":"Int","DefaultValue":"2","Description":"Card Effect Per Slide Rotate","List":""},{"Key":"CardEffectRotate","DisplayName":"Card Effect Rotate","FieldType":"Boolean","DefaultValue":"True","Description":"Card Effect Rotate","List":""},{"Key":"CardEffectSlideShadows","DisplayName":"Card Effect Slide Shadows","FieldType":"Boolean","DefaultValue":"True","Description":"Card Effect Slide Shadows","List":""},{"Key":"CoverFlowDepth","DisplayName":"Cover Flow Depth","FieldType":"Int","DefaultValue":"100","Description":"Cover Flow Depth","List":""},{"Key":"CoverFlowModifier","DisplayName":"Cover Flow Modifier","FieldType":"Int","DefaultValue":"1","Description":"Cover Flow Modifier","List":""},{"Key":"CoverFlowRotate","DisplayName":"Cover Flow Rotate","FieldType":"Int","DefaultValue":"50","Description":"Cover Flow Rotate","List":""},{"Key":"CoverFlowScale","DisplayName":"Cover Flow Scale","FieldType":"Int","DefaultValue":"1","Description":"Cover Flow Scale","List":""},{"Key":"CoverFlowSlideShadows","DisplayName":"Cover Flow Slide Shadows","FieldType":"Boolean","DefaultValue":"True","Description":"Cover Flow Slide Shadows","List":""},{"Key":"CoverFlowStretch","DisplayName":"Cover Flow Stretch","FieldType":"Int","DefaultValue":"0","Description":"Cover Flow Stretch","List":""},{"Key":"CubeEffectShadow","DisplayName":"Cube Effect Shadow","FieldType":"Boolean","DefaultValue":"True","Description":"Cube Effect Shadow","List":""},{"Key":"CubeEffectShadowOffset","DisplayName":"Cube Effect Shadow Offset","FieldType":"Int","DefaultValue":"20","Description":"Cube Effect Shadow Offset","List":""},{"Key":"CubeEffectShadowScale","DisplayName":"Cube Effect Shadow Scale","FieldType":"String","DefaultValue":"0.94","Description":"Cube Effect Shadow Scale","List":""},{"Key":"CubeEffectSlideShadows","DisplayName":"Cube Effect Slide Shadows","FieldType":"Boolean","DefaultValue":"True","Description":"Cube Effect Slide Shadows","List":""},{"Key":"RawSlideImageStyle","DisplayName":"Slide Image Style","FieldType":"String","DefaultValue":"width=auto;max-width=100%;height=auto;max-height=100%;object-fit=cover","Description":"Raw Slide Image Style","List":""},{"Key":"RawSlideStyle","DisplayName":"Slide Style","FieldType":"String","DefaultValue":"display=flex;position=relative;flex-direction=column;flex-shrink=0;align-items=center;justify-content=center;width=100%;height=100%;font-size=18px;text-align=center;box-sizing=border-box","Description":"Raw Slide Style","List":""},{"Key":"Rounded","DisplayName":"Rounded","FieldType":"String","DefaultValue":"none","Description":"Rounded","List":"0|2xl|3xl|full|lg|md|none|rounded|sm|xl"},{"Key":"Shadow","DisplayName":"Shadow","FieldType":"String","DefaultValue":"none","Description":"Shadow","List":"2xl|inner|lg|md|none|shadow|sm|xl"},{"Key":"Visible","DisplayName":"Visible","FieldType":"Boolean","DefaultValue":"True","Description":"If visible.","List":""},{"Key":"PaddingAXYTBLR","DisplayName":"Paddings","FieldType":"String","DefaultValue":"a=?; x=?; y=?; t=?; b=?; l=?; r=?","Description":"Paddings A(all)-X(LR)-Y(TB)-T-B-L-R","List":""},{"Key":"MarginAXYTBLR","DisplayName":"Margins","FieldType":"String","DefaultValue":"a=?; x=?; y=?; t=?; b=?; l=?; r=?","Description":"Margins A(all)-X(LR)-Y(TB)-T-B-L-R","List":""},{"Key":"RawClasses","DisplayName":"Classes (;)","FieldType":"String","DefaultValue":"","Description":"Classes added to the HTML tag.","List":""},{"Key":"RawStyles","DisplayName":"Styles (JSON)","FieldType":"String","DefaultValue":"","Description":"Styles added to the HTML tag. Must be a json String use = and ;","List":""},{"Key":"RawAttributes","DisplayName":"Attributes (JSON)","FieldType":"String","DefaultValue":"","Description":"Attributes added to the HTML tag. Must be a json String use = and ;","List":""}],"events":[{"name":"ImageClick (e As BANanoEvent)"}],"methods":[{"name":"Class_Globals","signature":"Class_Globals"},{"name":"Initialize","signature":"Initialize (Callback As Object, Name As String, EventName As String)"},{"name":"setMouseWheel","signature":"setMouseWheel(b As Boolean)"},{"name":"getMouseWheel","signature":"getMouseWheel As Boolean"},{"name":"setCssMode","signature":"setCssMode(b As Boolean)"},{"name":"getCssMode","signature":"getCssMode As Boolean"},{"name":"setAttributes","signature":"setAttributes(s As String)"},{"name":"setStyles","signature":"setStyles(s As String)"},{"name":"setClasses","signature":"setClasses(s As String)"},{"name":"setPaddingAXYTBLR","signature":"setPaddingAXYTBLR(s As String)"},{"name":"setMarginAXYTBLR","signature":"setMarginAXYTBLR(s As String)"},{"name":"getAttributes","signature":"getAttributes As String"},{"name":"getStyles","signature":"getStyles As String"},{"name":"getClasses","signature":"getClasses As String"},{"name":"getPaddingAXYTBLR","signature":"getPaddingAXYTBLR As String"},{"name":"getMarginAXYTBLR","signature":"getMarginAXYTBLR As String"},{"name":"setRounded","signature":"setRounded(s As String)"},{"name":"setShadow","signature":"setShadow(s As String)"},{"name":"getRounded","signature":"getRounded As String"},{"name":"getShadow","signature":"getShadow As String"},{"name":"setVisible","signature":"setVisible(b As Boolean)"},{"name":"getVisible","signature":"getVisible As Boolean"},{"name":"AddComponent","signature":"AddComponent"},{"name":"SetProperties","signature":"SetProperties(props As Map)"},{"name":"GetProperties","signature":"GetProperties As Map"},{"name":"getElement","signature":"getElement() As BANanoElement"},{"name":"getID","signature":"getID() As String"},{"name":"LoadComponentJson","signature":"LoadComponentJson(designName As String)"},{"name":"Remove","signature":"Remove()"},{"name":"setElement","signature":"setElement(e As BANanoElement)"},{"name":"Clear\t\t\t\t\t","signature":"Clear\t\t\t\t\t"},{"name":"getHere","signature":"getHere() As String"},{"name":"getSlidesHere","signature":"getSlidesHere() As String"},{"name":"DesignerCreateView","signature":"DesignerCreateView (Target As BANanoElement, Props As Map)"},{"name":"setNextNavigation","signature":"setNextNavigation(s As String)"},{"name":"setOwnNavigation","signature":"setOwnNavigation(b As Boolean)"},{"name":"setPrevNavigation","signature":"setPrevNavigation(s As String)"},{"name":"getNextNavigation","signature":"getNextNavigation As String"},{"name":"getOwnNavigation","signature":"getOwnNavigation As Boolean"},{"name":"getPrevNavigation","signature":"getPrevNavigation As String"},{"name":"setKeyboardEnabled","signature":"setKeyboardEnabled(b As Boolean)"},{"name":"getKeyboardEnabled","signature":"getKeyboardEnabled As Boolean"},{"name":"setCardsEffectPerSlideOffset","signature":"setCardsEffectPerSlideOffset(i As Int)"},{"name":"setCardsEffectPerSlideRotate","signature":"setCardsEffectPerSlideRotate(i As Int)"},{"name":"setCardsEffectRotate","signature":"setCardsEffectRotate(b As Boolean)"},{"name":"setCardsEffectSlideShadows","signature":"setCardsEffectSlideShadows(b As Boolean)"},{"name":"setCoverFlowEffectDepth","signature":"setCoverFlowEffectDepth(i As Int)"},{"name":"setCoverFlowEffectModifier","signature":"setCoverFlowEffectModifier(i As Int)"},{"name":"setCoverFlowEffectRotate","signature":"setCoverFlowEffectRotate(i As Int)"},{"name":"setCoverFlowEffectScale","signature":"setCoverFlowEffectScale(i As Int)"},{"name":"setCoverFlowEffectSlideShadows","signature":"setCoverFlowEffectSlideShadows(b As Boolean)"},{"name":"setCoverFlowEffectStretch","signature":"setCoverFlowEffectStretch(i As Int)"},{"name":"setCubeEffectShadow","signature":"setCubeEffectShadow(b As Boolean)"},{"name":"setCubeEffectShadowOffset","signature":"setCubeEffectShadowOffset(i As Int)"},{"name":"setCubeEffectShadowScale","signature":"setCubeEffectShadowScale(d As Double)"},{"name":"setCubeEffectSlideShadows","signature":"setCubeEffectSlideShadows(b As Boolean)"},{"name":"setSlideImageStyle","signature":"setSlideImageStyle(s As String)"},{"name":"setSlideStyle","signature":"setSlideStyle(s As String)"},{"name":"getCardEffectPerSlideOffset","signature":"getCardEffectPerSlideOffset As Int"},{"name":"getCardEffectPerSlideRotate","signature":"getCardEffectPerSlideRotate As Int"},{"name":"getCardEffectRotate","signature":"getCardEffectRotate As Boolean"},{"name":"getCardEffectSlideShadows","signature":"getCardEffectSlideShadows As Boolean"},{"name":"getCoverFlowDepth","signature":"getCoverFlowDepth As Int"},{"name":"getCoverFlowModifier","signature":"getCoverFlowModifier As Int"},{"name":"getCoverFlowRotate","signature":"getCoverFlowRotate As Int"},{"name":"getCoverFlowScale","signature":"getCoverFlowScale As Int"},{"name":"getCoverFlowSlideShadows","signature":"getCoverFlowSlideShadows As Boolean"},{"name":"getCoverFlowStretch","signature":"getCoverFlowStretch As Int"},{"name":"getCubeEffectShadow","signature":"getCubeEffectShadow As Boolean"},{"name":"getCubeEffectShadowOffset","signature":"getCubeEffectShadowOffset As Int"},{"name":"getCubeEffectShadowScale","signature":"getCubeEffectShadowScale As Double"},{"name":"getCubeEffectSlideShadows","signature":"getCubeEffectSlideShadows As Boolean"},{"name":"getSlideStyle","signature":"getSlideStyle As String"},{"name":"setAutoPlay","signature":"setAutoPlay(b As Boolean)"},{"name":"setAutoPlayDelay","signature":"setAutoPlayDelay(i As Int)"},{"name":"setAutoPlayDisableOnInteraction","signature":"setAutoPlayDisableOnInteraction(b As Boolean)"},{"name":"setAutoPlayPauseOnMouseEnter","signature":"setAutoPlayPauseOnMouseEnter(b As Boolean)"},{"name":"setAutoPlayReverseDirection","signature":"setAutoPlayReverseDirection(b As Boolean)"},{"name":"setAutoPlayStopOnLastSlide","signature":"setAutoPlayStopOnLastSlide(b As Boolean)"},{"name":"setAutoPlayWaitForTransition","signature":"setAutoPlayWaitForTransition(b As Boolean)"},{"name":"setGrid","signature":"setGrid(b As Boolean)"},{"name":"setGridFill","signature":"setGridFill(s As String)"},{"name":"setGridRows","signature":"setGridRows(i As Int)"},{"name":"getAutoPlay","signature":"getAutoPlay As Boolean"},{"name":"getAutoPlayDelay","signature":"getAutoPlayDelay As Int"},{"name":"getAutoPlayDisableOnInteraction","signature":"getAutoPlayDisableOnInteraction As Boolean"},{"name":"getAutoPlayPauseOnMouseEnter","signature":"getAutoPlayPauseOnMouseEnter As Boolean"},{"name":"getAutoPlayReverseDirection","signature":"getAutoPlayReverseDirection As Boolean"},{"name":"getAutoPlayStopOnLastSlide","signature":"getAutoPlayStopOnLastSlide As Boolean"},{"name":"getAutoPlayWaitForTransition","signature":"getAutoPlayWaitForTransition As Boolean"},{"name":"getGrid","signature":"getGrid As Boolean"},{"name":"getGridFill","signature":"getGridFill As String"},{"name":"getGridRows","signature":"getGridRows As Int"},{"name":"setParentID","signature":"setParentID(xParentID As String)"},{"name":"AddSlides","signature":"AddSlides(numOf As Int)"},{"name":"AddSlide\t\t\t\t","signature":"AddSlide\t\t\t\t"},{"name":"Slide","signature":"Slide(pos As Int) As SDUI5SwiperSlide"},{"name":"setCenteredSlides","signature":"setCenteredSlides(b As Boolean)"},{"name":"setDirection","signature":"setDirection(s As String)"},{"name":"setEffect","signature":"setEffect(s As String)"},{"name":"setHasNavigation","signature":"setHasNavigation(b As Boolean)"},{"name":"setHasPagination","signature":"setHasPagination(b As Boolean)"},{"name":"setHasScrollbar","signature":"setHasScrollbar(b As Boolean)"},{"name":"setWidth","signature":"setWidth(s As String)"},{"name":"getWidth","signature":"getWidth As String"},{"name":"setHeight","signature":"setHeight(s As String)"},{"name":"getHeight","signature":"getHeight As String"},{"name":"setInit","signature":"setInit(b As Boolean)"},{"name":"setInitialSlide","signature":"setInitialSlide(s As String)"},{"name":"setLoops","signature":"setLoops(b As Boolean)"},{"name":"setSlidesPerView","signature":"setSlidesPerView(s As String)"},{"name":"setSpaceBetween","signature":"setSpaceBetween(s As String)"},{"name":"setSpeed","signature":"setSpeed(s As String)"},{"name":"setUpdateOnWindowResize","signature":"setUpdateOnWindowResize(b As Boolean)"},{"name":"AddBreakPoint","signature":"AddBreakPoint(bp As Int, slidesPerView As Double, spaceBetween As Int)"},{"name":"Refresh","signature":"Refresh"},{"name":"slideNext","signature":"slideNext"},{"name":"slidePrev","signature":"slidePrev"},{"name":"getSlideName","signature":"getSlideName(pos As Int) As String"},{"name":"setParallax","signature":"setParallax(b As Boolean)"},{"name":"setPaginationType","signature":"setPaginationType(s As String)"},{"name":"setTotalSlides","signature":"setTotalSlides(s As String)"},{"name":"setDynamicBullets","signature":"setDynamicBullets(b As Boolean)"},{"name":"getParentID","signature":"getParentID As String"},{"name":"getParallax","signature":"getParallax As Boolean"},{"name":"getPaginationType","signature":"getPaginationType As String"},{"name":"getSlidesPerView","signature":"getSlidesPerView As String"},{"name":"getSpaceBetween","signature":"getSpaceBetween As String"},{"name":"getCenteredSlides","signature":"getCenteredSlides As Boolean"},{"name":"getDirection","signature":"getDirection As String"},{"name":"getEffect","signature":"getEffect As String"},{"name":"getHasNavigation","signature":"getHasNavigation As Boolean"},{"name":"getHasPagination","signature":"getHasPagination As Boolean"},{"name":"getHasScrollbar","signature":"getHasScrollbar As Boolean"},{"name":"getSpeed","signature":"getSpeed As String"},{"name":"getInit","signature":"getInit As Boolean"},{"name":"getInitialSlide","signature":"getInitialSlide As String"},{"name":"getTotalSlides","signature":"getTotalSlides As String"},{"name":"getLoop","signature":"getLoop As Boolean"},{"name":"getDynamicBullets","signature":"getDynamicBullets As Boolean"},{"name":"getUpdateOnWindowResize","signature":"getUpdateOnWindowResize As Boolean"},{"name":"AddSlideStyle\t\t\t\t\t","signature":"AddSlideStyle(m As Map)\t\t\t\t\t"},{"name":"AddSlideImageStyle\t\t\t\t","signature":"AddSlideImageStyle(m As Map)\t\t\t\t"},{"name":"setCardEffectPerSlideOffset","signature":"setCardEffectPerSlideOffset(i As Int)"},{"name":"setCardEffectPerSlideRotate","signature":"setCardEffectPerSlideRotate(i As Int)"},{"name":"setCardEffectRotate","signature":"setCardEffectRotate(b As Boolean)"},{"name":"setCardEffectSlideShadows","signature":"setCardEffectSlideShadows(b As Boolean)"},{"name":"setCoverFlowDepth","signature":"setCoverFlowDepth(i As Int)"},{"name":"setCoverFlowModifier","signature":"setCoverFlowModifier(i As Int)"},{"name":"setCoverFlowRotate","signature":"setCoverFlowRotate(i As Int)"},{"name":"setCoverFlowScale","signature":"setCoverFlowScale(i As Int)"},{"name":"setCoverFlowSlideShadows","signature":"setCoverFlowSlideShadows(b As Boolean)"},{"name":"setCoverFlowStretch","signature":"setCoverFlowStretch(i As Int)"},{"name":"getLoops","signature":"getLoops As Boolean"},{"name":"getSlideImageStyle","signature":"getSlideImageStyle As String"}]}