{"name":"SDUI5Swap","properties":[{"Key":"ParentID","DisplayName":"ParentID","FieldType":"String","DefaultValue":"","Description":"The ParentID of this component","List":""},{"Key":"SwapType","DisplayName":"Swap Type","FieldType":"String","DefaultValue":"text","Description":"Swap Type","List":"icon|text|svg"},{"Key":"TypeOf","DisplayName":"Type Of","FieldType":"String","DefaultValue":"flip","Description":"Type Of","List":"flip|rotate"},{"Key":"OnIcon","DisplayName":"On Icon","FieldType":"String","DefaultValue":"","Description":"On Icon","List":""},{"Key":"OffIcon","DisplayName":"Off Icon","FieldType":"String","DefaultValue":"","Description":"Off Icon","List":""},{"Key":"IndeterminateIcon","DisplayName":"Indeterminate Icon","FieldType":"String","DefaultValue":"","Description":"Indeterminate Icon","List":""},{"Key":"Height","DisplayName":"Height","FieldType":"String","DefaultValue":"32px","Description":"Height","List":""},{"Key":"Width","DisplayName":"Width","FieldType":"String","DefaultValue":"32px","Description":"Width","List":""},{"Key":"OnText","DisplayName":"On Text","FieldType":"String","DefaultValue":"ON","Description":"On Text","List":""},{"Key":"OnTextColor","DisplayName":"On Text Color","FieldType":"String","DefaultValue":"","Description":"On Text Color","List":""},{"Key":"OffText","DisplayName":"Off Text","FieldType":"String","DefaultValue":"OFF","Description":"Off Text","List":""},{"Key":"OffTextColor","DisplayName":"Off Text Color","FieldType":"String","DefaultValue":"","Description":"Off Text Color","List":""},{"Key":"IndeterminateText","DisplayName":"Indeterminate Text","FieldType":"String","DefaultValue":"NA","Description":"Indeterminate Text","List":""},{"Key":"IndeterminateTextColor","DisplayName":"Indeterminate Text Color","FieldType":"String","DefaultValue":"","Description":"Indeterminate Text Color","List":""},{"Key":"TextSize","DisplayName":"Text Size","FieldType":"String","DefaultValue":"9xl","Description":"Text Size","List":"2xl|3xl|4xl|5xl|6xl|7xl|8xl|9xl|base|lg|md|none|sm|xl|xs"},{"Key":"Active","DisplayName":"Active","FieldType":"Boolean","DefaultValue":"False","Description":"Active","List":""},{"Key":"Visible","DisplayName":"Visible","FieldType":"Boolean","DefaultValue":"True","Description":"If visible.","List":""},{"Key":"Enabled","DisplayName":"Enabled","FieldType":"Boolean","DefaultValue":"True","Description":"If enabled.","List":""},{"Key":"PositionStyle","DisplayName":"Position Style","FieldType":"String","DefaultValue":"none","Description":"Position","List":"absolute|fixed|none|relative|static|sticky"},{"Key":"Position","DisplayName":"Position Locations","FieldType":"String","DefaultValue":"t=?; b=?; r=?; l=?","Description":"Position Locations","List":""},{"Key":"MarginAXYTBLR","DisplayName":"Margins","FieldType":"String","DefaultValue":"a=?; x=?; y=?; t=?; b=?; l=?; r=?","Description":"Margins A(all)-X(LR)-Y(TB)-T-B-L-R","List":""},{"Key":"PaddingAXYTBLR","DisplayName":"Paddings","FieldType":"String","DefaultValue":"a=?; x=?; y=?; t=?; b=?; l=?; r=?","Description":"Paddings A(all)-X(LR)-Y(TB)-T-B-L-R","List":""},{"Key":"RawClasses","DisplayName":"Classes (;)","FieldType":"String","DefaultValue":"","Description":"Classes added to the HTML tag.","List":""},{"Key":"RawStyles","DisplayName":"Styles (JSON)","FieldType":"String","DefaultValue":"","Description":"Styles added to the HTML tag. Must be a json String use = and ;","List":""},{"Key":"RawAttributes","DisplayName":"Attributes (JSON)","FieldType":"String","DefaultValue":"","Description":"Attributes added to the HTML tag. Must be a json String use = and ;","List":""}],"events":[{"name":"Change (value As Boolean)"}],"methods":[{"name":"Class_Globals","signature":"Class_Globals"},{"name":"Initialize","signature":"Initialize (Callback As Object, Name As String, EventName As String)"},{"name":"getID","signature":"getID() As String"},{"name":"SetProperties","signature":"SetProperties(props As Map)"},{"name":"GetProperties","signature":"GetProperties As Map"},{"name":"AddComponent","signature":"AddComponent"},{"name":"Remove","signature":"Remove()"},{"name":"setParentID","signature":"setParentID(s As String)"},{"name":"getHere","signature":"getHere() As String"},{"name":"setVisible","signature":"setVisible(b As Boolean)"},{"name":"getVisible","signature":"getVisible As Boolean"},{"name":"setEnabled","signature":"setEnabled(b As Boolean)"},{"name":"getEnabled","signature":"getEnabled As Boolean"},{"name":"setPositionStyle","signature":"setPositionStyle(s As String)"},{"name":"getPositionStyle","signature":"getPositionStyle As String"},{"name":"setPosition","signature":"setPosition(s As String)"},{"name":"getPosition","signature":"getPosition As String"},{"name":"setAttributes","signature":"setAttributes(s As String)"},{"name":"setStyles","signature":"setStyles(s As String)"},{"name":"setClasses","signature":"setClasses(s As String)"},{"name":"setPaddingAXYTBLR","signature":"setPaddingAXYTBLR(s As String)"},{"name":"setMarginAXYTBLR","signature":"setMarginAXYTBLR(s As String)"},{"name":"getAttributes","signature":"getAttributes As String"},{"name":"getStyles","signature":"getStyles As String"},{"name":"getClasses","signature":"getClasses As String"},{"name":"getPaddingAXYTBLR","signature":"getPaddingAXYTBLR As String"},{"name":"getMarginAXYTBLR","signature":"getMarginAXYTBLR As String"},{"name":"DesignerCreateView","signature":"DesignerCreateView (Target As BANanoElement, Props As Map)"},{"name":"setActive\t\t\t","signature":"setActive(b As Boolean)\t\t\t"},{"name":"setHeight\t\t\t","signature":"setHeight(s As String)\t\t\t"},{"name":"setIndeterminateIcon","signature":"setIndeterminateIcon(s As String)"},{"name":"setIndeterminateText","signature":"setIndeterminateText(s As String)"},{"name":"setIndeterminateTextColor\t\t\t","signature":"setIndeterminateTextColor(s As String)\t\t\t"},{"name":"setOffIcon","signature":"setOffIcon(s As String)"},{"name":"setOffText","signature":"setOffText(s As String)"},{"name":"setOffTextColor\t\t\t","signature":"setOffTextColor(s As String)\t\t\t"},{"name":"setOnIcon","signature":"setOnIcon(s As String)"},{"name":"setOnText","signature":"setOnText(s As String)"},{"name":"setOnTextColor\t\t\t","signature":"setOnTextColor(s As String)\t\t\t"},{"name":"setSwapType","signature":"setSwapType(s As String)"},{"name":"setTextSize\t\t\t","signature":"setTextSize(s As String)\t\t\t"},{"name":"setTypeOf","signature":"setTypeOf(s As String)"},{"name":"setWidth\t\t\t","signature":"setWidth(s As String)\t\t\t"},{"name":"getActive","signature":"getActive As Boolean"},{"name":"getHeight","signature":"getHeight As String"},{"name":"getIndeterminateIcon","signature":"getIndeterminateIcon As String"},{"name":"getIndeterminateText","signature":"getIndeterminateText As String"},{"name":"getIndeterminateTextColor","signature":"getIndeterminateTextColor As String"},{"name":"getOffIcon","signature":"getOffIcon As String"},{"name":"getOffText","signature":"getOffText As String"},{"name":"getOffTextColor","signature":"getOffTextColor As String"},{"name":"getOnIcon","signature":"getOnIcon As String"},{"name":"getOnText","signature":"getOnText As String"},{"name":"getOnTextColor","signature":"getOnTextColor As String"},{"name":"getSwapType","signature":"getSwapType As String"},{"name":"getTextSize","signature":"getTextSize As String"},{"name":"getTypeOf","signature":"getTypeOf As String"},{"name":"getWidth","signature":"getWidth As String"},{"name":"getParentID","signature":"getParentID() As String"}]}