{"name":"SDUI5ChatBubble","properties":[{"Key":"ParentID","DisplayName":"ParentID","FieldType":"String","DefaultValue":"","Description":"The ParentID of this component","List":""},{"Key":"Placement","DisplayName":"Placement","FieldType":"String","DefaultValue":"start","Description":"Placement","List":"end|start"},{"Key":"MessageFrom","DisplayName":"Message From","FieldType":"String","DefaultValue":"Mashy","Description":"Message From","List":""},{"Key":"MessageTime","DisplayName":"Message Time","FieldType":"String","DefaultValue":"17","Description":"Message Time","List":""},{"Key":"Image","DisplayName":"Image","FieldType":"String","DefaultValue":"./assets/mashy.jpg","Description":"Image","List":""},{"Key":"ImageSize","DisplayName":"Image Size","FieldType":"String","DefaultValue":"10","Description":"Image Size","List":""},{"Key":"Message","DisplayName":"Message","FieldType":"String","DefaultValue":"Welcome to SithasoDaisy5","Description":"Message","List":""},{"Key":"Footer","DisplayName":"Footer","FieldType":"String","DefaultValue":"Delivered","Description":"Footer","List":""},{"Key":"Color","DisplayName":"Color","FieldType":"String","DefaultValue":"none","Description":"Color","List":"accent|error|info|neutral|none|primary|secondary|success|warning"},{"Key":"TextColor","DisplayName":"Text Color","FieldType":"String","DefaultValue":"","Description":"Text Color","List":""},{"Key":"BackgroundColor","DisplayName":"Background Color","FieldType":"String","DefaultValue":"","Description":"Background Color","List":""},{"Key":"HeaderVisible","DisplayName":"Header Visible","FieldType":"Boolean","DefaultValue":"True","Description":"Header Visible","List":""},{"Key":"ImageVisible","DisplayName":"Image Visible","FieldType":"Boolean","DefaultValue":"True","Description":"Image Visible","List":""},{"Key":"FooterVisible","DisplayName":"Footer Visible","FieldType":"Boolean","DefaultValue":"True","Description":"Footer Visible","List":""},{"Key":"Visible","DisplayName":"Visible","FieldType":"Boolean","DefaultValue":"True","Description":"If visible.","List":""},{"Key":"Enabled","DisplayName":"Enabled","FieldType":"Boolean","DefaultValue":"True","Description":"If enabled.","List":""},{"Key":"PositionStyle","DisplayName":"Position Style","FieldType":"String","DefaultValue":"none","Description":"Position","List":"absolute|fixed|none|relative|static|sticky"},{"Key":"Position","DisplayName":"Position Locations","FieldType":"String","DefaultValue":"t=?; b=?; r=?; l=?","Description":"Position Locations","List":""},{"Key":"MarginAXYTBLR","DisplayName":"Margins","FieldType":"String","DefaultValue":"a=?; x=?; y=?; t=?; b=?; l=?; r=?","Description":"Margins A(all)-X(LR)-Y(TB)-T-B-L-R","List":""},{"Key":"PaddingAXYTBLR","DisplayName":"Paddings","FieldType":"String","DefaultValue":"a=?; x=?; y=?; t=?; b=?; l=?; r=?","Description":"Paddings A(all)-X(LR)-Y(TB)-T-B-L-R","List":""},{"Key":"RawClasses","DisplayName":"Classes (;)","FieldType":"String","DefaultValue":"","Description":"Classes added to the HTML tag.","List":""},{"Key":"RawStyles","DisplayName":"Styles (JSON)","FieldType":"String","DefaultValue":"","Description":"Styles added to the HTML tag. Must be a json String use = and ;","List":""},{"Key":"RawAttributes","DisplayName":"Attributes (JSON)","FieldType":"String","DefaultValue":"","Description":"Attributes added to the HTML tag. Must be a json String use = and ;","List":""}],"events":[],"methods":[{"name":"Class_Globals","signature":"Class_Globals"},{"name":"Initialize","signature":"Initialize (Callback As Object, Name As String, EventName As String)"},{"name":"getID","signature":"getID() As String"},{"name":"SetProperties","signature":"SetProperties(props As Map)"},{"name":"GetProperties","signature":"GetProperties As Map"},{"name":"AddComponent","signature":"AddComponent"},{"name":"Remove","signature":"Remove()"},{"name":"setParentID","signature":"setParentID(s As String)"},{"name":"getParentID","signature":"getParentID As String"},{"name":"getHere","signature":"getHere() As String"},{"name":"setVisible","signature":"setVisible(b As Boolean)"},{"name":"getVisible","signature":"getVisible As Boolean"},{"name":"setEnabled","signature":"setEnabled(b As Boolean)"},{"name":"getEnabled","signature":"getEnabled As Boolean"},{"name":"setPositionStyle","signature":"setPositionStyle(s As String)"},{"name":"getPositionStyle","signature":"getPositionStyle As String"},{"name":"setPosition","signature":"setPosition(s As String)"},{"name":"getPosition","signature":"getPosition As String"},{"name":"setAttributes","signature":"setAttributes(s As String)"},{"name":"setStyles","signature":"setStyles(s As String)"},{"name":"setClasses","signature":"setClasses(s As String)"},{"name":"setPaddingAXYTBLR","signature":"setPaddingAXYTBLR(s As String)"},{"name":"setMarginAXYTBLR","signature":"setMarginAXYTBLR(s As String)"},{"name":"getAttributes","signature":"getAttributes As String"},{"name":"getStyles","signature":"getStyles As String"},{"name":"getClasses","signature":"getClasses As String"},{"name":"getPaddingAXYTBLR","signature":"getPaddingAXYTBLR As String"},{"name":"getMarginAXYTBLR","signature":"getMarginAXYTBLR As String"},{"name":"DesignerCreateView","signature":"DesignerCreateView (Target As BANanoElement, Props As Map)"},{"name":"setBackgroundColor\t\t\t","signature":"setBackgroundColor(s As String)\t\t\t"},{"name":"setColor\t\t\t\t","signature":"setColor(s As String)\t\t\t\t"},{"name":"setFooter","signature":"setFooter(s As String)"},{"name":"setFooterVisible\t\t\t","signature":"setFooterVisible(b As Boolean)\t\t\t"},{"name":"setHeaderVisible\t\t\t\t","signature":"setHeaderVisible(b As Boolean)\t\t\t\t"},{"name":"setImage","signature":"setImage(s As String)"},{"name":"setImageSize\t\t\t\t","signature":"setImageSize(s As String)\t\t\t\t"},{"name":"setImageVisible\t\t\t\t","signature":"setImageVisible(b As Boolean)\t\t\t\t"},{"name":"setMessage\t\t\t\t","signature":"setMessage(s As String)\t\t\t\t"},{"name":"setMessageFrom","signature":"setMessageFrom(s As String)"},{"name":"setMessageTime","signature":"setMessageTime(s As String)"},{"name":"setPlacement","signature":"setPlacement(s As String)"},{"name":"setTextColor\t\t\t\t","signature":"setTextColor(s As String)\t\t\t\t"},{"name":"getBackgroundColor","signature":"getBackgroundColor As String"},{"name":"getColor","signature":"getColor As String"},{"name":"getFooter","signature":"getFooter As String"},{"name":"getFooterVisible","signature":"getFooterVisible As Boolean"},{"name":"getHeaderVisible","signature":"getHeaderVisible As Boolean"},{"name":"getImage","signature":"getImage As String"},{"name":"getImageSize","signature":"getImageSize As String"},{"name":"getImageVisible","signature":"getImageVisible As Boolean"},{"name":"getMessage","signature":"getMessage As String"},{"name":"getMessageFrom","signature":"getMessageFrom As String"},{"name":"getMessageTime","signature":"getMessageTime As String"},{"name":"getPlacement","signature":"getPlacement As String"},{"name":"getTextColor","signature":"getTextColor As String"}]}