{"name":"SDUI5Alert","properties":[{"Key":"ReadMe","DisplayName":"ReadMe","FieldType":"String","DefaultValue":"Child Item _actions","Description":"Child Item _actions","List":""},{"Key":"ParentID","DisplayName":"ParentID","FieldType":"String","DefaultValue":"","Description":"The ParentID of this component","List":""},{"Key":"Title","DisplayName":"Title","FieldType":"String","DefaultValue":"Alert Title","Description":"Title Text","List":""},{"Key":"Text","DisplayName":"Text","FieldType":"String","DefaultValue":"Alert Text","Description":"Text","List":""},{"Key":"TextColor","DisplayName":"Text Color","FieldType":"String","DefaultValue":"","Description":"Text Color","List":""},{"Key":"Alignment","DisplayName":"Alignment","FieldType":"String","DefaultValue":"none","Description":"Alignment","List":"horizontal|none|vertical"},{"Key":"Color","DisplayName":"Color","FieldType":"String","DefaultValue":"none","Description":"Color","List":"accent|error|info|neutral|none|primary|secondary|success|warning"},{"Key":"BackgroundColor","DisplayName":"Background Color","FieldType":"String","DefaultValue":"","Description":"Background Color","List":""},{"Key":"Dash","DisplayName":"Dash","FieldType":"Boolean","DefaultValue":"False","Description":"Dash","List":""},{"Key":"Icon","DisplayName":"Icon","FieldType":"String","DefaultValue":"","Description":"Icon","List":""},{"Key":"IconSize","DisplayName":"Icon Size","FieldType":"String","DefaultValue":"16px","Description":"Icon Size","List":""},{"Key":"IconColor","DisplayName":"Icon Color","FieldType":"String","DefaultValue":"","Description":"Icon Color","List":""},{"Key":"Outline","DisplayName":"Outline","FieldType":"Boolean","DefaultValue":"False","Description":"Outline","List":""},{"Key":"Size","DisplayName":"Size","FieldType":"String","DefaultValue":"none","Description":"Size","List":"lg|md|none|sm|xl|xs"},{"Key":"Height","DisplayName":"Height","FieldType":"String","DefaultValue":"","Description":"Height","List":""},{"Key":"Width","DisplayName":"Width","FieldType":"String","DefaultValue":"96","Description":"Width","List":""},{"Key":"Soft","DisplayName":"Soft","FieldType":"Boolean","DefaultValue":"False","Description":"Soft","List":""},{"Key":"HasActions","DisplayName":"HasActions","FieldType":"Boolean","DefaultValue":"False","Description":"Has Actions.","List":""},{"Key":"Visible","DisplayName":"Visible","FieldType":"Boolean","DefaultValue":"True","Description":"If visible.","List":""},{"Key":"Enabled","DisplayName":"Enabled","FieldType":"Boolean","DefaultValue":"True","Description":"If enabled.","List":""},{"Key":"PositionStyle","DisplayName":"Position Style","FieldType":"String","DefaultValue":"none","Description":"Position","List":"absolute|fixed|none|relative|static|sticky"},{"Key":"Position","DisplayName":"Position Locations","FieldType":"String","DefaultValue":"t=?; b=?; r=?; l=?","Description":"Position Locations","List":""},{"Key":"MarginAXYTBLR","DisplayName":"Margins","FieldType":"String","DefaultValue":"a=?; x=?; y=?; t=?; b=?; l=?; r=?","Description":"Margins A(all)-X(LR)-Y(TB)-T-B-L-R","List":""},{"Key":"PaddingAXYTBLR","DisplayName":"Paddings","FieldType":"String","DefaultValue":"a=?; x=?; y=?; t=?; b=?; l=?; r=?","Description":"Paddings A(all)-X(LR)-Y(TB)-T-B-L-R","List":""},{"Key":"RawClasses","DisplayName":"Classes (;)","FieldType":"String","DefaultValue":"","Description":"Classes added to the HTML tag.","List":""},{"Key":"RawStyles","DisplayName":"Styles (JSON)","FieldType":"String","DefaultValue":"","Description":"Styles added to the HTML tag. Must be a json String use = and ;","List":""},{"Key":"RawAttributes","DisplayName":"Attributes (JSON)","FieldType":"String","DefaultValue":"","Description":"Attributes added to the HTML tag. Must be a json String use = and ;","List":""}],"events":[{"name":"Click (e As BANanoEvent)"}],"methods":[{"name":"Class_Globals","signature":"Class_Globals"},{"name":"Initialize","signature":"Initialize (Callback As Object, Name As String, EventName As String)"},{"name":"getID","signature":"getID() As String"},{"name":"SetProperties","signature":"SetProperties(props As Map)"},{"name":"GetProperties","signature":"GetProperties As Map"},{"name":"AddComponent","signature":"AddComponent"},{"name":"Remove","signature":"Remove()"},{"name":"setParentID","signature":"setParentID(s As String)"},{"name":"getParentID","signature":"getParentID() As String"},{"name":"getHere","signature":"getHere() As String"},{"name":"setVisible","signature":"setVisible(b As Boolean)"},{"name":"getVisible","signature":"getVisible As Boolean"},{"name":"setEnabled","signature":"setEnabled(b As Boolean)"},{"name":"getEnabled","signature":"getEnabled As Boolean"},{"name":"setPositionStyle","signature":"setPositionStyle(s As String)"},{"name":"getPositionStyle","signature":"getPositionStyle As String"},{"name":"setPosition","signature":"setPosition(s As String)"},{"name":"getPosition","signature":"getPosition As String"},{"name":"setAttributes","signature":"setAttributes(s As String)"},{"name":"setStyles","signature":"setStyles(s As String)"},{"name":"setClasses","signature":"setClasses(s As String)"},{"name":"setPaddingAXYTBLR","signature":"setPaddingAXYTBLR(s As String)"},{"name":"setMarginAXYTBLR","signature":"setMarginAXYTBLR(s As String)"},{"name":"getAttributes","signature":"getAttributes As String"},{"name":"getStyles","signature":"getStyles As String"},{"name":"getClasses","signature":"getClasses As String"},{"name":"getPaddingAXYTBLR","signature":"getPaddingAXYTBLR As String"},{"name":"getMarginAXYTBLR","signature":"getMarginAXYTBLR As String"},{"name":"setText\t\t\t","signature":"setText(text As String)\t\t\t"},{"name":"getText","signature":"getText As String"},{"name":"DesignerCreateView","signature":"DesignerCreateView (Target As BANanoElement, Props As Map)"},{"name":"setHeight","signature":"setHeight(s As String)"},{"name":"setWidth","signature":"setWidth(s As String)"},{"name":"getHeight","signature":"getHeight As String"},{"name":"getWidth","signature":"getWidth As String"},{"name":"setHasActions\t\t\t","signature":"setHasActions(b As Boolean)\t\t\t"},{"name":"getHasActions","signature":"getHasActions As Boolean"},{"name":"setIconSize\t\t\t","signature":"setIconSize(s As String)\t\t\t"},{"name":"getIconSize","signature":"getIconSize As String"},{"name":"setTitle\t\t\t\t","signature":"setTitle(text As String)\t\t\t\t"},{"name":"getTitle","signature":"getTitle As String"},{"name":"setAlignment","signature":"setAlignment(s As String)"},{"name":"setBackgroundColor","signature":"setBackgroundColor(s As String)"},{"name":"setColor","signature":"setColor(s As String)"},{"name":"setDash","signature":"setDash(b As Boolean)"},{"name":"setIcon\t\t\t","signature":"setIcon(s As String)\t\t\t"},{"name":"setIconColor\t\t\t","signature":"setIconColor(s As String)\t\t\t"},{"name":"setOutline","signature":"setOutline(b As Boolean)"},{"name":"setSize","signature":"setSize(s As String)"},{"name":"setSoft","signature":"setSoft(b As Boolean)"},{"name":"setTextColor","signature":"setTextColor(s As String)"},{"name":"getAlignment","signature":"getAlignment As String"},{"name":"getBackgroundColor","signature":"getBackgroundColor As String"},{"name":"getColor","signature":"getColor As String"},{"name":"getDash","signature":"getDash As Boolean"},{"name":"getIcon","signature":"getIcon As String"},{"name":"getIconColor","signature":"getIconColor As String"},{"name":"getOutline","signature":"getOutline As Boolean"},{"name":"getSize","signature":"getSize As String"},{"name":"getSoft","signature":"getSoft As Boolean"},{"name":"getTextColor","signature":"getTextColor As String"}]}