{"name":"SDUI5Button","properties":[{"Key":"ParentID","DisplayName":"ParentID","FieldType":"String","DefaultValue":"","Description":"The ParentID of this component","List":""},{"Key":"DockItem","DisplayName":"Dock Item","FieldType":"Boolean","DefaultValue":"False","Description":"Dock Item","List":""},{"Key":"ButtonIcon","DisplayName":"Button Icon","FieldType":"Boolean","DefaultValue":"False","Description":"Button Icon","List":""},{"Key":"Text","DisplayName":"Text","FieldType":"String","DefaultValue":"Button","Description":"Text","List":""},{"Key":"TextVisible","DisplayName":"Text Visible","FieldType":"Boolean","DefaultValue":"True","Description":"Text Visible","List":""},{"Key":"TextSize","DisplayName":"Text Size","FieldType":"String","DefaultValue":"","Description":"Text Size","List":"lg|md|none|sm|xl|xs"},{"Key":"TextColor","DisplayName":"Text Color","FieldType":"String","DefaultValue":"","Description":"Text Color","List":""},{"Key":"Color","DisplayName":"Color","FieldType":"String","DefaultValue":"none","Description":"Color","List":"primary|secondary|accent|neutral|info|success|warning|error|none"},{"Key":"Badge","DisplayName":"Badge","FieldType":"String","DefaultValue":"","Description":"Badge (Appears on right)","List":""},{"Key":"BadgeColor","DisplayName":"Badge Color","FieldType":"String","DefaultValue":"","Description":"Badge Color","List":"danger|dark|light|medium|none|primary|secondary|success|tertiary|warning"},{"Key":"BadgeSize","DisplayName":"Badge Size","FieldType":"String","DefaultValue":"sm","Description":"Bade Size","List":"lg|md|none|sm|xl|xs"},{"Key":"Active","DisplayName":"Active","FieldType":"Boolean","DefaultValue":"False","Description":"Active","List":""},{"Key":"Tooltip","DisplayName":"Tooltip","FieldType":"String","DefaultValue":"","Description":"Tooltip","List":""},{"Key":"TooltipColor","DisplayName":"Tooltip Color","FieldType":"String","DefaultValue":"none","Description":"Tooltip Color","List":"accent|error|info|neutral|none|primary|secondary|success|warning"},{"Key":"TooltipOpen","DisplayName":"Tooltip Open","FieldType":"Boolean","DefaultValue":"False","Description":"Tooltip Open","List":""},{"Key":"TooltipPosition","DisplayName":"Tooltip Position","FieldType":"String","DefaultValue":"none","Description":"Tooltip Position","List":"bottom|left|right|top|none"},{"Key":"BackgroundColor","DisplayName":"Background Color","FieldType":"String","DefaultValue":"","Description":"Background Color","List":""},{"Key":"Shape","DisplayName":"Shape/Rounded","FieldType":"String","DefaultValue":"none","Description":"Shape/Rounded","List":"square|circle|none|rounded|2xl|3xl|full|lg|md|sm|xl|0|rounded-full"},{"Key":"Block","DisplayName":"Block","FieldType":"Boolean","DefaultValue":"False","Description":"Block","List":""},{"Key":"Wide","DisplayName":"Wide","FieldType":"Boolean","DefaultValue":"False","Description":"Wide","List":""},{"Key":"Dash","DisplayName":"Dash","FieldType":"Boolean","DefaultValue":"False","Description":"Dash","List":""},{"Key":"Ghost","DisplayName":"Ghost","FieldType":"Boolean","DefaultValue":"False","Description":"Ghost","List":""},{"Key":"JoinItem","DisplayName":"Join Item","FieldType":"Boolean","DefaultValue":"False","Description":"Join Item","List":""},{"Key":"Activator","DisplayName":"Activator","FieldType":"Boolean","DefaultValue":"False","Description":"Activator","List":""},{"Key":"PopOverTarget","DisplayName":"Pop Over Target","FieldType":"String","DefaultValue":"","Description":"Pop Over Target","List":""},{"Key":"RoundedField","DisplayName":"Rounded Field","FieldType":"Boolean","DefaultValue":"False","Description":"Rounded Field","List":""},{"Key":"Link","DisplayName":"Link","FieldType":"Boolean","DefaultValue":"False","Description":"Link","List":""},{"Key":"Loading","DisplayName":"Loading","FieldType":"Boolean","DefaultValue":"False","Description":"Loading","List":""},{"Key":"Outline","DisplayName":"Outline","FieldType":"Boolean","DefaultValue":"False","Description":"Outline","List":""},{"Key":"LeftIcon","DisplayName":"Left Icon","FieldType":"String","DefaultValue":"","Description":"Left Icon","List":""},{"Key":"LeftIconColor","DisplayName":"Left Icon Color","FieldType":"String","DefaultValue":"","Description":"Left Icon Color","List":""},{"Key":"IconSize","DisplayName":"Icon Size Percentage","FieldType":"String","DefaultValue":"50","Description":"Icon Size Percentage","List":""},{"Key":"ResizeIconSize","DisplayName":"Resize Icon Size","FieldType":"Boolean","DefaultValue":"True","Description":"Resize Icon Size By Button Size","List":""},{"Key":"RightIcon","DisplayName":"Right Icon","FieldType":"String","DefaultValue":"","Description":"Right Icon","List":""},{"Key":"RightIconColor","DisplayName":"Right Icon Color","FieldType":"String","DefaultValue":"","Description":"Right Icon Color","List":""},{"Key":"Image","DisplayName":"Left Image","FieldType":"String","DefaultValue":"","Description":"Left Image","List":""},{"Key":"ImageHeight","DisplayName":"Left Image Height","FieldType":"String","DefaultValue":"32px","Description":"Left Image Height","List":""},{"Key":"ImageWidth","DisplayName":"Left Image Width","FieldType":"String","DefaultValue":"32px","Description":"Left Image Width","List":""},{"Key":"RightImage","DisplayName":"Right Image","FieldType":"String","DefaultValue":"","Description":"Right Image","List":""},{"Key":"RightImageHeight","DisplayName":"Right Image Height","FieldType":"String","DefaultValue":"32px","Description":"Right Image Height","List":""},{"Key":"RightImageWidth","DisplayName":"Right Image Width","FieldType":"String","DefaultValue":"32px","Description":"Right Image Width","List":""},{"Key":"Size","DisplayName":"Size","FieldType":"String","DefaultValue":"md","Description":"Size","List":"lg|md|none|sm|xs"},{"Key":"SizeLarge","DisplayName":"LG Size","FieldType":"String","DefaultValue":"none","Description":"Size Large","List":"lg|md|none|sm|xs"},{"Key":"SizeMedium","DisplayName":"MD Size","FieldType":"String","DefaultValue":"none","Description":"Size Medium","List":"lg|md|none|sm|xs"},{"Key":"SizeSmall","DisplayName":"SM Size","FieldType":"String","DefaultValue":"none","Description":"Size Small","List":"lg|md|none|sm|xs"},{"Key":"SizeXLarge","DisplayName":"XL Size","FieldType":"String","DefaultValue":"none","Description":"Size X Large","List":"lg|md|none|sm|xs"},{"Key":"Soft","DisplayName":"Soft","FieldType":"Boolean","DefaultValue":"False","Description":"Soft","List":""},{"Key":"Height","DisplayName":"Height","FieldType":"String","DefaultValue":"","Description":"Height","List":""},{"Key":"Width","DisplayName":"Width","FieldType":"String","DefaultValue":"","Description":"Width","List":""},{"Key":"Shadow","DisplayName":"Shadow","FieldType":"String","DefaultValue":"md","Description":"Shadow","List":"2xl|inner|lg|md|none|shadow|sm|xl"},{"Key":"IndicatorVisible","DisplayName":"Indicator Visible","FieldType":"Boolean","DefaultValue":"False","Description":"Indicator Visible (Top Right)","List":""},{"Key":"IndicatorValue","DisplayName":"Indicator Value","FieldType":"String","DefaultValue":"","Description":"Indicator Value","List":""},{"Key":"IndicatorColor","DisplayName":"Indicator Color","FieldType":"String","DefaultValue":"error","Description":"Indicator Color","List":""},{"Key":"IndicatorTextColor","DisplayName":"Indicator Text Color","FieldType":"String","DefaultValue":"none","Description":"Indicator Text Color","List":""},{"Key":"IndicatorPosition","DisplayName":"Indicator Position","FieldType":"String","DefaultValue":"top-end","Description":"Indicator Position","List":"bottom-center|bottom-end|bottom-start|middle-center|middle-end|middle-start|top-center|top-end|top-start"},{"Key":"IndicatorSize","DisplayName":"Indicator Size","FieldType":"String","DefaultValue":"6","Description":"Indicator Size","List":""},{"Key":"NoBadge","DisplayName":"No Badge","FieldType":"Boolean","DefaultValue":"False","Description":"No Badge","List":""},{"Key":"NoIndicator","DisplayName":"No Indicator","FieldType":"Boolean","DefaultValue":"False","Description":"No Indicator","List":""},{"Key":"NoLeftIcon","DisplayName":"No Left Icon","FieldType":"Boolean","DefaultValue":"False","Description":"No Left Icon","List":""},{"Key":"NoLeftImage","DisplayName":"No Left Image","FieldType":"Boolean","DefaultValue":"False","Description":"No Left Image","List":""},{"Key":"NoLoading","DisplayName":"No Loading","FieldType":"Boolean","DefaultValue":"False","Description":"No Loading","List":""},{"Key":"NoRightIcon","DisplayName":"No Right Icon","FieldType":"Boolean","DefaultValue":"False","Description":"No Right Icon","List":""},{"Key":"NoRightImage","DisplayName":"No Right Image","FieldType":"Boolean","DefaultValue":"False","Description":"No Right Image","List":""},{"Key":"NoText","DisplayName":"No Text","FieldType":"Boolean","DefaultValue":"False","Description":"No Text","List":""},{"Key":"Visible","DisplayName":"Visible","FieldType":"Boolean","DefaultValue":"True","Description":"If visible.","List":""},{"Key":"Enabled","DisplayName":"Enabled","FieldType":"Boolean","DefaultValue":"True","Description":"If enabled.","List":""},{"Key":"PositionStyle","DisplayName":"Position Style","FieldType":"String","DefaultValue":"none","Description":"Position","List":"absolute|fixed|none|relative|static|sticky"},{"Key":"Position","DisplayName":"Position Locations","FieldType":"String","DefaultValue":"t=?; b=?; r=?; l=?","Description":"Position Locations","List":""},{"Key":"MarginAXYTBLR","DisplayName":"Margins","FieldType":"String","DefaultValue":"a=?; x=?; y=?; t=?; b=?; l=?; r=?","Description":"Margins A(all)-X(LR)-Y(TB)-T-B-L-R","List":""},{"Key":"PaddingAXYTBLR","DisplayName":"Paddings","FieldType":"String","DefaultValue":"a=?; x=?; y=?; t=?; b=?; l=?; r=?","Description":"Paddings A(all)-X(LR)-Y(TB)-T-B-L-R","List":""},{"Key":"RawClasses","DisplayName":"Classes (;)","FieldType":"String","DefaultValue":"","Description":"Classes added to the HTML tag.","List":""},{"Key":"RawStyles","DisplayName":"Styles (JSON)","FieldType":"String","DefaultValue":"","Description":"Styles added to the HTML tag. Must be a json String use = and ;","List":""},{"Key":"RawAttributes","DisplayName":"Attributes (JSON)","FieldType":"String","DefaultValue":"","Description":"Attributes added to the HTML tag. Must be a json String use = and ;","List":""}],"events":[{"name":"Click (e As BANanoEvent)"}],"methods":[{"name":"Class_Globals","signature":"Class_Globals"},{"name":"Initialize","signature":"Initialize (Callback As Object, Name As String, EventName As String)"},{"name":"OnEvent","signature":"OnEvent(event As String, MethodName As String)"},{"name":"getID","signature":"getID() As String"},{"name":"SetProperties","signature":"SetProperties(props As Map)"},{"name":"GetProperties","signature":"GetProperties As Map"},{"name":"AddComponent","signature":"AddComponent"},{"name":"Remove","signature":"Remove()"},{"name":"setParentID","signature":"setParentID(s As String)"},{"name":"getHere","signature":"getHere() As String"},{"name":"setVisible","signature":"setVisible(b As Boolean)"},{"name":"getVisible","signature":"getVisible As Boolean"},{"name":"setEnabled","signature":"setEnabled(b As Boolean)"},{"name":"getEnabled","signature":"getEnabled As Boolean"},{"name":"setPositionStyle","signature":"setPositionStyle(s As String)"},{"name":"getPositionStyle","signature":"getPositionStyle As String"},{"name":"setPosition","signature":"setPosition(s As String)"},{"name":"getPosition","signature":"getPosition As String"},{"name":"setAttributes","signature":"setAttributes(s As String)"},{"name":"setStyles","signature":"setStyles(s As String)"},{"name":"setClasses","signature":"setClasses(s As String)"},{"name":"setPaddingAXYTBLR","signature":"setPaddingAXYTBLR(s As String)"},{"name":"setMarginAXYTBLR","signature":"setMarginAXYTBLR(s As String)"},{"name":"AddClass","signature":"AddClass(className As String)"},{"name":"AddAttr","signature":"AddAttr(k As String, v As String)"},{"name":"getAttributes","signature":"getAttributes As String"},{"name":"getStyles","signature":"getStyles As String"},{"name":"getClasses","signature":"getClasses As String"},{"name":"getPaddingAXYTBLR","signature":"getPaddingAXYTBLR As String"},{"name":"getMarginAXYTBLR","signature":"getMarginAXYTBLR As String"},{"name":"setTextVisible\t\t\t","signature":"setTextVisible(b As Boolean)\t\t\t"},{"name":"setTextSize","signature":"setTextSize(s As String)"},{"name":"getTextSize","signature":"getTextSize As String"},{"name":"getTextVisible","signature":"getTextVisible As Boolean"},{"name":"setText\t\t\t","signature":"setText(text As String)\t\t\t"},{"name":"getText","signature":"getText As String"},{"name":"DesignerCreateView","signature":"DesignerCreateView (Target As BANanoElement, Props As Map)"},{"name":"setNoBadge\t\t\t","signature":"setNoBadge(b As Boolean)\t\t\t"},{"name":"setNoIndicator\t\t\t\t","signature":"setNoIndicator(b As Boolean)\t\t\t\t"},{"name":"setNoLeftIcon\t\t\t\t","signature":"setNoLeftIcon(b As Boolean)\t\t\t\t"},{"name":"setNoLeftImage\t\t\t\t","signature":"setNoLeftImage(b As Boolean)\t\t\t\t"},{"name":"setNoLoading\t\t\t\t\t\t","signature":"setNoLoading(b As Boolean)\t\t\t\t\t\t"},{"name":"setNoRightIcon\t\t\t\t\t\t","signature":"setNoRightIcon(b As Boolean)\t\t\t\t\t\t"},{"name":"setNoRightImage\t\t\t\t\t","signature":"setNoRightImage(b As Boolean)\t\t\t\t\t"},{"name":"setNoText\t\t\t\t\t\t","signature":"setNoText(b As Boolean)\t\t\t\t\t\t"},{"name":"getNoBadge","signature":"getNoBadge As Boolean"},{"name":"getNoIndicator","signature":"getNoIndicator As Boolean"},{"name":"getNoLeftIcon","signature":"getNoLeftIcon As Boolean"},{"name":"getNoLeftImage","signature":"getNoLeftImage As Boolean"},{"name":"getNoLoading","signature":"getNoLoading As Boolean"},{"name":"getNoRightIcon","signature":"getNoRightIcon As Boolean"},{"name":"getNoRightImage","signature":"getNoRightImage As Boolean"},{"name":"getNoText","signature":"getNoText As Boolean"},{"name":"setButtonIcon\t\t\t\t'ignore","signature":"setButtonIcon(b As Boolean)\t\t\t\t'ignore"},{"name":"getButtonIcon","signature":"getButtonIcon As Boolean"},{"name":"RemoveIndicator\t\t\t\t","signature":"RemoveIndicator\t\t\t\t"},{"name":"RemoveBadge\t\t\t\t\t","signature":"RemoveBadge\t\t\t\t\t"},{"name":"RemoveRightImage\t\t\t\t","signature":"RemoveRightImage\t\t\t\t"},{"name":"RemoveLeftIcon\t\t\t\t","signature":"RemoveLeftIcon\t\t\t\t"},{"name":"RemoveRightIcon\t\t\t\t","signature":"RemoveRightIcon\t\t\t\t"},{"name":"RemoveText\t\t\t\t\t","signature":"RemoveText\t\t\t\t\t"},{"name":"RemoveLeftImage\t\t\t\t","signature":"RemoveLeftImage\t\t\t\t"},{"name":"setIndicatorVisible\t\t\t\t\t","signature":"setIndicatorVisible(b As Boolean)\t\t\t\t\t"},{"name":"getIndicatorVisible","signature":"getIndicatorVisible As Boolean"},{"name":"setIndicatorColor\t\t\t\t\t\t","signature":"setIndicatorColor(s As String)\t\t\t\t\t\t"},{"name":"setIndicatorPosition\t\t\t\t\t","signature":"setIndicatorPosition(s As String)\t\t\t\t\t"},{"name":"setIndicatorSize\t\t\t\t\t\t\t\t\t","signature":"setIndicatorSize(s As String)\t\t\t\t\t\t\t\t\t"},{"name":"setIndicatorTextColor\t\t\t\t\t\t\t","signature":"setIndicatorTextColor(s As String)\t\t\t\t\t\t\t"},{"name":"setIndicatorValue\t\t\t\t\t\t\t\t\t","signature":"setIndicatorValue(s As String)\t\t\t\t\t\t\t\t\t"},{"name":"getIndicatorColor","signature":"getIndicatorColor As String"},{"name":"getIndicatorPosition","signature":"getIndicatorPosition As String"},{"name":"getIndicatorSize","signature":"getIndicatorSize As String"},{"name":"getIndicatorTextColor","signature":"getIndicatorTextColor As String"},{"name":"getIndicatorValue","signature":"getIndicatorValue As String"},{"name":"setPopOverTarget\t\t\t\t","signature":"setPopOverTarget(s As String)\t\t\t\t"},{"name":"getPopOverTarget","signature":"getPopOverTarget As String\t\t\t\t\t"},{"name":"Focus","signature":"Focus"},{"name":"setShadow","signature":"setShadow(s As String)"},{"name":"getShadow","signature":"getShadow As String"},{"name":"setIconSize\t\t\t\t","signature":"setIconSize(s As String)\t\t\t\t"},{"name":"setLeftIcon\t\t\t\t","signature":"setLeftIcon(s As String)\t\t\t\t"},{"name":"setLeftIconColor\t\t\t","signature":"setLeftIconColor(s As String)\t\t\t"},{"name":"setRightIcon\t\t\t","signature":"setRightIcon(s As String)\t\t\t"},{"name":"setRightIconColor\t\t\t","signature":"setRightIconColor(s As String)\t\t\t"},{"name":"getIconSize","signature":"getIconSize As String"},{"name":"getLeftIcon","signature":"getLeftIcon As String"},{"name":"getLeftIconColor","signature":"getLeftIconColor As String"},{"name":"getRightIcon","signature":"getRightIcon As String"},{"name":"getRightIconColor","signature":"getRightIconColor As String"},{"name":"setTooltip\t\t\t","signature":"setTooltip(s As String)\t\t\t"},{"name":"setTooltipColor\t\t\t\t","signature":"setTooltipColor(s As String)\t\t\t\t"},{"name":"setTooltipOpen\t\t\t\t","signature":"setTooltipOpen(b As Boolean)\t\t\t\t"},{"name":"setTooltipPosition\t\t\t","signature":"setTooltipPosition(s As String)\t\t\t"},{"name":"getTooltip","signature":"getTooltip As String"},{"name":"getTooltipColor","signature":"getTooltipColor As String"},{"name":"getTooltipOpen","signature":"getTooltipOpen As Boolean"},{"name":"getTooltipPosition","signature":"getTooltipPosition As String"},{"name":"getBadgeSize","signature":"getBadgeSize As String"},{"name":"setBadgeSize\t\t\t","signature":"setBadgeSize(s As String)\t\t\t"},{"name":"setActive","signature":"setActive(b As Boolean)"},{"name":"setBackgroundColor","signature":"setBackgroundColor(s As String)"},{"name":"setBlock","signature":"setBlock(b As Boolean)"},{"name":"setShape\t\t\t","signature":"setShape(s As String)\t\t\t"},{"name":"getShape","signature":"getShape As String"},{"name":"setColor","signature":"setColor(s As String)"},{"name":"setDash","signature":"setDash(b As Boolean)"},{"name":"setGhost","signature":"setGhost(b As Boolean)"},{"name":"setLeftImage\t\t\t\t","signature":"setLeftImage(s As String)\t\t\t\t"},{"name":"setLeftImageHeight\t\t\t\t","signature":"setLeftImageHeight(s As String)\t\t\t\t"},{"name":"setLeftImageWidth\t\t\t\t\t","signature":"setLeftImageWidth(s As String)\t\t\t\t\t"},{"name":"setLink","signature":"setLink(b As Boolean)"},{"name":"setLoading\t\t\t","signature":"setLoading(b As Boolean)\t\t\t"},{"name":"setOutline","signature":"setOutline(b As Boolean)"},{"name":"setRightImage\t\t\t\t","signature":"setRightImage(s As String)\t\t\t\t"},{"name":"setSize","signature":"setSize(s As String)"},{"name":"setSizeLarge","signature":"setSizeLarge(s As String)"},{"name":"setSizeMedium","signature":"setSizeMedium(s As String)"},{"name":"setSizeSmall","signature":"setSizeSmall(s As String)"},{"name":"setSizeXLarge","signature":"setSizeXLarge(s As String)"},{"name":"setSoft","signature":"setSoft(b As Boolean)"},{"name":"setTextColor\t\t\t\t","signature":"setTextColor(s As String)\t\t\t\t"},{"name":"setWide","signature":"setWide(b As Boolean)"},{"name":"getActive","signature":"getActive As Boolean"},{"name":"getBackgroundColor","signature":"getBackgroundColor As String"},{"name":"getBlock","signature":"getBlock As Boolean"},{"name":"getColor","signature":"getColor As String"},{"name":"getDash","signature":"getDash As Boolean"},{"name":"getGhost","signature":"getGhost As Boolean"},{"name":"getImage","signature":"getImage As String"},{"name":"getImageHeight","signature":"getImageHeight As String"},{"name":"getImageWidth","signature":"getImageWidth As String"},{"name":"getLink","signature":"getLink As Boolean"},{"name":"getLoading","signature":"getLoading As Boolean"},{"name":"getOutline","signature":"getOutline As Boolean"},{"name":"getRightImage","signature":"getRightImage As String"},{"name":"getSize","signature":"getSize As String"},{"name":"getSizeLarge","signature":"getSizeLarge As String"},{"name":"getSizeMedium","signature":"getSizeMedium As String"},{"name":"getSizeSmall","signature":"getSizeSmall As String"},{"name":"getSizeXLarge","signature":"getSizeXLarge As String"},{"name":"getSoft","signature":"getSoft As Boolean"},{"name":"getTextColor","signature":"getTextColor As String"},{"name":"getWide","signature":"getWide As Boolean"},{"name":"setLeftImageVisible","signature":"setLeftImageVisible(b As Boolean)"},{"name":"setRightImageVisible","signature":"setRightImageVisible(b As Boolean)"},{"name":"setRightImageHeight\t\t\t","signature":"setRightImageHeight(s As String)\t\t\t"},{"name":"setRightImageWidth\t\t\t","signature":"setRightImageWidth(s As String)\t\t\t"},{"name":"getRightImageHeight","signature":"getRightImageHeight As String"},{"name":"getRightImageWidth","signature":"getRightImageWidth As String"},{"name":"setBadge\t\t\t\t","signature":"setBadge(s As String)\t\t\t\t"},{"name":"setBadgeColor\t\t\t\t","signature":"setBadgeColor(s As String)\t\t\t\t"},{"name":"setBadgeVisible","signature":"setBadgeVisible(b As Boolean)"},{"name":"getBadge","signature":"getBadge As String"},{"name":"getBadgeColor","signature":"getBadgeColor As String"},{"name":"getBadgeVisible","signature":"getBadgeVisible As Boolean"},{"name":"setHeight","signature":"setHeight(s As String)"},{"name":"setWidth","signature":"setWidth(s As String)"},{"name":"getHeight","signature":"getHeight As String"},{"name":"getWidth","signature":"getWidth As String"},{"name":"getParentID","signature":"getParentID() As String"},{"name":"setJoinItem","signature":"setJoinItem(b As Boolean)"},{"name":"getJoinItem","signature":"getJoinItem As Boolean"},{"name":"setDockItem\t\t\t","signature":"setDockItem(b As Boolean)\t\t\t"},{"name":"getDockItem","signature":"getDockItem As Boolean"},{"name":"setActivator","signature":"setActivator(b As Boolean)"},{"name":"setRoundedField","signature":"setRoundedField(b As Boolean)"},{"name":"getActivator","signature":"getActivator As Boolean"},{"name":"getRoundedField","signature":"getRoundedField As Boolean"},{"name":"setLeftIconVisible","signature":"setLeftIconVisible(b As Boolean)"},{"name":"setRightIconVisible","signature":"setRightIconVisible(b As Boolean)"},{"name":"getLeftIconVisible","signature":"getLeftIconVisible As Boolean"},{"name":"getRightIconVisible","signature":"getRightIconVisible As Boolean"}]}