{"name":"SDUI5Join","properties":[{"Key":"ParentID","DisplayName":"ParentID","FieldType":"String","DefaultValue":"","Description":"The ParentID of this component","List":""},{"Key":"Grid","DisplayName":"Grid","FieldType":"Boolean","DefaultValue":"False","Description":"Grid","List":""},{"Key":"GridCols","DisplayName":"Grid Cols","FieldType":"String","DefaultValue":"","Description":"Grid Cols","List":""},{"Key":"Direction","DisplayName":"Direction","FieldType":"String","DefaultValue":"none","Description":"Direction","List":"horizontal|none|vertical"},{"Key":"DirectionOnSm","DisplayName":"Direction On Sm","FieldType":"String","DefaultValue":"none","Description":"Direction On Sm","List":"horizontal|none|vertical"},{"Key":"DirectionOnLg","DisplayName":"Direction On Lg","FieldType":"String","DefaultValue":"none","Description":"Direction On Lg","List":"horizontal|none|vertical"},{"Key":"DirectionOnMd","DisplayName":"Direction On Md","FieldType":"String","DefaultValue":"none","Description":"Direction On Md","List":"horizontal|none|vertical"},{"Key":"DirectionOnXl","DisplayName":"Direction On Xl","FieldType":"String","DefaultValue":"none","Description":"Direction On Xl","List":"horizontal|none|vertical"},{"Key":"DirectionOnXxl","DisplayName":"Direction On Xxl","FieldType":"String","DefaultValue":"none","Description":"Direction On Xxl","List":"horizontal|none|vertical"},{"Key":"PositionStyle","DisplayName":"Position Style","FieldType":"String","DefaultValue":"none","Description":"Position","List":"absolute|fixed|none|relative|static|sticky"},{"Key":"Position","DisplayName":"Position Locations","FieldType":"String","DefaultValue":"t=?; b=?; r=?; l=?","Description":"Position Locations","List":""}],"events":[],"methods":[{"name":"Class_Globals","signature":"Class_Globals"},{"name":"Initialize","signature":"Initialize (Callback As Object, Name As String, EventName As String)"},{"name":"getID","signature":"getID() As String"},{"name":"SetProperties","signature":"SetProperties(props As Map)"},{"name":"GetProperties","signature":"GetProperties As Map"},{"name":"AddComponent","signature":"AddComponent"},{"name":"Remove","signature":"Remove()"},{"name":"setParentID","signature":"setParentID(s As String)"},{"name":"getParentID","signature":"getParentID As String"},{"name":"getHere","signature":"getHere() As String"},{"name":"setPositionStyle","signature":"setPositionStyle(s As String)"},{"name":"getPositionStyle","signature":"getPositionStyle As String"},{"name":"setPosition","signature":"setPosition(s As String)"},{"name":"getPosition","signature":"getPosition As String"},{"name":"DesignerCreateView","signature":"DesignerCreateView (Target As BANanoElement, Props As Map)"},{"name":"setDirection","signature":"setDirection(s As String)"},{"name":"setDirectionOnLg","signature":"setDirectionOnLg(s As String)"},{"name":"setDirectionOnMd","signature":"setDirectionOnMd(s As String)"},{"name":"setDirectionOnSm","signature":"setDirectionOnSm(s As String)"},{"name":"setDirectionOnXl","signature":"setDirectionOnXl(s As String)"},{"name":"setDirectionOnXxl","signature":"setDirectionOnXxl(s As String)"},{"name":"getDirection","signature":"getDirection As String"},{"name":"getDirectionOnLg","signature":"getDirectionOnLg As String"},{"name":"getDirectionOnMd","signature":"getDirectionOnMd As String"},{"name":"getDirectionOnSm","signature":"getDirectionOnSm As String"},{"name":"getDirectionOnXl","signature":"getDirectionOnXl As String"},{"name":"getDirectionOnXxl","signature":"getDirectionOnXxl As String"},{"name":"setGrid","signature":"setGrid(b As Boolean)"},{"name":"setGridCols","signature":"setGridCols(s As String)"},{"name":"getGrid","signature":"getGrid As Boolean"},{"name":"getGridCols","signature":"getGridCols As String"}]}