{"name":"SDUI5NavBar","properties":[{"Key":"ReadMe","DisplayName":"Read Me","FieldType":"String","DefaultValue":"Child Items - _left|_logo|_burger|_center|_right","Description":"Child Items - _left|_logo|_burger|_center|_right","List":""},{"Key":"ParentID","DisplayName":"ParentID","FieldType":"String","DefaultValue":"","Description":"The ParentID of this component","List":""},{"Key":"HasBackButton","DisplayName":"Back Button","FieldType":"Boolean","DefaultValue":"False","Description":"Back Button","List":""},{"Key":"BackLabel","DisplayName":"Back Label","FieldType":"String","DefaultValue":"Back","Description":"Back Label","List":""},{"Key":"BackLabelVisible","DisplayName":"Back Label Visible","FieldType":"Boolean","DefaultValue":"False","Description":"Back Label Visible","List":""},{"Key":"Sticky","DisplayName":"Sticky","FieldType":"Boolean","DefaultValue":"True","Description":"Sticky","List":""},{"Key":"Top","DisplayName":"Top","FieldType":"String","DefaultValue":"0","Description":"Top","List":""},{"Key":"ZIndex","DisplayName":"Z Index","FieldType":"String","DefaultValue":"30","Description":"Z index","List":""},{"Key":"HasBurger","DisplayName":"Has Burger","FieldType":"Boolean","DefaultValue":"True","Description":"Has burger","List":""},{"Key":"DrawerID","DisplayName":"Drawer ID","FieldType":"String","DefaultValue":"","Description":"Drawer ID","List":""},{"Key":"HideHamburger","DisplayName":"Hide Hamburger","FieldType":"Boolean","DefaultValue":"False","Description":"Hide Hamburger","List":""},{"Key":"HideHamburgerOnLargeScreen","DisplayName":"LG - Hide Hamburger","FieldType":"Boolean","DefaultValue":"False","Description":"Hide Hamburger On Large Screen","List":""},{"Key":"HasLogo","DisplayName":"Has Logo","FieldType":"Boolean","DefaultValue":"False","Description":"Has Logo","List":""},{"Key":"HideLogo","DisplayName":"Hide Logo","FieldType":"Boolean","DefaultValue":"False","Description":"Hide Logo","List":""},{"Key":"HideLogoOnLargeScreen","DisplayName":"LG - Hide Logo","FieldType":"Boolean","DefaultValue":"False","Description":"Hide Logo On Large Screen","List":""},{"Key":"LogoImage","DisplayName":"Logo Image","FieldType":"String","DefaultValue":"./assets/mashy.jpg","Description":"Logo Image","List":""},{"Key":"LogoMask","DisplayName":"Logo Mask","FieldType":"String","DefaultValue":"none","Description":"Logo Mask","List":"circle|decagon|diamond|heart|hexagon|hexagon-2|none|pentagon|rounded|rounded-2xl|rounded-3xl|rounded-lg|rounded-md|rounded-sm|rounded-xl|square|squircle|star|star-2|triangle|triangle-2|triangle-3|triangle-4"},{"Key":"LogoWidth","DisplayName":"Logo Width","FieldType":"String","DefaultValue":"10","Description":"Logo Width","List":""},{"Key":"LogoHeight","DisplayName":"Logo Height","FieldType":"String","DefaultValue":"10","Description":"Logo Height","List":""},{"Key":"Title","DisplayName":"Title","FieldType":"String","DefaultValue":"NavBar","Description":"Title","List":""},{"Key":"HideTitle","DisplayName":"Hide Title","FieldType":"Boolean","DefaultValue":"False","Description":"Hide Title","List":""},{"Key":"HideTitleOnLargeScreen","DisplayName":"LG - Hide Title","FieldType":"Boolean","DefaultValue":"False","Description":"Hide Title On Large Screen","List":""},{"Key":"TitlePosition","DisplayName":"Title Position","FieldType":"String","DefaultValue":"left","Description":"Title Position","List":"center|left|right"},{"Key":"HideCenterOnSmallScreen","DisplayName":"SM - Hide Center","FieldType":"Boolean","DefaultValue":"False","Description":"Hide Center On Small Screen","List":""},{"Key":"TextColor","DisplayName":"Title Text Color","FieldType":"String","DefaultValue":"","Description":"Title Text Color","List":""},{"Key":"BackgroundColor","DisplayName":"Background Color","FieldType":"String","DefaultValue":"base-100","Description":"Background Color","List":""},{"Key":"HasFile","DisplayName":"Has File","FieldType":"Boolean","DefaultValue":"False","Description":"Has File","List":""},{"Key":"HasSearch","DisplayName":"Has Search","FieldType":"Boolean","DefaultValue":"False","Description":"Has Search","List":""},{"Key":"SearchSize","DisplayName":"Search Size","FieldType":"String","DefaultValue":"md","Description":"Search Size","List":"lg|md|sm|xs|none"},{"Key":"SearchWidth","DisplayName":"Search Width","FieldType":"String","DefaultValue":"300px","Description":"Search Width","List":""},{"Key":"ButtonSize","DisplayName":"Button Size","FieldType":"String","DefaultValue":"md","Description":"Button Size","List":"lg|md|sm|xs|none"},{"Key":"ButtonsOutlined","DisplayName":"Buttons Outlined","FieldType":"Boolean","DefaultValue":"False","Description":"Buttons Outlined","List":""},{"Key":"Glass","DisplayName":"Glass","FieldType":"Boolean","DefaultValue":"False","Description":"Glass","List":""},{"Key":"Height","DisplayName":"Height","FieldType":"String","DefaultValue":"16","Description":"Height","List":""},{"Key":"Width","DisplayName":"Width","FieldType":"String","DefaultValue":"","Description":"Width","List":""},{"Key":"Rounded","DisplayName":"Rounded","FieldType":"String","DefaultValue":"none","Description":"Rounded","List":"none|rounded|2xl|3xl|full|lg|md|sm|xl|0"},{"Key":"Shadow","DisplayName":"Shadow","FieldType":"String","DefaultValue":"sm","Description":"Shadow","List":"2xl|inner|lg|md|none|shadow|sm|xl"},{"Key":"GradientActive","DisplayName":"GradientActive","FieldType":"Boolean","DefaultValue":"false","Description":"Gradient should be set","List":""},{"Key":"Gradient","DisplayName":"Gradient","FieldType":"String","DefaultValue":"","Description":"Gradient","List":"bl_tr|bottom_top|br_tl|left_right|right_left|tl_br|top_bottom|tr_bl"},{"Key":"GradientColor1","DisplayName":"GradientColor1","FieldType":"Color","DefaultValue":"#f86194","Gradient Color 1.":"Gradient Color 1.","List":""},{"Key":"GradientColor2","DisplayName":"GradientColor2","FieldType":"Color","DefaultValue":"#968918","Gradient Color 2.":"Gradient Color 2.","List":""},{"Key":"Visible","DisplayName":"Visible","FieldType":"Boolean","DefaultValue":"True","Description":"If visible.","List":""},{"Key":"Enabled","DisplayName":"Enabled","FieldType":"Boolean","DefaultValue":"True","Description":"If enabled.","List":""},{"Key":"PositionStyle","DisplayName":"Position Style","FieldType":"String","DefaultValue":"none","Description":"Position","List":"absolute|fixed|none|relative|static|sticky"},{"Key":"Position","DisplayName":"Position Locations","FieldType":"String","DefaultValue":"t=?; b=?; r=?; l=?","Description":"Position Locations","List":""},{"Key":"MarginAXYTBLR","DisplayName":"Margins","FieldType":"String","DefaultValue":"a=?; x=?; y=?; t=?; b=?; l=?; r=?","Description":"Margins A(all)-X(LR)-Y(TB)-T-B-L-R","List":""},{"Key":"PaddingAXYTBLR","DisplayName":"Paddings","FieldType":"String","DefaultValue":"a=?; x=?; y=?; t=?; b=?; l=?; r=?","Description":"Paddings A(all)-X(LR)-Y(TB)-T-B-L-R","List":""},{"Key":"RawClasses","DisplayName":"Classes (;)","FieldType":"String","DefaultValue":"","Description":"Classes added to the HTML tag.","List":""},{"Key":"RawStyles","DisplayName":"Styles (JSON)","FieldType":"String","DefaultValue":"","Description":"Styles added to the HTML tag. Must be a json String use = and ;","List":""},{"Key":"RawAttributes","DisplayName":"Attributes (JSON)","FieldType":"String","DefaultValue":"","Description":"Attributes added to the HTML tag. Must be a json String use = and ;","List":""}],"events":[{"name":"TitleClick (e As BANanoEvent)"},{"name":"BurgerClick (value As Boolean)"},{"name":"Back (e As BANanoEvent)"},{"name":"FileChange (e As BANanoEvent)"},{"name":"SearchClick (Value As String)"},{"name":"SearchKeyUp (Value As String)"},{"name":"SearchClear (e As BANanoEvent)"},{"name":"CustomButton (e As BANanoEvent)"},{"name":"Custom_FileChange (e As BANanoEvent)"}],"methods":[{"name":"Class_Globals","signature":"Class_Globals"},{"name":"Initialize","signature":"Initialize (Callback As Object, Name As String, EventName As String)"},{"name":"getID","signature":"getID() As String"},{"name":"SetProperties","signature":"SetProperties(props As Map)"},{"name":"GetProperties","signature":"GetProperties As Map"},{"name":"AddComponent","signature":"AddComponent"},{"name":"Remove","signature":"Remove()"},{"name":"setParentID","signature":"setParentID(s As String)"},{"name":"getHere","signature":"getHere() As String"},{"name":"setVisible","signature":"setVisible(b As Boolean)"},{"name":"getVisible","signature":"getVisible As Boolean"},{"name":"setEnabled","signature":"setEnabled(b As Boolean)"},{"name":"getEnabled","signature":"getEnabled As Boolean"},{"name":"setPositionStyle","signature":"setPositionStyle(s As String)"},{"name":"getPositionStyle","signature":"getPositionStyle As String"},{"name":"setPosition","signature":"setPosition(s As String)"},{"name":"getPosition","signature":"getPosition As String"},{"name":"setAttributes","signature":"setAttributes(s As String)"},{"name":"setStyles","signature":"setStyles(s As String)"},{"name":"setClasses","signature":"setClasses(s As String)"},{"name":"setPaddingAXYTBLR","signature":"setPaddingAXYTBLR(s As String)"},{"name":"setMarginAXYTBLR","signature":"setMarginAXYTBLR(s As String)"},{"name":"getAttributes","signature":"getAttributes As String"},{"name":"getStyles","signature":"getStyles As String"},{"name":"getClasses","signature":"getClasses As String"},{"name":"getPaddingAXYTBLR","signature":"getPaddingAXYTBLR As String"},{"name":"getMarginAXYTBLR","signature":"getMarginAXYTBLR As String"},{"name":"DesignerCreateView","signature":"DesignerCreateView (Target As BANanoElement, Props As Map)"},{"name":"setHideCenterOnSmallScreen\t\t\t\t","signature":"setHideCenterOnSmallScreen(b As Boolean)\t\t\t\t"},{"name":"getHideCenterOnSmallScreen","signature":"getHideCenterOnSmallScreen As Boolean"},{"name":"setDrawerID","signature":"setDrawerID(s As String)"},{"name":"getDrawerID","signature":"getDrawerID As String"},{"name":"setHasFile\t\t\t\t","signature":"setHasFile(b As Boolean)\t\t\t\t"},{"name":"getHasFile","signature":"getHasFile As Boolean"},{"name":"setSearchSize\t\t\t","signature":"setSearchSize(s As String)\t\t\t"},{"name":"getSearchSize","signature":"getSearchSize As String"},{"name":"GetFiles","signature":"GetFiles As List"},{"name":"GetFile","signature":"GetFile As Map"},{"name":"GetFileDataURL","signature":"GetFileDataURL As String"},{"name":"Nullify","signature":"Nullify"},{"name":"setSearchWidth\t\t\t","signature":"setSearchWidth(s As String)\t\t\t"},{"name":"getSearchWidth","signature":"getSearchWidth As String"},{"name":"RemoveSearch","signature":"RemoveSearch"},{"name":"setHasSearch\t\t\t","signature":"setHasSearch(b As Boolean)\t\t\t"},{"name":"getHasSearch","signature":"getHasSearch As Boolean"},{"name":"getSearchValue","signature":"getSearchValue As String"},{"name":"setSearchValue","signature":"setSearchValue(s As String)"},{"name":"SetSearchPlaceholder","signature":"SetSearchPlaceholder(s As String)"},{"name":"getSearchID","signature":"getSearchID As String"},{"name":"getToolBarButtonID","signature":"getToolBarButtonID(btnID As String) As String"},{"name":"AddToolbarButton","signature":"AddToolbarButton(btnID As String, btnCaption As String, btnColor As String) As SDUI5Button"},{"name":"AddToolbarActionButton","signature":"AddToolbarActionButton(btnID As String, btnCaption As String, btnColor As String) As SDUI5Button\t\t"},{"name":"SetToolbarButtonToolTip\t\t\t","signature":"SetToolbarButtonToolTip(btnID As String, tooltip As String, color As String, position As String)\t\t\t"},{"name":"AddToolbarButtonIcon","signature":"AddToolbarButtonIcon(btnID As String, sIcon As String, btnColor As String, iconColor As String) As SDUI5Button\t\t\t"},{"name":"SetToolbarButtonDisabled","signature":"SetToolbarButtonDisabled(btn As String, b As Boolean)"},{"name":"SetToolbarButtonEnable","signature":"SetToolbarButtonEnable(btn As String, b As Boolean)"},{"name":"SetToolbarButtonLoading","signature":"SetToolbarButtonLoading(btn As String, b As Boolean)"},{"name":"SetToolbarButtonBadge","signature":"SetToolbarButtonBadge(btn As String, value As String)"},{"name":"SetToolbarButtonBadgeColor","signature":"SetToolbarButtonBadgeColor(btn As String, value As String)"},{"name":"SetToolbarButtonBadgeSize","signature":"SetToolbarButtonBadgeSize(btn As String, value As String)"},{"name":"SetToolbarButtonBadgeRound","signature":"SetToolbarButtonBadgeRound(btn As String)"},{"name":"SetToolbarButtonBadgeTextColor","signature":"SetToolbarButtonBadgeTextColor(btn As String, value As String)"},{"name":"SetToolbarButtonTextColor\t\t","signature":"SetToolbarButtonTextColor(btn As String, value As String)\t\t"},{"name":"SetToolbarButtonVisible","signature":"SetToolbarButtonVisible(btn As String, value As Boolean)"},{"name":"SetToolbarButtonColor","signature":"SetToolbarButtonColor(btn As String, value As String)"},{"name":"SetToolbarButtonTextColorWhite","signature":"SetToolbarButtonTextColorWhite(id As String)"},{"name":"AddToolbarActionButtonIcon","signature":"AddToolbarActionButtonIcon(btnID As String, sIcon As String, btnColor As String, iconColor As String) As SDUI5Button\t\t\t"},{"name":"AddToolbarFileUpload","signature":"AddToolbarFileUpload(btnID As String, sIcon As String, btnColor As String, bMultiple As Boolean) As SDUI5Button\t\t"},{"name":"setHideLogo\t\t\t\t\t","signature":"setHideLogo(b As Boolean)\t\t\t\t\t"},{"name":"setHideTitle\t\t\t\t\t","signature":"setHideTitle(b As Boolean)\t\t\t\t\t"},{"name":"getHideLogo","signature":"getHideLogo As Boolean"},{"name":"getHideTitle","signature":"getHideTitle As Boolean"},{"name":"setHideHamburger\t\t\t\t","signature":"setHideHamburger(b As Boolean)\t\t\t\t"},{"name":"setHideHamburgerOnLargeScreen\t\t\t","signature":"setHideHamburgerOnLargeScreen(b As Boolean)\t\t\t"},{"name":"setHideLogoOnLargeScreen\t\t\t\t","signature":"setHideLogoOnLargeScreen(b As Boolean)\t\t\t\t"},{"name":"setHideTitleOnLargeScreen\t\t\t\t","signature":"setHideTitleOnLargeScreen(b As Boolean)\t\t\t\t"},{"name":"getHideHamburger","signature":"getHideHamburger As Boolean"},{"name":"getHideHamburgerOnLargeScreen","signature":"getHideHamburgerOnLargeScreen As Boolean"},{"name":"getHideLogoOnLargeScreen","signature":"getHideLogoOnLargeScreen As Boolean"},{"name":"getHideTitleOnLargeScreen","signature":"getHideTitleOnLargeScreen As Boolean"},{"name":"setSticky","signature":"setSticky(b As Boolean)"},{"name":"setTop","signature":"setTop(s As String)"},{"name":"setZIndex","signature":"setZIndex(s As String)"},{"name":"getSticky","signature":"getSticky As Boolean"},{"name":"getTop","signature":"getTop As String"},{"name":"getZIndex","signature":"getZIndex As String"},{"name":"setHasBurger\t\t\t","signature":"setHasBurger(b As Boolean)\t\t\t"},{"name":"setHasBackButton\t\t\t\t\t\t\t\t\t","signature":"setHasBackButton(b As Boolean)\t\t\t\t\t\t\t\t\t"},{"name":"setBackLabel\t\t\t\t\t\t\t\t\t\t","signature":"setBackLabel(s As String)\t\t\t\t\t\t\t\t\t\t"},{"name":"setBackLabelVisible\t\t\t\t\t\t\t\t","signature":"setBackLabelVisible(b As Boolean)\t\t\t\t\t\t\t\t"},{"name":"getHasBackButton","signature":"getHasBackButton As Boolean"},{"name":"getBackLabel","signature":"getBackLabel As String"},{"name":"getBackLabelVisible","signature":"getBackLabelVisible As Boolean"},{"name":"setHasLogo\t\t\t","signature":"setHasLogo(b As Boolean)\t\t\t"},{"name":"setLogoHeight\t\t\t\t\t\t\t","signature":"setLogoHeight(s As String)\t\t\t\t\t\t\t"},{"name":"setLogoImage\t\t\t\t\t\t\t","signature":"setLogoImage(s As String)\t\t\t\t\t\t\t"},{"name":"setLogoMask\t\t\t\t\t\t\t","signature":"setLogoMask(s As String)\t\t\t\t\t\t\t"},{"name":"setLogoWidth\t\t\t\t\t\t\t","signature":"setLogoWidth(s As String)\t\t\t\t\t\t\t"},{"name":"getLogoHeight","signature":"getLogoHeight As String"},{"name":"getLogoImage","signature":"getLogoImage As String"},{"name":"getLogoMask","signature":"getLogoMask As String"},{"name":"getLogoWidth","signature":"getLogoWidth As String"},{"name":"getHasLogo","signature":"getHasLogo As Boolean"},{"name":"getHasBurger","signature":"getHasBurger As Boolean"},{"name":"setTitle\t\t\t\t","signature":"setTitle(s As String)\t\t\t\t"},{"name":"setTitlePosition\t\t\t\t\t","signature":"setTitlePosition(s As String)\t\t\t\t\t"},{"name":"getTitle","signature":"getTitle As String"},{"name":"getTitlePosition","signature":"getTitlePosition As String"},{"name":"setBackgroundColor","signature":"setBackgroundColor(s As String)"},{"name":"setGlass","signature":"setGlass(b As Boolean)"},{"name":"setHeight","signature":"setHeight(s As String)"},{"name":"setTextColor\t\t\t","signature":"setTextColor(s As String)\t\t\t"},{"name":"setWidth","signature":"setWidth(s As String)"},{"name":"getBackgroundColor","signature":"getBackgroundColor As String"},{"name":"getGlass","signature":"getGlass As Boolean"},{"name":"getHeight","signature":"getHeight As String"},{"name":"getTextColor","signature":"getTextColor As String"},{"name":"getWidth","signature":"getWidth As String"},{"name":"setRounded","signature":"setRounded(s As String)"},{"name":"setShadow","signature":"setShadow(s As String)"},{"name":"getRounded","signature":"getRounded As String"},{"name":"getShadow","signature":"getShadow As String"},{"name":"getParentID","signature":"getParentID() As String"},{"name":"HideOnSmall","signature":"HideOnSmall"},{"name":"HideOnMedium","signature":"HideOnMedium"},{"name":"HideOnLarge","signature":"HideOnLarge"},{"name":"FileChangeSingle","signature":"FileChangeSingle"},{"name":"FileChangeMultiple","signature":"FileChangeMultiple"},{"name":"setButtonsOutlined","signature":"setButtonsOutlined(b As Boolean)"},{"name":"getButtonsOutlined","signature":"getButtonsOutlined As Boolean"},{"name":"setButtonSize","signature":"setButtonSize(s As String)"},{"name":"getButtonSize","signature":"getButtonSize As String"}]}