{"name":"SDUI5TrendChart","properties":[{"Key":"ParentID","DisplayName":"ParentID","FieldType":"String","DefaultValue":"","Description":"The ParentID of this component","List":""},{"Key":"ChartType","DisplayName":"Chart Type","FieldType":"String","DefaultValue":"bar","Description":"Chart Type","List":"bar|line|pie|stack"},{"Key":"Labels","DisplayName":"Labels (;)","FieldType":"String","DefaultValue":"","Description":"Labels","List":""},{"Key":"Values","DisplayName":"Values (;)","FieldType":"String","DefaultValue":"","Description":"Values","List":""},{"Key":"MinValue","DisplayName":"Min","FieldType":"String","DefaultValue":"0","Description":"Min","List":""},{"Key":"MaxValue","DisplayName":"Max","FieldType":"String","DefaultValue":"0","Description":"Max","List":""},{"Key":"Gap","DisplayName":"Gap","FieldType":"String","DefaultValue":"2","Description":"Gap","List":""},{"Key":"Horizontal","DisplayName":"Horizontal","FieldType":"Boolean","DefaultValue":"False","Description":"Horizontal","List":""},{"Key":"Inside","DisplayName":"Inside","FieldType":"Boolean","DefaultValue":"False","Description":"Inside","List":""},{"Key":"Point","DisplayName":"Point","FieldType":"String","DefaultValue":"","Description":"Point","List":""},{"Key":"Radius","DisplayName":"Radius","FieldType":"String","DefaultValue":"2","Description":"Radius","List":""},{"Key":"Rotate","DisplayName":"Rotate","FieldType":"String","DefaultValue":"0","Description":"Rotate","List":""},{"Key":"Static","DisplayName":"Static","FieldType":"Boolean","DefaultValue":"False","Description":"Static","List":""},{"Key":"Donut","DisplayName":"Donut","FieldType":"String","DefaultValue":"","Description":"Donut","List":""},{"Key":"TooltipDisabled","DisplayName":"Tooltip Disabled","FieldType":"Boolean","DefaultValue":"False","Description":"Tooltip Disabled","List":""},{"Key":"TooltipFormat","DisplayName":"Tooltip Format","FieldType":"String","DefaultValue":"@L @V","Description":"Tooltip Format","List":""},{"Key":"Weight","DisplayName":"Weight","FieldType":"String","DefaultValue":"2","Description":"Weight","List":""},{"Key":"Height","DisplayName":"Height","FieldType":"String","DefaultValue":"400px","Description":"Height","List":""},{"Key":"Width","DisplayName":"Width","FieldType":"String","DefaultValue":"400px","Description":"Width","List":""},{"Key":"Shadow","DisplayName":"Shadow","FieldType":"String","DefaultValue":"none","Description":"Shadow","List":"2xl|inner|lg|md|none|shadow|sm|xl"},{"Key":"Rounded","DisplayName":"Rounded","FieldType":"String","DefaultValue":"none","Description":"Rounded","List":"0|2xl|3xl|full|lg|md|none|rounded|sm|xl"},{"Key":"ShapeColor","DisplayName":"Shape Color","FieldType":"String","DefaultValue":"#597BFC","Description":"Shape Color","List":""},{"Key":"ShapeOpacity","DisplayName":"Shape Opacity","FieldType":"String","DefaultValue":"1","Description":"Shape Opacity","List":""},{"Key":"ResidualColor","DisplayName":"Residual Color","FieldType":"String","DefaultValue":"black","Description":"Residual Color","List":""},{"Key":"ResidualOpacity","DisplayName":"Residual Opacity","FieldType":"String","DefaultValue":"0","Description":"Residual Opacity","List":""},{"Key":"TooltipFontColor","DisplayName":"Tooltip Font Color","FieldType":"String","DefaultValue":"white","Description":"Tooltip Font Color","List":""},{"Key":"TooltipFontSize","DisplayName":"Tooltip Font Size","FieldType":"String","DefaultValue":"0.875em","Description":"Tooltip Font Size","List":""},{"Key":"TooltipFontWeight","DisplayName":"Tooltip Font Weight","FieldType":"String","DefaultValue":"bold","Description":"Tooltip Font Weight","List":""},{"Key":"TooltipRadius","DisplayName":"Tooltip Radius","FieldType":"String","DefaultValue":"3px","Description":"Tooltip Radius","List":""},{"Key":"TooltipPadding","DisplayName":"Tooltip Padding","FieldType":"String","DefaultValue":"3px 4px","Description":"Tooltip Padding","List":""},{"Key":"TooltipBackground","DisplayName":"Tooltip Background","FieldType":"String","DefaultValue":"black","Description":"Tooltip Background","List":""},{"Key":"TooltipShadow","DisplayName":"Tooltip Shadow","FieldType":"String","DefaultValue":"none","Description":"Tooltip Shadow","List":""},{"Key":"AreaColor","DisplayName":"Area Color","FieldType":"String","DefaultValue":"","Description":"Area Color","List":""},{"Key":"AreaOpacity","DisplayName":"Area Opacity","FieldType":"String","DefaultValue":"0","Description":"Area Opacity","List":""},{"Key":"PointInnerColor","DisplayName":"Point Inner Color","FieldType":"String","DefaultValue":"","Description":"Point Inner Color","List":""},{"Key":"PointBorderColor","DisplayName":"Point Border Color","FieldType":"String","DefaultValue":"","Description":"Point Border Color","List":""},{"Key":"PointOpacity","DisplayName":"Point Opacity","FieldType":"String","DefaultValue":"0","Description":"Point Opacity","List":""},{"Key":"PointOpacityActive","DisplayName":"Point Opacity Active","FieldType":"String","DefaultValue":"1","Description":"Point Opacity Active","List":""},{"Key":"ShapeColorX","DisplayName":"Shape Color X","FieldType":"String","DefaultValue":"","Description":"Shape Color X","List":""},{"Key":"ShapeOpacityActive","DisplayName":"Shape Opacity Active","FieldType":"String","DefaultValue":"0.5","Description":"Shape Opacity Active","List":""},{"Key":"Visible","DisplayName":"Visible","FieldType":"Boolean","DefaultValue":"True","Description":"If visible.","List":""},{"Key":"Enabled","DisplayName":"Enabled","FieldType":"Boolean","DefaultValue":"True","Description":"If enabled.","List":""},{"Key":"PositionStyle","DisplayName":"Position Style","FieldType":"String","DefaultValue":"none","Description":"Position","List":"absolute|fixed|none|relative|static|sticky"},{"Key":"Position","DisplayName":"Position Locations","FieldType":"String","DefaultValue":"t=?; b=?; r=?; l=?","Description":"Position Locations","List":""},{"Key":"MarginAXYTBLR","DisplayName":"Margins","FieldType":"String","DefaultValue":"a=?; x=?; y=?; t=?; b=?; l=?; r=?","Description":"Margins A(all)-X(LR)-Y(TB)-T-B-L-R","List":""},{"Key":"PaddingAXYTBLR","DisplayName":"Paddings","FieldType":"String","DefaultValue":"a=?; x=?; y=?; t=?; b=?; l=?; r=?","Description":"Paddings A(all)-X(LR)-Y(TB)-T-B-L-R","List":""},{"Key":"RawClasses","DisplayName":"Classes (;)","FieldType":"String","DefaultValue":"","Description":"Classes added to the HTML tag.","List":""},{"Key":"RawStyles","DisplayName":"Styles (JSON)","FieldType":"String","DefaultValue":"","Description":"Styles added to the HTML tag. Must be a json String use = and ;","List":""},{"Key":"RawAttributes","DisplayName":"Attributes (JSON)","FieldType":"String","DefaultValue":"","Description":"Attributes added to the HTML tag. Must be a json String use = and ;","List":""}],"events":[],"methods":[{"name":"Class_Globals","signature":"Class_Globals"},{"name":"Initialize","signature":"Initialize (Callback As Object, Name As String, EventName As String)"},{"name":"getID","signature":"getID() As String"},{"name":"SetProperties","signature":"SetProperties(props As Map)"},{"name":"GetProperties","signature":"GetProperties As Map"},{"name":"AddComponent","signature":"AddComponent"},{"name":"Remove","signature":"Remove()"},{"name":"setParentID","signature":"setParentID(s As String)"},{"name":"getParentID","signature":"getParentID As String"},{"name":"getHere","signature":"getHere() As String"},{"name":"setVisible","signature":"setVisible(b As Boolean)"},{"name":"getVisible","signature":"getVisible As Boolean"},{"name":"setEnabled","signature":"setEnabled(b As Boolean)"},{"name":"getEnabled","signature":"getEnabled As Boolean"},{"name":"OnEvent","signature":"OnEvent(event As String, methodName As String)"},{"name":"setPositionStyle","signature":"setPositionStyle(s As String)"},{"name":"getPositionStyle","signature":"getPositionStyle As String"},{"name":"setPosition","signature":"setPosition(s As String)"},{"name":"getPosition","signature":"getPosition As String"},{"name":"setAttributes","signature":"setAttributes(s As String)"},{"name":"setStyles","signature":"setStyles(s As String)"},{"name":"setClasses","signature":"setClasses(s As String)"},{"name":"setPaddingAXYTBLR","signature":"setPaddingAXYTBLR(s As String)"},{"name":"setMarginAXYTBLR","signature":"setMarginAXYTBLR(s As String)"},{"name":"getAttributes","signature":"getAttributes As String"},{"name":"getStyles","signature":"getStyles As String"},{"name":"getClasses","signature":"getClasses As String"},{"name":"getPaddingAXYTBLR","signature":"getPaddingAXYTBLR As String"},{"name":"getMarginAXYTBLR","signature":"getMarginAXYTBLR As String"},{"name":"DesignerCreateView","signature":"DesignerCreateView (Target As BANanoElement, Props As Map)"},{"name":"setShadow\t\t\t\t\t","signature":"setShadow(s As String)\t\t\t\t\t"},{"name":"getShadow","signature":"getShadow As String"},{"name":"ToString","signature":"ToString As String"},{"name":"setRounded\t\t\t\t\t\t","signature":"setRounded(s As String)\t\t\t\t\t\t"},{"name":"getRounded","signature":"getRounded As String"},{"name":"setAreaColor","signature":"setAreaColor(s As String)"},{"name":"setAreaOpacity","signature":"setAreaOpacity(s As String)"},{"name":"setPointBorderColor","signature":"setPointBorderColor(s As String)"},{"name":"setPointInnerColor","signature":"setPointInnerColor(s As String)"},{"name":"setPointOpacity","signature":"setPointOpacity(s As String)"},{"name":"setPointOpacityActive","signature":"setPointOpacityActive(s As String)"},{"name":"setResidualColor","signature":"setResidualColor(s As String)"},{"name":"setResidualOpacity","signature":"setResidualOpacity(s As String)"},{"name":"setShapeColor","signature":"setShapeColor(s As String)"},{"name":"setShapeColorX","signature":"setShapeColorX(s As String)"},{"name":"setShapeOpacity","signature":"setShapeOpacity(s As String)"},{"name":"setShapeOpacityActive","signature":"setShapeOpacityActive(s As String)"},{"name":"setTooltipBackground","signature":"setTooltipBackground(s As String)"},{"name":"setTooltipFontColor","signature":"setTooltipFontColor(s As String)"},{"name":"setTooltipFontSize","signature":"setTooltipFontSize(s As String)"},{"name":"setTooltipFontWeight","signature":"setTooltipFontWeight(s As String)"},{"name":"setTooltipPadding","signature":"setTooltipPadding(s As String)"},{"name":"setTooltipRadius","signature":"setTooltipRadius(s As String)"},{"name":"setTooltipShadow","signature":"setTooltipShadow(s As String)"},{"name":"setChartType","signature":"setChartType(s As String)"},{"name":"setDonut","signature":"setDonut(s As String)"},{"name":"setGap","signature":"setGap(s As String)"},{"name":"setHorizontal","signature":"setHorizontal(b As Boolean)"},{"name":"setInside","signature":"setInside(b As Boolean)"},{"name":"setLabels\t\t\t\t","signature":"setLabels(s As String)\t\t\t\t"},{"name":"setMaxValue","signature":"setMaxValue(s As String)"},{"name":"setMinValue","signature":"setMinValue(s As String)"},{"name":"setPoint","signature":"setPoint(s As String)"},{"name":"setRadius","signature":"setRadius(s As String)"},{"name":"setRotate","signature":"setRotate(s As String)"},{"name":"setStatic","signature":"setStatic(b As Boolean)"},{"name":"setTooltipDisabled","signature":"setTooltipDisabled(b As Boolean)"},{"name":"setTooltipFormat","signature":"setTooltipFormat(s As String)"},{"name":"setValues\t\t\t\t","signature":"setValues(s As String)\t\t\t\t"},{"name":"setWeight","signature":"setWeight(s As String)"},{"name":"getAreaColor","signature":"getAreaColor As String"},{"name":"getAreaOpacity","signature":"getAreaOpacity As String"},{"name":"getPointBorderColor","signature":"getPointBorderColor As String"},{"name":"getPointInnerColor","signature":"getPointInnerColor As String"},{"name":"getPointOpacity","signature":"getPointOpacity As String"},{"name":"getPointOpacityActive","signature":"getPointOpacityActive As String"},{"name":"getResidualColor","signature":"getResidualColor As String"},{"name":"getResidualOpacity","signature":"getResidualOpacity As String"},{"name":"getShapeColor","signature":"getShapeColor As String"},{"name":"getShapeColorX","signature":"getShapeColorX As String"},{"name":"getShapeOpacity","signature":"getShapeOpacity As String"},{"name":"getShapeOpacityActive","signature":"getShapeOpacityActive As String"},{"name":"getTooltipBackground","signature":"getTooltipBackground As String"},{"name":"getTooltipFontColor","signature":"getTooltipFontColor As String"},{"name":"getTooltipFontSize","signature":"getTooltipFontSize As String"},{"name":"getTooltipFontWeight","signature":"getTooltipFontWeight As String"},{"name":"getTooltipPadding","signature":"getTooltipPadding As String"},{"name":"getTooltipRadius","signature":"getTooltipRadius As String"},{"name":"getTooltipShadow","signature":"getTooltipShadow As String"},{"name":"getChartType","signature":"getChartType As String"},{"name":"getDonut","signature":"getDonut As String"},{"name":"getGap","signature":"getGap As String"},{"name":"getHorizontal","signature":"getHorizontal As Boolean"},{"name":"getInside","signature":"getInside As Boolean"},{"name":"getLabels","signature":"getLabels As String"},{"name":"getMaxValue","signature":"getMaxValue As String"},{"name":"getMinValue","signature":"getMinValue As String"},{"name":"getPoint","signature":"getPoint As String"},{"name":"getRadius","signature":"getRadius As String"},{"name":"getRotate","signature":"getRotate As String"},{"name":"getStatic","signature":"getStatic As Boolean"},{"name":"getTooltipDisabled","signature":"getTooltipDisabled As Boolean"},{"name":"getTooltipFormat","signature":"getTooltipFormat As String"},{"name":"getValues","signature":"getValues As String"},{"name":"getWeight","signature":"getWeight As String"}]}