{"name":"SDUI5MenuItem","properties":[{"Key":"ParentID","DisplayName":"ParentID","FieldType":"String","DefaultValue":"","Description":"The ParentID of this component","List":""},{"Key":"MenuName","DisplayName":"Menu Name","FieldType":"String","DefaultValue":"menu1","Description":"Menu Name","List":""},{"Key":"ItemType","DisplayName":"Item Type","FieldType":"String","DefaultValue":"normal","Description":"Item Type","List":"icon|icon-text|normal|title|collapse-item|avatar-text"},{"Key":"Text","DisplayName":"Text","FieldType":"String","DefaultValue":"Text","Description":"Text","List":""},{"Key":"HasCheckBox","DisplayName":"Has Check Box","FieldType":"Boolean","DefaultValue":"False","Description":"Has Check Box","List":""},{"Key":"HasIcon","DisplayName":"Has Icon","FieldType":"Boolean","DefaultValue":"True","Description":"Has Icon","List":""},{"Key":"HasAvatar","DisplayName":"Has Avatar","FieldType":"Boolean","DefaultValue":"True","Description":"Has Avatar","List":""},{"Key":"HasBadge","DisplayName":"Has Badge","FieldType":"Boolean","DefaultValue":"True","Description":"Has Badge","List":""},{"Key":"Checked","DisplayName":"Checked","FieldType":"Boolean","DefaultValue":"False","Description":"Checked","List":""},{"Key":"CheckedColor","DisplayName":"Checked Color","FieldType":"String","DefaultValue":"success","Description":"Checked Color","List":""},{"Key":"ItemColor","DisplayName":"Item Color","FieldType":"String","DefaultValue":"","Description":"Item Color","List":""},{"Key":"ItemActiveColor","DisplayName":"Item Active Color","FieldType":"String","DefaultValue":"","Description":"Item Active Color","List":""},{"Key":"ItemFocusColor","DisplayName":"Item Focus Color","FieldType":"String","DefaultValue":"","Description":"Item Focus Color","List":""},{"Key":"ItemHoverColor","DisplayName":"Item Hover Color","FieldType":"String","DefaultValue":"","Description":"Item Hover Color","List":""},{"Key":"Open","DisplayName":"Open","FieldType":"Boolean","DefaultValue":"False","Description":"Open","List":""},{"Key":"Avatar","DisplayName":"Avatar","FieldType":"String","DefaultValue":"","Description":"Avatar","List":""},{"Key":"AvatarSize","DisplayName":"Avatar Size","FieldType":"String","DefaultValue":"16","Description":"Avatar Size","List":""},{"Key":"AvatarShape","DisplayName":"Avatar Shape","FieldType":"String","DefaultValue":"circle","Description":"Avatar Shape","List":"circle|decagon|diamond|heart|hexagon|hexagon-2|none|pentagon|square|squircle|star|star-2|triangle|triangle-2|triangle-3|triangle-4|rounded-2xl|rounded-3xl|rounded|rounded-lg|rounded-md|rounded-sm|rounded-xl"},{"Key":"Icon","DisplayName":"Icon","FieldType":"String","DefaultValue":"","Description":"Icon","List":""},{"Key":"IconSize","DisplayName":"Icon Size","FieldType":"String","DefaultValue":"20px","Description":"Icon Width & Height","List":""},{"Key":"IconColor","DisplayName":"Icon Color","FieldType":"String","DefaultValue":"","Description":"Icon Color","List":""},{"Key":"Parent","DisplayName":"Parent","FieldType":"Boolean","DefaultValue":"False","Description":"Parent","List":""},{"Key":"Active","DisplayName":"Active","FieldType":"Boolean","DefaultValue":"False","Description":"Active","List":""},{"Key":"Badge","DisplayName":"Badge","FieldType":"String","DefaultValue":"","Description":"Badge","List":""},{"Key":"BadgeColor","DisplayName":"Badge Color","FieldType":"String","DefaultValue":"secondary","Description":"Badge Color","List":""},{"Key":"BadgeSize","DisplayName":"Badge Size","FieldType":"String","DefaultValue":"xs","Description":"Badge Size","List":"lg|md|none|sm|xl|xs"},{"Key":"BadgeVisible","DisplayName":"Badge Visible","FieldType":"Boolean","DefaultValue":"False","Description":"Badge Visible","List":""},{"Key":"Focus","DisplayName":"Focus","FieldType":"Boolean","DefaultValue":"False","Description":"Focus","List":""},{"Key":"Href","DisplayName":"Href","FieldType":"String","DefaultValue":"","Description":"Href","List":""},{"Key":"Target","DisplayName":"Target","FieldType":"String","DefaultValue":"none","Description":"Target","List":"_blank|_parent|_self|_top|none"},{"Key":"Tooltip","DisplayName":"Tooltip","FieldType":"String","DefaultValue":"","Description":"Tooltip","List":""},{"Key":"TooltipPosition","DisplayName":"Tooltip Position","FieldType":"String","DefaultValue":"none","Description":"Tooltip Position","List":"bottom|left|none|right|top"},{"Key":"PopOverTarget","DisplayName":"Pop Over Target","FieldType":"String","DefaultValue":"","Description":"Pop Over Target","List":""},{"Key":"ClosePopupOnClick","DisplayName":"Close Popup On Click","FieldType":"Boolean","DefaultValue":"False","Description":"Close PopUnp On Click","List":""},{"Key":"RawItemClasses","DisplayName":"Item Classes","FieldType":"String","DefaultValue":"","Description":"Item Classes","List":""},{"Key":"RawItemStyles","DisplayName":"Item Styles","FieldType":"String","DefaultValue":"","Description":"Item Styles","List":""},{"Key":"Visible","DisplayName":"Visible","FieldType":"Boolean","DefaultValue":"True","Description":"If visible.","List":""},{"Key":"Enabled","DisplayName":"Enabled","FieldType":"Boolean","DefaultValue":"True","Description":"If enabled.","List":""},{"Key":"PositionStyle","DisplayName":"Position Style","FieldType":"String","DefaultValue":"none","Description":"Position","List":"absolute|fixed|none|relative|static|sticky"},{"Key":"Position","DisplayName":"Position Locations","FieldType":"String","DefaultValue":"t=?; b=?; r=?; l=?","Description":"Position Locations","List":""},{"Key":"MarginAXYTBLR","DisplayName":"Margins","FieldType":"String","DefaultValue":"a=?; x=?; y=?; t=?; b=?; l=?; r=?","Description":"Margins A(all)-X(LR)-Y(TB)-T-B-L-R","List":""},{"Key":"PaddingAXYTBLR","DisplayName":"Paddings","FieldType":"String","DefaultValue":"a=?; x=?; y=?; t=?; b=?; l=?; r=?","Description":"Paddings A(all)-X(LR)-Y(TB)-T-B-L-R","List":""},{"Key":"RawClasses","DisplayName":"Classes (;)","FieldType":"String","DefaultValue":"","Description":"Classes added to the HTML tag.","List":""},{"Key":"RawStyles","DisplayName":"Styles (JSON)","FieldType":"String","DefaultValue":"","Description":"Styles added to the HTML tag. Must be a json String use = and ;","List":""},{"Key":"RawAttributes","DisplayName":"Attributes (JSON)","FieldType":"String","DefaultValue":"","Description":"Attributes added to the HTML tag. Must be a json String use = and ;","List":""}],"events":[],"methods":[{"name":"Class_Globals","signature":"Class_Globals"},{"name":"Initialize","signature":"Initialize (Callback As Object, Name As String, EventName As String)"},{"name":"setCloseDropdownOnClick","signature":"setCloseDropdownOnClick(b As Boolean)"},{"name":"setDropDownId","signature":"setDropDownId(s As String)"},{"name":"getCloseDropdownOnClick","signature":"getCloseDropdownOnClick As Boolean"},{"name":"getDropDownId","signature":"getDropDownId As String"},{"name":"LinkExisting","signature":"LinkExisting"},{"name":"getID","signature":"getID() As String"},{"name":"SetProperties","signature":"SetProperties(props As Map)"},{"name":"GetProperties","signature":"GetProperties As Map"},{"name":"AddComponent","signature":"AddComponent"},{"name":"Remove","signature":"Remove()"},{"name":"setParentID","signature":"setParentID(s As String)"},{"name":"getParentID","signature":"getParentID As String"},{"name":"getHere","signature":"getHere() As String"},{"name":"setVisible","signature":"setVisible(b As Boolean)"},{"name":"getVisible","signature":"getVisible As Boolean"},{"name":"setEnabled\t\t\t\t","signature":"setEnabled(b As Boolean)\t\t\t\t"},{"name":"getEnabled","signature":"getEnabled As Boolean"},{"name":"setPositionStyle","signature":"setPositionStyle(s As String)"},{"name":"getPositionStyle","signature":"getPositionStyle As String"},{"name":"setPosition","signature":"setPosition(s As String)"},{"name":"getPosition","signature":"getPosition As String"},{"name":"setAttributes","signature":"setAttributes(s As String)"},{"name":"setStyles","signature":"setStyles(s As String)"},{"name":"setClasses","signature":"setClasses(s As String)"},{"name":"setPaddingAXYTBLR","signature":"setPaddingAXYTBLR(s As String)"},{"name":"setMarginAXYTBLR","signature":"setMarginAXYTBLR(s As String)"},{"name":"getAttributes","signature":"getAttributes As String"},{"name":"getStyles","signature":"getStyles As String"},{"name":"getClasses","signature":"getClasses As String"},{"name":"getPaddingAXYTBLR","signature":"getPaddingAXYTBLR As String"},{"name":"getMarginAXYTBLR","signature":"getMarginAXYTBLR As String"},{"name":"setText\t\t\t","signature":"setText(text As String)\t\t\t"},{"name":"setItemActiveColor","signature":"setItemActiveColor(s As String)"},{"name":"setItemColor","signature":"setItemColor(s As String)"},{"name":"setItemFocusColor","signature":"setItemFocusColor(s As String)"},{"name":"setItemHoverColor","signature":"setItemHoverColor(s As String)"},{"name":"getItemActiveColor","signature":"getItemActiveColor As String"},{"name":"getItemColor","signature":"getItemColor As String"},{"name":"getItemFocusColor","signature":"getItemFocusColor As String"},{"name":"getItemHoverColor","signature":"getItemHoverColor As String"},{"name":"getText","signature":"getText As String"},{"name":"DesignerCreateView","signature":"DesignerCreateView (Target As BANanoElement, Props As Map)"},{"name":"setHasIcon","signature":"setHasIcon(b As Boolean)"},{"name":"getHasIcon","signature":"getHasIcon As Boolean"},{"name":"setHasAvatar","signature":"setHasAvatar(b As Boolean)"},{"name":"getHasAvatar","signature":"getHasAvatar As Boolean"},{"name":"setHasBadge","signature":"setHasBadge(b As Boolean)"},{"name":"getHasBadge","signature":"getHasBadge As Boolean"},{"name":"setItemClasses\t\t\t\t","signature":"setItemClasses(s As String)\t\t\t\t"},{"name":"setItemStyles\t\t\t\t\t","signature":"setItemStyles(s As String)\t\t\t\t\t"},{"name":"getItemClasses","signature":"getItemClasses As String"},{"name":"getItemStyles","signature":"getItemStyles As String"},{"name":"setClosePopupOnClick","signature":"setClosePopupOnClick(b As Boolean)"},{"name":"getClosePopupOnClick","signature":"getClosePopupOnClick As Boolean"},{"name":"setChecked\t\t\t\t\t\t\t","signature":"setChecked(b As Boolean)\t\t\t\t\t\t\t"},{"name":"getChecked","signature":"getChecked As Boolean"},{"name":"setCheckedColor\t\t\t\t\t\t\t","signature":"setCheckedColor(s As String)\t\t\t\t\t\t\t"},{"name":"setHasCheckBox\t\t\t","signature":"setHasCheckBox(b As Boolean)\t\t\t"},{"name":"getCheckedColor","signature":"getCheckedColor As String"},{"name":"getHasCheckBox","signature":"getHasCheckBox As Boolean"},{"name":"setAvatar\t\t\t\t\t","signature":"setAvatar(s As String)\t\t\t\t\t"},{"name":"setAvatarShape\t\t\t\t","signature":"setAvatarShape(s As String)\t\t\t\t"},{"name":"setAvatarSize\t\t\t\t\t","signature":"setAvatarSize(s As String)\t\t\t\t\t"},{"name":"getAvatar","signature":"getAvatar As String"},{"name":"getAvatarShape","signature":"getAvatarShape As String"},{"name":"getAvatarSize","signature":"getAvatarSize As String"},{"name":"setPopOverTarget\t\t\t\t","signature":"setPopOverTarget(s As String)\t\t\t\t"},{"name":"getPopOverTarget","signature":"getPopOverTarget As String\t\t\t\t\t"},{"name":"setMenuName","signature":"setMenuName(s As String)"},{"name":"getMenuName","signature":"getMenuName As String"},{"name":"setActive\t\t\t\t","signature":"setActive(b As Boolean)\t\t\t\t"},{"name":"setBadge\t\t\t","signature":"setBadge(s As String)\t\t\t"},{"name":"setBadgeColor\t\t\t","signature":"setBadgeColor(s As String)\t\t\t"},{"name":"setBadgeSize\t\t\t\t","signature":"setBadgeSize(s As String)\t\t\t\t"},{"name":"setFocus\t\t\t","signature":"setFocus(b As Boolean)\t\t\t"},{"name":"setHref\t\t\t\t","signature":"setHref(s As String)\t\t\t\t"},{"name":"setIcon\t\t","signature":"setIcon(s As String)\t\t"},{"name":"setIconColor\t\t\t","signature":"setIconColor(s As String)\t\t\t"},{"name":"setItemType","signature":"setItemType(s As String)"},{"name":"setParent\t\t\t","signature":"setParent(b As Boolean)\t\t\t"},{"name":"setTarget\t\t\t","signature":"setTarget(s As String)\t\t\t"},{"name":"getActive","signature":"getActive As Boolean"},{"name":"getBadge","signature":"getBadge As String"},{"name":"getBadgeColor","signature":"getBadgeColor As String"},{"name":"getBadgeSize","signature":"getBadgeSize As String"},{"name":"getFocus","signature":"getFocus As Boolean"},{"name":"getHref","signature":"getHref As String"},{"name":"getIcon","signature":"getIcon As String"},{"name":"getIconColor","signature":"getIconColor As String"},{"name":"getItemType","signature":"getItemType As String"},{"name":"getParent","signature":"getParent As Boolean"},{"name":"getTarget","signature":"getTarget As String"},{"name":"getTooltip","signature":"getTooltip As String"},{"name":"getTooltipPosition","signature":"getTooltipPosition As String"},{"name":"setIconSize\t\t\t","signature":"setIconSize(s As String)\t\t\t"},{"name":"getIconSize","signature":"getIconSize As String"},{"name":"setBadgeVisible\t\t\t","signature":"setBadgeVisible(b As Boolean)\t\t\t"},{"name":"getBadgeVisible","signature":"getBadgeVisible As Boolean"},{"name":"setOpen\t\t\t","signature":"setOpen(b As Boolean)\t\t\t"},{"name":"getOpen","signature":"getOpen As Boolean"},{"name":"AddMenuItemTitle","signature":"AddMenuItemTitle(itemKey As String, itemText As String) As SDUI5MenuItem"},{"name":"AddMenuItem","signature":"AddMenuItem(itemKey As String, itemText As String, itemParent As Boolean) As SDUI5MenuItem"},{"name":"AddMenuItemIcon","signature":"AddMenuItemIcon(itemKey As String, itemIcon As String, iconSize As String) As SDUI5MenuItem"},{"name":"AddMenuItemIconColor","signature":"AddMenuItemIconColor(itemKey As String, itemIcon As String, iconSize As String, iconColor As String) As SDUI5MenuItem"},{"name":"AddMenuItemIconText","signature":"AddMenuItemIconText(itemKey As String, itemIcon As String, itemText As String, itemParent As Boolean) As SDUI5MenuItem"},{"name":"AddMenuItemAvatarText","signature":"AddMenuItemAvatarText(itemKey As String, itemAvatar As String, itemAvatarShape As String, itemAvatarSize As String, itemText As String, itemParent As Boolean) As SDUI5MenuItem"},{"name":"AddMenuItemChild","signature":"AddMenuItemChild(itemKey As String, itemIcon As String, itemText As String) As SDUI5MenuItem"},{"name":"AddMenuItemParent","signature":"AddMenuItemParent(itemKey As String, itemIcon As String, itemText As String) As SDUI5MenuItem"},{"name":"Clear\t\t\t","signature":"Clear\t\t\t"},{"name":"SetItemActive","signature":"SetItemActive(itemKey As String)"}]}