{"name":"SDUI5BarcodeReader","properties":[{"Key":"ParentID","DisplayName":"ParentID","FieldType":"String","DefaultValue":"","Description":"The ParentID of this component","List":""},{"Key":"Camera","DisplayName":"Camera","FieldType":"String","DefaultValue":"environment","Description":"Camera Being Used","List":"environment|user"},{"Key":"Fps","DisplayName":"Fps","FieldType":"Int","DefaultValue":"5","Description":"Frames Per Second","List":""},{"Key":"Torch","DisplayName":"Torch","FieldType":"Boolean","DefaultValue":"False","Description":"Torch On Or Off","List":""},{"Key":"RememberLastUsedCamera","DisplayName":"Remember Last Used Camera","FieldType":"Boolean","DefaultValue":"False","Description":"Remember Last Used Camera","List":""},{"Key":"Height","DisplayName":"Height","FieldType":"String","DefaultValue":"500px","Description":"Height","List":""},{"Key":"Width","DisplayName":"Width","FieldType":"String","DefaultValue":"500px","Description":"Width","List":""},{"Key":"QrboxHeight","DisplayName":"Qrbox Height","FieldType":"Int","DefaultValue":"250","Description":"Qrbox Height","List":""},{"Key":"QrboxWidth","DisplayName":"Qrbox Width","FieldType":"Int","DefaultValue":"250","Description":"Qrbox Width","List":""},{"Key":"Rounded","DisplayName":"Rounded","FieldType":"String","DefaultValue":"none","Description":"Rounded","List":"none|rounded|2xl|3xl|full|lg|md|sm|xl|0"},{"Key":"RoundedBox","DisplayName":"Rounded Box","FieldType":"Boolean","DefaultValue":"True","Description":"Rounded Box","List":""},{"Key":"Shadow","DisplayName":"Shadow","FieldType":"String","DefaultValue":"none","Description":"Shadow","List":"2xl|inner|lg|md|none|shadow|sm|xl"},{"Key":"Visible","DisplayName":"Visible","FieldType":"Boolean","DefaultValue":"True","Description":"If visible.","List":""},{"Key":"Enabled","DisplayName":"Enabled","FieldType":"Boolean","DefaultValue":"True","Description":"If enabled.","List":""},{"Key":"PositionStyle","DisplayName":"Position Style","FieldType":"String","DefaultValue":"none","Description":"Position","List":"absolute|fixed|none|relative|static|sticky"},{"Key":"Position","DisplayName":"Position Locations","FieldType":"String","DefaultValue":"t=?; b=?; r=?; l=?","Description":"Position Locations","List":""},{"Key":"MarginAXYTBLR","DisplayName":"Margins","FieldType":"String","DefaultValue":"a=?; x=?; y=?; t=?; b=?; l=?; r=?","Description":"Margins A(all)-X(LR)-Y(TB)-T-B-L-R","List":""},{"Key":"PaddingAXYTBLR","DisplayName":"Paddings","FieldType":"String","DefaultValue":"a=?; x=?; y=?; t=?; b=?; l=?; r=?","Description":"Paddings A(all)-X(LR)-Y(TB)-T-B-L-R","List":""},{"Key":"RawClasses","DisplayName":"Classes (;)","FieldType":"String","DefaultValue":"","Description":"Classes added to the HTML tag.","List":""},{"Key":"RawStyles","DisplayName":"Styles (JSON)","FieldType":"String","DefaultValue":"","Description":"Styles added to the HTML tag. Must be a json String use = and ;","List":""},{"Key":"RawAttributes","DisplayName":"Attributes (JSON)","FieldType":"String","DefaultValue":"","Description":"Attributes added to the HTML tag. Must be a json String use = and ;","List":""}],"events":[{"name":"Click (e As BANanoEvent)"},{"name":"ScanFailure (error As Object)"},{"name":"ScanSuccess (decodedText As String, decodedResult As Map)"}],"methods":[{"name":"Class_Globals","signature":"Class_Globals"},{"name":"Initialize","signature":"Initialize (Callback As Object, Name As String, EventName As String)"},{"name":"getID","signature":"getID() As String"},{"name":"SetProperties","signature":"SetProperties(props As Map)"},{"name":"GetProperties","signature":"GetProperties As Map"},{"name":"AddComponent","signature":"AddComponent"},{"name":"Remove","signature":"Remove()"},{"name":"setParentID","signature":"setParentID(s As String)"},{"name":"getParentID","signature":"getParentID As String"},{"name":"getHere","signature":"getHere() As String"},{"name":"setVisible","signature":"setVisible(b As Boolean)"},{"name":"getVisible","signature":"getVisible As Boolean"},{"name":"setEnabled","signature":"setEnabled(b As Boolean)"},{"name":"getEnabled","signature":"getEnabled As Boolean"},{"name":"OnEvent","signature":"OnEvent(event As String, methodName As String)"},{"name":"setPositionStyle","signature":"setPositionStyle(s As String)"},{"name":"getPositionStyle","signature":"getPositionStyle As String"},{"name":"setPosition","signature":"setPosition(s As String)"},{"name":"getPosition","signature":"getPosition As String"},{"name":"setAttributes","signature":"setAttributes(s As String)"},{"name":"setStyles","signature":"setStyles(s As String)"},{"name":"setClasses","signature":"setClasses(s As String)"},{"name":"setPaddingAXYTBLR","signature":"setPaddingAXYTBLR(s As String)"},{"name":"setMarginAXYTBLR","signature":"setMarginAXYTBLR(s As String)"},{"name":"getAttributes","signature":"getAttributes As String"},{"name":"getStyles","signature":"getStyles As String"},{"name":"getClasses","signature":"getClasses As String"},{"name":"getPaddingAXYTBLR","signature":"getPaddingAXYTBLR As String"},{"name":"getMarginAXYTBLR","signature":"getMarginAXYTBLR As String"},{"name":"DesignerCreateView","signature":"DesignerCreateView (Target As BANanoElement, Props As Map)"},{"name":"Restart","signature":"Restart"},{"name":"StopScanWait","signature":"StopScanWait As Boolean"},{"name":"Pause","signature":"Pause(shouldPauseVideo As Boolean)"},{"name":"Resume","signature":"Resume"},{"name":"StartScanWait","signature":"StartScanWait As Boolean"},{"name":"setCamera","signature":"setCamera(s As String)"},{"name":"setFps","signature":"setFps(i As Int)"},{"name":"setHeight","signature":"setHeight(s As String)"},{"name":"setQrboxHeight","signature":"setQrboxHeight(i As Int)"},{"name":"setQrboxWidth","signature":"setQrboxWidth(i As Int)"},{"name":"setRememberLastUsedCamera","signature":"setRememberLastUsedCamera(b As Boolean)"},{"name":"setRounded","signature":"setRounded(s As String)"},{"name":"setRoundedBox","signature":"setRoundedBox(b As Boolean)"},{"name":"setShadow","signature":"setShadow(s As String)"},{"name":"setTorch","signature":"setTorch(b As Boolean)"},{"name":"setWidth","signature":"setWidth(s As String)"},{"name":"getCamera","signature":"getCamera As String"},{"name":"getFps","signature":"getFps As Int"},{"name":"getHeight","signature":"getHeight As String"},{"name":"getQrboxHeight","signature":"getQrboxHeight As Int"},{"name":"getQrboxWidth","signature":"getQrboxWidth As Int"},{"name":"getRememberLastUsedCamera","signature":"getRememberLastUsedCamera As Boolean"},{"name":"getRounded","signature":"getRounded As String"},{"name":"getRoundedBox","signature":"getRoundedBox As Boolean"},{"name":"getShadow","signature":"getShadow As String"},{"name":"getTorch","signature":"getTorch As Boolean"},{"name":"getWidth","signature":"getWidth As String"}]}