{"name":"SDUI5Menu","properties":[{"Key":"ParentID","DisplayName":"ParentID","FieldType":"String","DefaultValue":"","Description":"The ParentID of this component","List":""},{"Key":"TextColor","DisplayName":"Text Color","FieldType":"String","DefaultValue":"","Description":"Text Color","List":""},{"Key":"Size","DisplayName":"Size","FieldType":"String","DefaultValue":"none","Description":"Size","List":"lg|md|none|sm|xl|xs"},{"Key":"BackgroundColor","DisplayName":"Background Color","FieldType":"String","DefaultValue":"base-200","Description":"Background Color","List":""},{"Key":"Direction","DisplayName":"Direction","FieldType":"String","DefaultValue":"vertical","Description":"Direction","List":"horizontal|vertical"},{"Key":"HasCheckBox","DisplayName":"Has Check Box","FieldType":"Boolean","DefaultValue":"False","Description":"Has Check Box","List":""},{"Key":"HasIcon","DisplayName":"Has Icon","FieldType":"Boolean","DefaultValue":"True","Description":"Has Icon","List":""},{"Key":"HasAvatar","DisplayName":"Has Avatar","FieldType":"Boolean","DefaultValue":"True","Description":"Has Avatar","List":""},{"Key":"HasBadge","DisplayName":"Has Badge","FieldType":"Boolean","DefaultValue":"True","Description":"Has Badge","List":""},{"Key":"NoWrap","DisplayName":"NoWrap","FieldType":"Boolean","DefaultValue":"True","Description":"No Wrap","List":""},{"Key":"OverflowYAuto","DisplayName":"Overflow-Y-Auto","FieldType":"Boolean","DefaultValue":"True","Description":"Overflow-Y-Auto","List":""},{"Key":"CheckedColor","DisplayName":"Checked Color","FieldType":"String","DefaultValue":"success","Description":"Checked Color","List":""},{"Key":"ItemColor","DisplayName":"Item Color","FieldType":"String","DefaultValue":"","Description":"Item Color","List":""},{"Key":"ItemActiveColor","DisplayName":"Item Active Color","FieldType":"String","DefaultValue":"","Description":"Item Active Color","List":""},{"Key":"ItemActiveTextColor","DisplayName":"Item Active Text Color","FieldType":"String","DefaultValue":"","Description":"Item Active Text Color","List":""},{"Key":"ItemFocusColor","DisplayName":"Item Focus Color","FieldType":"String","DefaultValue":"","Description":"Item Focus Color","List":""},{"Key":"ItemHoverColor","DisplayName":"Item Hover Color","FieldType":"String","DefaultValue":"","Description":"Item Hover Color","List":""},{"Key":"Height","DisplayName":"Height","FieldType":"String","DefaultValue":"","Description":"Height","List":""},{"Key":"Width","DisplayName":"Width","FieldType":"String","DefaultValue":"56","Description":"Width","List":""},{"Key":"Rounded","DisplayName":"Rounded","FieldType":"String","DefaultValue":"none","Description":"Rounded","List":"none|rounded|2xl|3xl|full|lg|md|sm|xl|0"},{"Key":"RoundedBox","DisplayName":"Rounded Box","FieldType":"Boolean","DefaultValue":"True","Description":"Rounded Box","List":""},{"Key":"RoundedItems","DisplayName":"Rounded Items","FieldType":"Boolean","DefaultValue":"True","Description":"Rounded Items","List":""},{"Key":"Shadow","DisplayName":"Shadow","FieldType":"String","DefaultValue":"none","Description":"Shadow","List":"2xl|inner|lg|md|none|shadow|sm|xl"},{"Key":"MaxHeight","DisplayName":"Max Height","FieldType":"String","DefaultValue":"","Description":"Max Height","List":""},{"Key":"MaxWidth","DisplayName":"Max Width","FieldType":"String","DefaultValue":"","Description":"Max Width","List":""},{"Key":"MinHeight","DisplayName":"Min Height","FieldType":"String","DefaultValue":"full","Description":"Min Height","List":""},{"Key":"MinWidth","DisplayName":"Min Width","FieldType":"String","DefaultValue":"","Description":"Min Width","List":""},{"Key":"SmDirection","DisplayName":"SM Direction","FieldType":"String","DefaultValue":"none","Description":"Sm Direction","List":"horizontal|none|vertical"},{"Key":"MdDirection","DisplayName":"MD Direction","FieldType":"String","DefaultValue":"none","Description":"Md Direction","List":"horizontal|none|vertical"},{"Key":"LgDirection","DisplayName":"LG Direction","FieldType":"String","DefaultValue":"none","Description":"Lg Direction","List":"horizontal|none|vertical"},{"Key":"XlDirection","DisplayName":"XL Direction","FieldType":"String","DefaultValue":"none","Description":"Xl Direction","List":"horizontal|none|vertical"},{"Key":"PopOver","DisplayName":"Pop Over","FieldType":"Boolean","DefaultValue":"False","Description":"Pop Over","List":""},{"Key":"ClosePopupOnClick","DisplayName":"Close Popup On Click","FieldType":"Boolean","DefaultValue":"False","Description":"Close PopUnp On Click","List":""},{"Key":"Card","DisplayName":"Card","FieldType":"Boolean","DefaultValue":"False","Description":"Card","List":""},{"Key":"Dropdown","DisplayName":"Is Dropdown","FieldType":"Boolean","DefaultValue":"False","Description":"Is A Dropdown","List":""},{"Key":"DropdownOpen","DisplayName":"Is Dropdown Open","FieldType":"Boolean","DefaultValue":"False","Description":"Dropdown Open","List":""},{"Key":"DropDownHover","DisplayName":"Show Dropdown Hover","FieldType":"Boolean","DefaultValue":"False","Description":"Show Dropdown on Hover","List":""},{"Key":"DropdownPlacement","DisplayName":"Dropdown Placement","FieldType":"String","DefaultValue":"bottom","Description":"Dropdown Placement","":"","List":"bottom|bottom-center|bottom-end|center|end|left|left-center|left-end|right|right-center|right-end|start|top|top-center|top-end|none"},{"Key":"DropdownContent","DisplayName":"Dropdown Content","FieldType":"Boolean","DefaultValue":"False","Description":"Dropdown Content","List":""},{"Key":"DropDownId","DisplayName":"Drop Down ID","FieldType":"String","DefaultValue":"","Description":"Drop Down Id","List":""},{"Key":"CloseDropdownOnClick","DisplayName":"Close Dropdown On Click","FieldType":"Boolean","DefaultValue":"False","Description":"Close Dropdown On Click","List":""},{"Key":"RawItemClasses","DisplayName":"Item Classes","FieldType":"String","DefaultValue":"","Description":"Item Classes","List":""},{"Key":"RawItemStyles","DisplayName":"Item Styles","FieldType":"String","DefaultValue":"","Description":"Item Styles","List":""},{"Key":"Visible","DisplayName":"Visible","FieldType":"Boolean","DefaultValue":"True","Description":"If visible.","List":""},{"Key":"Enabled","DisplayName":"Enabled","FieldType":"Boolean","DefaultValue":"True","Description":"If enabled.","List":""},{"Key":"PositionStyle","DisplayName":"Position Style","FieldType":"String","DefaultValue":"none","Description":"Position","List":"absolute|fixed|none|relative|static|sticky"},{"Key":"Position","DisplayName":"Position Locations","FieldType":"String","DefaultValue":"t=?; b=?; r=?; l=?","Description":"Position Locations","List":""},{"Key":"MarginAXYTBLR","DisplayName":"Margins","FieldType":"String","DefaultValue":"a=?; x=?; y=?; t=?; b=?; l=?; r=?","Description":"Margins A(all)-X(LR)-Y(TB)-T-B-L-R","List":""},{"Key":"PaddingAXYTBLR","DisplayName":"Paddings","FieldType":"String","DefaultValue":"a=?; x=?; y=?; t=?; b=?; l=?; r=?","Description":"Paddings A(all)-X(LR)-Y(TB)-T-B-L-R","List":""},{"Key":"RawClasses","DisplayName":"Classes (;)","FieldType":"String","DefaultValue":"","Description":"Classes added to the HTML tag.","List":""},{"Key":"RawStyles","DisplayName":"Styles (JSON)","FieldType":"String","DefaultValue":"","Description":"Styles added to the HTML tag. Must be a json String use = and ;","List":""},{"Key":"RawAttributes","DisplayName":"Attributes (JSON)","FieldType":"String","DefaultValue":"","Description":"Attributes added to the HTML tag. Must be a json String use = and ;","List":""}],"events":[{"name":"ItemClick (item As String)"},{"name":"Change (Value As String)"}],"methods":[{"name":"Class_Globals","signature":"Class_Globals"},{"name":"Initialize","signature":"Initialize (Callback As Object, Name As String, EventName As String)"},{"name":"setNoWrap","signature":"setNoWrap(b As Boolean)"},{"name":"LinkExisting\t\t\t","signature":"LinkExisting\t\t\t"},{"name":"getID","signature":"getID() As String"},{"name":"SetProperties","signature":"SetProperties(props As Map)"},{"name":"GetProperties","signature":"GetProperties As Map"},{"name":"AddComponent","signature":"AddComponent"},{"name":"Remove","signature":"Remove()"},{"name":"setParentID","signature":"setParentID(s As String)"},{"name":"getParentID","signature":"getParentID As String"},{"name":"getHere","signature":"getHere() As String"},{"name":"setVisible","signature":"setVisible(b As Boolean)"},{"name":"getVisible","signature":"getVisible As Boolean"},{"name":"setEnabled","signature":"setEnabled(b As Boolean)"},{"name":"getEnabled","signature":"getEnabled As Boolean"},{"name":"setPositionStyle","signature":"setPositionStyle(s As String)"},{"name":"getPositionStyle","signature":"getPositionStyle As String"},{"name":"setPosition","signature":"setPosition(s As String)"},{"name":"getPosition","signature":"getPosition As String"},{"name":"setAttributes","signature":"setAttributes(s As String)"},{"name":"setStyles","signature":"setStyles(s As String)"},{"name":"setClasses","signature":"setClasses(s As String)"},{"name":"setPaddingAXYTBLR","signature":"setPaddingAXYTBLR(s As String)"},{"name":"setMarginAXYTBLR","signature":"setMarginAXYTBLR(s As String)"},{"name":"getAttributes","signature":"getAttributes As String"},{"name":"getStyles","signature":"getStyles As String"},{"name":"getClasses","signature":"getClasses As String"},{"name":"getPaddingAXYTBLR","signature":"getPaddingAXYTBLR As String"},{"name":"getMarginAXYTBLR","signature":"getMarginAXYTBLR As String"},{"name":"DesignerCreateView","signature":"DesignerCreateView (Target As BANanoElement, Props As Map)"},{"name":"setHasIcon","signature":"setHasIcon(b As Boolean)"},{"name":"getHasIcon","signature":"getHasIcon As Boolean"},{"name":"setHasAvatar","signature":"setHasAvatar(b As Boolean)"},{"name":"getHasAvatar","signature":"getHasAvatar As Boolean"},{"name":"setHasBadge","signature":"setHasBadge(b As Boolean)"},{"name":"getHasBadge","signature":"getHasBadge As Boolean"},{"name":"setCloseDropdownOnClick","signature":"setCloseDropdownOnClick(b As Boolean)"},{"name":"setDropDownId","signature":"setDropDownId(s As String)"},{"name":"getCloseDropdownOnClick","signature":"getCloseDropdownOnClick As Boolean"},{"name":"getDropDownId","signature":"getDropDownId As String"},{"name":"setOverflowYAuto","signature":"setOverflowYAuto(b As Boolean)"},{"name":"getOverflowYAuto","signature":"getOverflowYAuto As Boolean"},{"name":"setItemActiveTextColor","signature":"setItemActiveTextColor(s As String)"},{"name":"getItemActiveTextColor","signature":"getItemActiveTextColor As String"},{"name":"setItemActiveColor","signature":"setItemActiveColor(s As String)"},{"name":"setItemColor","signature":"setItemColor(s As String)"},{"name":"setItemFocusColor","signature":"setItemFocusColor(s As String)"},{"name":"setItemHoverColor","signature":"setItemHoverColor(s As String)"},{"name":"getItemActiveColor","signature":"getItemActiveColor As String"},{"name":"getItemColor","signature":"getItemColor As String"},{"name":"getItemFocusColor","signature":"getItemFocusColor As String"},{"name":"getItemHoverColor","signature":"getItemHoverColor As String"},{"name":"setItemClasses","signature":"setItemClasses(s As String)"},{"name":"setItemStyles","signature":"setItemStyles(s As String)"},{"name":"getItemClasses","signature":"getItemClasses As String"},{"name":"getItemStyles","signature":"getItemStyles As String"},{"name":"setClosePopupOnClick","signature":"setClosePopupOnClick(b As Boolean)"},{"name":"getClosePopupOnClick","signature":"getClosePopupOnClick As Boolean"},{"name":"setCheckedColor","signature":"setCheckedColor(s As String)"},{"name":"setHasCheckBox","signature":"setHasCheckBox(b As Boolean)"},{"name":"getCheckedColor","signature":"getCheckedColor As String"},{"name":"getHasCheckBox","signature":"getHasCheckBox As Boolean"},{"name":"setCard","signature":"setCard(b As Boolean)"},{"name":"setDropdownOpen","signature":"setDropdownOpen(b As Boolean)"},{"name":"setDropdownPlacement","signature":"setDropdownPlacement(s As String)"},{"name":"setPopOver","signature":"setPopOver(b As Boolean)"},{"name":"setDropDownHover","signature":"setDropDownHover(b As Boolean)"},{"name":"getDropDownHover","signature":"getDropDownHover As Boolean"},{"name":"getCard","signature":"getCard As Boolean"},{"name":"getDropdownOpen","signature":"getDropdownOpen As Boolean"},{"name":"getDropdownPlacement","signature":"getDropdownPlacement As String"},{"name":"getPopOver","signature":"getPopOver As Boolean"},{"name":"getAnchorName","signature":"getAnchorName As String"},{"name":"setAnchorName","signature":"setAnchorName(s As String)"},{"name":"setBackgroundColor","signature":"setBackgroundColor(s As String)"},{"name":"setDirection","signature":"setDirection(s As String)"},{"name":"setHeight","signature":"setHeight(s As String)"},{"name":"setLgDirection","signature":"setLgDirection(s As String)"},{"name":"setMaxHeight","signature":"setMaxHeight(s As String)"},{"name":"setMaxWidth","signature":"setMaxWidth(s As String)"},{"name":"setMdDirection","signature":"setMdDirection(s As String)"},{"name":"setMinHeight","signature":"setMinHeight(s As String)"},{"name":"setMinWidth","signature":"setMinWidth(s As String)"},{"name":"setRounded","signature":"setRounded(s As String)"},{"name":"setRoundedBox","signature":"setRoundedBox(b As Boolean)"},{"name":"setShadow","signature":"setShadow(s As String)"},{"name":"setSize","signature":"setSize(s As String)"},{"name":"setSmDirection","signature":"setSmDirection(s As String)"},{"name":"setTextColor","signature":"setTextColor(s As String)"},{"name":"setWidth","signature":"setWidth(s As String)"},{"name":"setXlDirection","signature":"setXlDirection(s As String)"},{"name":"getBackgroundColor","signature":"getBackgroundColor As String"},{"name":"getDirection","signature":"getDirection As String"},{"name":"getHeight","signature":"getHeight As String"},{"name":"getLgDirection","signature":"getLgDirection As String"},{"name":"getMaxHeight","signature":"getMaxHeight As String"},{"name":"getMaxWidth","signature":"getMaxWidth As String"},{"name":"getMdDirection","signature":"getMdDirection As String"},{"name":"getMinHeight","signature":"getMinHeight As String"},{"name":"getMinWidth","signature":"getMinWidth As String"},{"name":"getRounded","signature":"getRounded As String"},{"name":"getRoundedBox","signature":"getRoundedBox As Boolean"},{"name":"getShadow","signature":"getShadow As String"},{"name":"getSize","signature":"getSize As String"},{"name":"getSmDirection","signature":"getSmDirection As String"},{"name":"getTextColor","signature":"getTextColor As String"},{"name":"getWidth","signature":"getWidth As String"},{"name":"getXlDirection","signature":"getXlDirection As String"},{"name":"setRoundedItems","signature":"setRoundedItems(b As Boolean)"},{"name":"getRoundedItems","signature":"getRoundedItems As Boolean"},{"name":"AddMenuItemTitle","signature":"AddMenuItemTitle(itemKey As String, itemText As String) As SDUI5MenuItem"},{"name":"AddMenuItem","signature":"AddMenuItem(itemKey As String, itemText As String, itemParent As Boolean) As SDUI5MenuItem"},{"name":"AddMenuItemIcon","signature":"AddMenuItemIcon(itemKey As String, itemIcon As String, iconSize As String) As SDUI5MenuItem"},{"name":"AddMenuItemIconColor","signature":"AddMenuItemIconColor(itemKey As String, itemIcon As String, iconSize As String, iconColor As String) As SDUI5MenuItem"},{"name":"AddMenuItemIconText","signature":"AddMenuItemIconText(itemKey As String, itemIcon As String, itemText As String, itemParent As Boolean) As SDUI5MenuItem"},{"name":"AddMenuItemAvatarText","signature":"AddMenuItemAvatarText(parentID As String, itemKey As String, itemAvatar As String, itemAvatarShape As String, itemAvatarSize As String, itemText As String, itemParent As Boolean) As SDUI5MenuItem"},{"name":"AddMenuItemChild","signature":"AddMenuItemChild(itemKey As String, itemIcon As String, itemText As String) As SDUI5MenuItem"},{"name":"AddItemParent","signature":"AddItemParent(parentID As String, itemKey As String, itemIcon As String, itemText As String) As SDUI5MenuItem"},{"name":"AddItemChild","signature":"AddItemChild(parentID As String, itemKey As String, itemIcon As String, itemText As String) As SDUI5MenuItem"},{"name":"AddMenuItemParent","signature":"AddMenuItemParent(itemKey As String, itemIcon As String, itemText As String) As SDUI5MenuItem"},{"name":"CloseParents","signature":"CloseParents"},{"name":"SetItemOpen","signature":"SetItemOpen(item As String, b As Boolean)"},{"name":"SetItemBadge","signature":"SetItemBadge(item As String, sText As String, sColor As String)"},{"name":"SetItemChecked","signature":"SetItemChecked(item As String, b As Boolean)"},{"name":"SetItemBadgeVisible","signature":"SetItemBadgeVisible(item As String, b As Boolean)"},{"name":"SetItemVisible","signature":"SetItemVisible(item As String, b As Boolean)"},{"name":"Clear\t\t\t","signature":"Clear\t\t\t"},{"name":"SetItemActive","signature":"SetItemActive(itemKey As String)"},{"name":"SetItemHref","signature":"SetItemHref(itemKey As String, shref As String, starget As String)"},{"name":"setDropdown","signature":"setDropdown(b As Boolean)"},{"name":"setDropdownContent","signature":"setDropdownContent(b As Boolean)"},{"name":"getDropdown","signature":"getDropdown As Boolean"},{"name":"getDropdownContent","signature":"getDropdownContent As Boolean"},{"name":"SetIconFillByID","signature":"SetIconFillByID(item As String, s As String)"},{"name":"ShowPopOver","signature":"ShowPopOver"},{"name":"ClosePopover","signature":"ClosePopover"},{"name":"HidePopover","signature":"HidePopover"},{"name":"TogglePopover","signature":"TogglePopover"},{"name":"SetSelected\t\t\t\t\t","signature":"SetSelected(s As String)\t\t\t\t\t"},{"name":"GetSelected","signature":"GetSelected As String"}]}