{"properties":[{"Key":"ParentID","DisplayName":"ParentID","FieldType":"String","DefaultValue":"","Description":"The ParentID of this component","List":""},{"Key":"Title","DisplayName":"Title","FieldType":"String","DefaultValue":"","Description":"The title of the JSON editor","List":""},{"Key":"Description","DisplayName":"Description","FieldType":"String","DefaultValue":"","Description":"The description of the JSON editor","List":""},{"Key":"Fill","DisplayName":"Fill Container","FieldType":"Boolean","DefaultValue":"True","Description":"Whether to fill the parent container","List":""},{"Key":"ReadOnly","DisplayName":"Read Only","FieldType":"Boolean","DefaultValue":"False","Description":"Whether the editor is in read-only mode","List":""},{"Key":"Enabled","DisplayName":"Enabled","FieldType":"Boolean","DefaultValue":"True","Description":"If enabled.","List":""},{"Key":"Path","DisplayName":"JSON File Path","FieldType":"String","DefaultValue":"","Description":"URL path to load JSON from","List":""},{"Key":"ShowImport","DisplayName":"Show Import Button","FieldType":"Boolean","DefaultValue":"True","Description":"Show the import button","List":""},{"Key":"ShowExport","DisplayName":"Show Export Button","FieldType":"Boolean","DefaultValue":"True","Description":"Show the export button","List":""},{"Key":"ShowReset","DisplayName":"Show Reset Button","FieldType":"Boolean","DefaultValue":"True","Description":"Show the reset button","List":""},{"Key":"Height","DisplayName":"Height","FieldType":"String","DefaultValue":"700px","Description":"Height","List":""},{"Key":"Width","DisplayName":"Width","FieldType":"String","DefaultValue":"100%","Description":"Width","List":""},{"Key":"Shadow","DisplayName":"Shadow","FieldType":"String","DefaultValue":"none","Description":"Shadow","List":"2xl|inner|lg|md|none|shadow|sm|xl"},{"Key":"Rounded","DisplayName":"Rounded","FieldType":"String","DefaultValue":"none","Description":"Shape/Rounded","List":"square|circle|none|rounded|2xl|3xl|full|lg|md|sm|xl|0"},{"Key":"Visible","DisplayName":"Visible","FieldType":"Boolean","DefaultValue":"True","Description":"If visible.","List":""},{"Key":"PositionStyle","DisplayName":"Position Style","FieldType":"String","DefaultValue":"none","Description":"Position","List":"absolute|fixed|none|relative|static|sticky"},{"Key":"Position","DisplayName":"Position Locations","FieldType":"String","DefaultValue":"t=?; b=?; r=?; l=?","Description":"Position Locations","List":""},{"Key":"MarginAXYTBLR","DisplayName":"Margins","FieldType":"String","DefaultValue":"a=?; x=?; y=?; t=?; b=?; l=?; r=?","Description":"Margins A(all)-X(LR)-Y(TB)-T-B-L-R","List":""},{"Key":"PaddingAXYTBLR","DisplayName":"Paddings","FieldType":"String","DefaultValue":"a=?; x=?; y=?; t=?; b=?; l=?; r=?","Description":"Paddings A(all)-X(LR)-Y(TB)-T-B-L-R","List":""},{"Key":"RawClasses","DisplayName":"Classes (;)","FieldType":"String","DefaultValue":"","Description":"Classes added to the HTML tag.","List":""},{"Key":"RawStyles","DisplayName":"Styles (JSON)","FieldType":"String","DefaultValue":"","Description":"Styles added to the HTML tag. Must be a json String use = and ;","List":""},{"Key":"RawAttributes","DisplayName":"Attributes (JSON)","FieldType":"String","DefaultValue":"","Description":"Attributes added to the HTML tag. Must be a json String use = and ;","List":""}],"events":[{"name":"BeforeRender (e As BANanoEvent)"},{"name":"Rendered (e As BANanoEvent)"},{"name":"BeforeUpdate (e As BANanoEvent)"},{"name":"Updated (e As BANanoEvent)"}],"methods":[{"name":"Class_Globals","signature":"Class_Globals"},{"name":"Initialize","signature":"Initialize (Callback As Object, Name As String, EventName As String)"},{"name":"getID","signature":"getID() As String"},{"name":"SetProperties","signature":"SetProperties(props As Map)"},{"name":"GetProperties","signature":"GetProperties As Map"},{"name":"AddComponent","signature":"AddComponent"},{"name":"Remove","signature":"Remove()"},{"name":"setParentID","signature":"setParentID(s As String)"},{"name":"getParentID","signature":"getParentID As String"},{"name":"getHere","signature":"getHere() As String"},{"name":"setVisible","signature":"setVisible(b As Boolean)"},{"name":"getVisible","signature":"getVisible As Boolean"},{"name":"setEnabled","signature":"setEnabled(b As Boolean)"},{"name":"getEnabled","signature":"getEnabled As Boolean"},{"name":"setPositionStyle","signature":"setPositionStyle(s As String)"},{"name":"getPositionStyle","signature":"getPositionStyle As String"},{"name":"setPosition","signature":"setPosition(s As String)"},{"name":"getPosition","signature":"getPosition As String"},{"name":"setAttributes","signature":"setAttributes(s As String)"},{"name":"setStyles","signature":"setStyles(s As String)"},{"name":"setClasses","signature":"setClasses(s As String)"},{"name":"setPaddingAXYTBLR","signature":"setPaddingAXYTBLR(s As String)"},{"name":"setMarginAXYTBLR","signature":"setMarginAXYTBLR(s As String)"},{"name":"AddClass","signature":"AddClass(className As String)"},{"name":"getShadow","signature":"getShadow As String"},{"name":"getRounded","signature":"getRounded As String"},{"name":"setShadow","signature":"setShadow(s As String)"},{"name":"setRounded","signature":"setRounded(s As String)"},{"name":"getAttributes","signature":"getAttributes As String"},{"name":"getStyles","signature":"getStyles As String"},{"name":"getClasses","signature":"getClasses As String"},{"name":"getPaddingAXYTBLR","signature":"getPaddingAXYTBLR As String"},{"name":"getMarginAXYTBLR","signature":"getMarginAXYTBLR As String"},{"name":"DesignerCreateView","signature":"DesignerCreateView (Target As BANanoElement, Props As Map)"},{"name":"Refresh","signature":"Refresh"},{"name":"GetJSON","signature":"GetJSON As String"},{"name":"SetJSON","signature":"SetJSON(fileObj As Object)"},{"name":"Download","signature":"Download"},{"name":"Reset","signature":"Reset"},{"name":"Rerender","signature":"Rerender"},{"name":"setTitle","signature":"setTitle(s As String)"},{"name":"getTitle","signature":"getTitle As String"},{"name":"setDescription","signature":"setDescription(s As String)"},{"name":"getDescription","signature":"getDescription As String"},{"name":"setFill","signature":"setFill(b As Boolean)"},{"name":"getFill","signature":"getFill As Boolean"},{"name":"setReadOnly","signature":"setReadOnly(b As Boolean)"},{"name":"getReadOnly","signature":"getReadOnly As Boolean"},{"name":"setPath","signature":"setPath(s As String)"},{"name":"getPath","signature":"getPath As String"},{"name":"setShowImport","signature":"setShowImport(b As Boolean)"},{"name":"getShowImport","signature":"getShowImport As Boolean"},{"name":"setShowExport","signature":"setShowExport(b As Boolean)"},{"name":"getShowExport","signature":"getShowExport As Boolean"},{"name":"setShowReset","signature":"setShowReset(b As Boolean)"},{"name":"getShowReset","signature":"getShowReset As Boolean"},{"name":"setHeight","signature":"setHeight(s As String)"},{"name":"getHeight","signature":"getHeight As String"},{"name":"setWidth","signature":"setWidth(s As String)"},{"name":"getWidth","signature":"getWidth As String"}]}