{"name":"SDUI5Panel","properties":[{"Key":"ParentID","DisplayName":"ParentID","FieldType":"String","DefaultValue":"","Description":"The ParentID of this component","List":""},{"Key":"Flexbox","DisplayName":"Flex","FieldType":"Boolean","DefaultValue":"False","Description":"Flexible Box","List":""},{"Key":"Flex","DisplayName":"Flex Size","FieldType":"String","DefaultValue":"none","Description":"Flex","List":"1|auto|initial|none"},{"Key":"FlexBasis","DisplayName":"Flex Basis","FieldType":"String","DefaultValue":"","Description":"Flex Basis","List":""},{"Key":"FlexDirection","DisplayName":"Flex Direction","FieldType":"String","DefaultValue":"none","Description":"Display Direction Of Flex Items In The Flex Container","List":"col|col-reverse|none|row|row-reverse"},{"Key":"FlexGrow","DisplayName":"Flex Grow","FieldType":"String","DefaultValue":"none","Description":"Flex Grow","List":"0|1|none"},{"Key":"FlexShrink","DisplayName":"Flex Shrink","FieldType":"String","DefaultValue":"none","Description":"Flex Shrink","List":"0|1|none"},{"Key":"FlexWrap","DisplayName":"Flex Wrap","FieldType":"String","DefaultValue":"none","Description":"Whether The Flex Items Should Wrap Or Not","List":"none|nowrap|wrap|wrap-reverse"},{"Key":"Text","DisplayName":"Text","FieldType":"String","DefaultValue":"","Description":"Text","List":""},{"Key":"TextAlign","DisplayName":"Text Align","FieldType":"String","DefaultValue":"none","Description":"Text Align","List":"center|end|justify|left|none|right|start"},{"Key":"TextColor","DisplayName":"Text Color","FieldType":"String","DefaultValue":"","Description":"Text Color","List":""},{"Key":"BackgroundColor","DisplayName":"Background Color","FieldType":"String","DefaultValue":"","Description":"Background Color","List":""},{"Key":"BackgroundImage","DisplayName":"Background Image","FieldType":"String","DefaultValue":"","Description":"Background Image","List":""},{"Key":"CenterChildren","DisplayName":"Center Children","FieldType":"Boolean","DefaultValue":"False","Description":"Center Children","List":""},{"Key":"Grid","DisplayName":"Grid","FieldType":"Boolean","DefaultValue":"False","Description":"Grid","List":""},{"Key":"Gap","DisplayName":"Gap","FieldType":"String","DefaultValue":"","Description":"Gap","List":""},{"Key":"GapX","DisplayName":"Gap X","FieldType":"String","DefaultValue":"","Description":"Gap X","List":""},{"Key":"GapY","DisplayName":"Gap Y","FieldType":"String","DefaultValue":"","Description":"Gap Y","List":""},{"Key":"SMGap","DisplayName":"SM Gap","FieldType":"String","DefaultValue":"","Description":"SM Gap","List":""},{"Key":"MDGap","DisplayName":"MD Gap","FieldType":"String","DefaultValue":"","Description":"MD Gap","List":""},{"Key":"LGGap","DisplayName":"LG Gap","FieldType":"String","DefaultValue":"","Description":"LG Gap","List":""},{"Key":"XLGap","DisplayName":"XL Gap","FieldType":"String","DefaultValue":"","Description":"XL Gap","List":""},{"Key":"GridCols","DisplayName":"Grid Cols","FieldType":"String","DefaultValue":"","Description":"Grid Cols","List":""},{"Key":"GridFlow","DisplayName":"Grid Flow","FieldType":"String","DefaultValue":"none","Description":"Grid Flow","List":"col|col-dense|dense|none|row|row-dense"},{"Key":"GridRows","DisplayName":"Grid Rows","FieldType":"String","DefaultValue":"","Description":"Grid Rows","List":""},{"Key":"ColSpan","DisplayName":"ColSpan","FieldType":"String","DefaultValue":"","Description":"Col Span","List":""},{"Key":"ColSpanXs","DisplayName":"XS ColSpan","FieldType":"String","DefaultValue":"","Description":"XS ColSpan","List":""},{"Key":"ColSpanSm","DisplayName":"SM ColSpan","FieldType":"String","DefaultValue":"","Description":"SM ColSpan","List":""},{"Key":"ColSpanMd","DisplayName":"MD ColSpan","FieldType":"String","DefaultValue":"","Description":"MD ColSpan","List":""},{"Key":"ColSpanLg","DisplayName":"LG ColSpan","FieldType":"String","DefaultValue":"","Description":"LG ColSpan","List":""},{"Key":"ColSpanXl","DisplayName":"XL ColSpan","FieldType":"String","DefaultValue":"","Description":"XL ColSpan","List":""},{"Key":"Height","DisplayName":"Height","FieldType":"String","DefaultValue":"","Description":"Height","List":""},{"Key":"Width","DisplayName":"Width","FieldType":"String","DefaultValue":"","Description":"Width","List":""},{"Key":"Rounded","DisplayName":"Rounded","FieldType":"String","DefaultValue":"none","Description":"Rounded","List":"none|rounded|2xl|3xl|full|lg|md|sm|xl|0"},{"Key":"RoundedBox","DisplayName":"Rounded Box","FieldType":"Boolean","DefaultValue":"False","Description":"Rounded Box","List":""},{"Key":"RowSpan","DisplayName":"Row Span","FieldType":"String","DefaultValue":"","Description":"Row Span","List":""},{"Key":"Shadow","DisplayName":"Shadow","FieldType":"String","DefaultValue":"none","Description":"Shadow","List":"2xl|inner|lg|md|none|shadow|sm|xl"},{"Key":"AlignContent","DisplayName":"Align Content","FieldType":"String","DefaultValue":"none","Description":"Align Content","List":"around|baseline|between|center|end|evenly|none|normal|start|stretch"},{"Key":"AlignItems","DisplayName":"Align Items","FieldType":"String","DefaultValue":"none","Description":"Align Items","List":"baseline|center|end|none|start|stretch"},{"Key":"AlignSelf","DisplayName":"Align Self","FieldType":"String","DefaultValue":"none","Description":"Align Self","List":"auto|baseline|center|end|none|start|stretch"},{"Key":"JustifyContent","DisplayName":"Justify Content","FieldType":"String","DefaultValue":"none","Description":"Justify Content","List":"around|baseline|between|center|end|evenly|none|normal|start|stretch"},{"Key":"JustifyItems","DisplayName":"Justify Items","FieldType":"String","DefaultValue":"none","Description":"Justify Items","List":"center|end|none|normal|start|stretch"},{"Key":"JustifySelf","DisplayName":"Justify Self","FieldType":"String","DefaultValue":"none","Description":"Justify Self","List":"auto|center|end|none|start|stretch"},{"Key":"PlaceContent","DisplayName":"Place Content","FieldType":"String","DefaultValue":"none","Description":"Place Content","List":"around|baseline|between|center|end|evenly|none|start|stretch"},{"Key":"PlaceItems","DisplayName":"Place Items","FieldType":"String","DefaultValue":"none","Description":"Place Items","List":"baseline|center|end|none|start|stretch"},{"Key":"PlaceSelf","DisplayName":"Place Self","FieldType":"String","DefaultValue":"none","Description":"Place Self","List":"auto|center|end|none|start|stretch"},{"Key":"Visible","DisplayName":"Visible","FieldType":"Boolean","DefaultValue":"True","Description":"If visible.","List":""},{"Key":"Enabled","DisplayName":"Enabled","FieldType":"Boolean","DefaultValue":"True","Description":"If enabled.","List":""},{"Key":"PositionStyle","DisplayName":"Position Style","FieldType":"String","DefaultValue":"none","Description":"Position","List":"absolute|fixed|none|relative|static|sticky"},{"Key":"Position","DisplayName":"Position Locations","FieldType":"String","DefaultValue":"t=?; b=?; r=?; l=?","Description":"Position Locations","List":""},{"Key":"RawBorderColor","DisplayName":"Border Colors","FieldType":"String","DefaultValue":"a=?; t=?; r=?; b=?; l=?; tl=?; tr=?; bl=?; br=?; x=?; y=?","Description":"Border Colors","List":""},{"Key":"RawBorderStyle","DisplayName":"Border Styles","FieldType":"String","DefaultValue":"a=?; t=?; r=?; b=?; l=?; tl=?; tr=?; bl=?; br=?; x=?; y=?","Description":"Border Styles","List":""},{"Key":"RawBorderWidth","DisplayName":"Border Widths","FieldType":"String","DefaultValue":"a=?; t=?; r=?; b=?; l=?; tl=?; tr=?; bl=?; br=?; x=?; y=?","Description":"Border Widths","List":""},{"Key":"RawBorderRadius","DisplayName":"Border Radius","FieldType":"String","DefaultValue":"a=?; t=?; r=?; b=?; l=?; tl=?; tr=?; bl=?; br=?; x=?; y=?","Description":"Border Radius","List":""},{"Key":"MarginAXYTBLR","DisplayName":"Margins","FieldType":"String","DefaultValue":"a=?; x=?; y=?; t=?; b=?; l=?; r=?","Description":"Margins A(all)-X(LR)-Y(TB)-T-B-L-R","List":""},{"Key":"PaddingAXYTBLR","DisplayName":"Paddings","FieldType":"String","DefaultValue":"a=?; x=?; y=?; t=?; b=?; l=?; r=?","Description":"Paddings A(all)-X(LR)-Y(TB)-T-B-L-R","List":""},{"Key":"RawClasses","DisplayName":"Classes (;)","FieldType":"String","DefaultValue":"","Description":"Classes added to the HTML tag.","List":""},{"Key":"RawStyles","DisplayName":"Styles (JSON)","FieldType":"String","DefaultValue":"","Description":"Styles added to the HTML tag. Must be a json String use = and ;","List":""},{"Key":"RawAttributes","DisplayName":"Attributes (JSON)","FieldType":"String","DefaultValue":"","Description":"Attributes added to the HTML tag. Must be a json String use = and ;","List":""}],"events":[],"methods":[{"name":"Class_Globals","signature":"Class_Globals"},{"name":"Initialize","signature":"Initialize (Callback As Object, Name As String, EventName As String)"},{"name":"getID","signature":"getID() As String"},{"name":"SetProperties","signature":"SetProperties(props As Map)"},{"name":"GetProperties","signature":"GetProperties As Map"},{"name":"AddComponent","signature":"AddComponent"},{"name":"Remove","signature":"Remove()"},{"name":"setParentID","signature":"setParentID(s As String)"},{"name":"getParentID","signature":"getParentID As String"},{"name":"getHere","signature":"getHere() As String"},{"name":"setVisible","signature":"setVisible(b As Boolean)"},{"name":"getVisible","signature":"getVisible As Boolean"},{"name":"setEnabled","signature":"setEnabled(b As Boolean)"},{"name":"getEnabled","signature":"getEnabled As Boolean"},{"name":"setPositionStyle","signature":"setPositionStyle(s As String)"},{"name":"getPositionStyle","signature":"getPositionStyle As String"},{"name":"setPosition","signature":"setPosition(s As String)"},{"name":"getPosition","signature":"getPosition As String"},{"name":"setAttributes","signature":"setAttributes(s As String)"},{"name":"setStyles","signature":"setStyles(s As String)"},{"name":"setClasses","signature":"setClasses(s As String)"},{"name":"setPaddingAXYTBLR","signature":"setPaddingAXYTBLR(s As String)"},{"name":"setMarginAXYTBLR","signature":"setMarginAXYTBLR(s As String)"},{"name":"setBorderColor","signature":"setBorderColor(s As String)"},{"name":"getBorderColor","signature":"getBorderColor As String"},{"name":"setBorderStyle","signature":"setBorderStyle(s As String)"},{"name":"getBorderStyle","signature":"getBorderStyle As String"},{"name":"setBorderWidth","signature":"setBorderWidth(s As String)"},{"name":"getBorderWidth","signature":"getBorderWidth As String"},{"name":"setBorderRadius","signature":"setBorderRadius(s As String)"},{"name":"getBorderRadius","signature":"getBorderRadius As String"},{"name":"getAttributes","signature":"getAttributes As String"},{"name":"getStyles","signature":"getStyles As String"},{"name":"getClasses","signature":"getClasses As String"},{"name":"getPaddingAXYTBLR","signature":"getPaddingAXYTBLR As String"},{"name":"getMarginAXYTBLR","signature":"getMarginAXYTBLR As String"},{"name":"setText","signature":"setText(text As String)"},{"name":"getText","signature":"getText As String"},{"name":"DesignerCreateView","signature":"DesignerCreateView (Target As BANanoElement, Props As Map)"},{"name":"setBackgroundImage","signature":"setBackgroundImage(s As String)"},{"name":"getBackgroundImage","signature":"getBackgroundImage As String"},{"name":"setLGGap","signature":"setLGGap(s As String)"},{"name":"setMDGap","signature":"setMDGap(s As String)"},{"name":"setSMGap","signature":"setSMGap(s As String)"},{"name":"setXLGap","signature":"setXLGap(s As String)"},{"name":"getLGGap","signature":"getLGGap As String"},{"name":"getMDGap","signature":"getMDGap As String"},{"name":"getSMGap","signature":"getSMGap As String"},{"name":"getXLGap","signature":"getXLGap As String"},{"name":"setGapX","signature":"setGapX(s As String)"},{"name":"getGapX","signature":"getGapX As String"},{"name":"setGapY","signature":"setGapY(s As String)"},{"name":"getGapY","signature":"getGapY As String"},{"name":"setAlignContent","signature":"setAlignContent(s As String)"},{"name":"setAlignItems","signature":"setAlignItems(s As String)"},{"name":"setAlignSelf","signature":"setAlignSelf(s As String)"},{"name":"setJustifyContent","signature":"setJustifyContent(s As String)"},{"name":"setJustifyItems","signature":"setJustifyItems(s As String)"},{"name":"setJustifySelf","signature":"setJustifySelf(s As String)"},{"name":"setPlaceContent","signature":"setPlaceContent(s As String)"},{"name":"setPlaceItems","signature":"setPlaceItems(s As String)"},{"name":"setPlaceSelf","signature":"setPlaceSelf(s As String)"},{"name":"getAlignContent","signature":"getAlignContent As String"},{"name":"getAlignItems","signature":"getAlignItems As String"},{"name":"getAlignSelf","signature":"getAlignSelf As String"},{"name":"getJustifyContent","signature":"getJustifyContent As String"},{"name":"getJustifyItems","signature":"getJustifyItems As String"},{"name":"getJustifySelf","signature":"getJustifySelf As String"},{"name":"getPlaceContent","signature":"getPlaceContent As String"},{"name":"getPlaceItems","signature":"getPlaceItems As String"},{"name":"getPlaceSelf","signature":"getPlaceSelf As String"},{"name":"setCenterChildren","signature":"setCenterChildren(b As Boolean)"},{"name":"getCenterChildren","signature":"getCenterChildren As Boolean"},{"name":"setBackgroundColor","signature":"setBackgroundColor(s As String)"},{"name":"setColSpan","signature":"setColSpan(s As String)"},{"name":"setColSpanLg","signature":"setColSpanLg(s As String)"},{"name":"setColSpanMd","signature":"setColSpanMd(s As String)"},{"name":"setColSpanSm","signature":"setColSpanSm(s As String)"},{"name":"setColSpanXl","signature":"setColSpanXl(s As String)"},{"name":"setColSpanXs","signature":"setColSpanXs(s As String)"},{"name":"setFlex","signature":"setFlex(s As String)"},{"name":"setFlexBasis","signature":"setFlexBasis(s As String)"},{"name":"setFlexDirection","signature":"setFlexDirection(s As String)"},{"name":"setFlexGrow","signature":"setFlexGrow(s As String)"},{"name":"setFlexShrink","signature":"setFlexShrink(s As String)"},{"name":"setFlexWrap","signature":"setFlexWrap(s As String)"},{"name":"setFlexbox","signature":"setFlexbox(b As Boolean)"},{"name":"setGap","signature":"setGap(s As String)"},{"name":"setGrid","signature":"setGrid(b As Boolean)"},{"name":"setGridCols","signature":"setGridCols(s As String)"},{"name":"setGridFlow","signature":"setGridFlow(s As String)"},{"name":"setGridRows","signature":"setGridRows(s As String)"},{"name":"setHeight","signature":"setHeight(s As String)"},{"name":"setRounded","signature":"setRounded(s As String)"},{"name":"setRoundedBox","signature":"setRoundedBox(b As Boolean)"},{"name":"setRowSpan","signature":"setRowSpan(s As String)"},{"name":"setShadow","signature":"setShadow(s As String)"},{"name":"setTextColor","signature":"setTextColor(s As String)"},{"name":"setWidth","signature":"setWidth(s As String)"},{"name":"getBackgroundColor","signature":"getBackgroundColor As String"},{"name":"getColSpan","signature":"getColSpan As String"},{"name":"getColSpanLg","signature":"getColSpanLg As String"},{"name":"getColSpanMd","signature":"getColSpanMd As String"},{"name":"getColSpanSm","signature":"getColSpanSm As String"},{"name":"getColSpanXl","signature":"getColSpanXl As String"},{"name":"getColSpanXs","signature":"getColSpanXs As String"},{"name":"getFlex","signature":"getFlex As String"},{"name":"getFlexBasis","signature":"getFlexBasis As String"},{"name":"getFlexDirection","signature":"getFlexDirection As String"},{"name":"getFlexGrow","signature":"getFlexGrow As String"},{"name":"getFlexShrink","signature":"getFlexShrink As String"},{"name":"getFlexWrap","signature":"getFlexWrap As String"},{"name":"getFlexbox","signature":"getFlexbox As Boolean"},{"name":"getGap","signature":"getGap As String"},{"name":"getGrid","signature":"getGrid As Boolean"},{"name":"getGridCols","signature":"getGridCols As String"},{"name":"getGridFlow","signature":"getGridFlow As String"},{"name":"getGridRows","signature":"getGridRows As String"},{"name":"getHeight","signature":"getHeight As String"},{"name":"getRounded","signature":"getRounded As String"},{"name":"getRoundedBox","signature":"getRoundedBox As Boolean"},{"name":"getRowSpan","signature":"getRowSpan As String"},{"name":"getShadow","signature":"getShadow As String"},{"name":"getTextColor","signature":"getTextColor As String"},{"name":"getWidth","signature":"getWidth As String"},{"name":"GetAttr","signature":"GetAttr(attr As String) As String"},{"name":"SetAttr","signature":"SetAttr(k As String, v As String)"},{"name":"setTextAlign","signature":"setTextAlign(s As String)"},{"name":"getTextAlign","signature":"getTextAlign As String"},{"name":"Clear","signature":"Clear"},{"name":"Append","signature":"Append(s As String)"}]}