{"name":"SDUI5Radio","properties":[{"Key":"ParentID","DisplayName":"ParentID","FieldType":"String","DefaultValue":"","Description":"The ParentID of this component","List":""},{"Key":"RadioType","DisplayName":"Radio Type","FieldType":"String","DefaultValue":"normal","Description":"Toggle Type","List":"legend|normal|left-label|right-label"},{"Key":"Legend","DisplayName":"Legend","FieldType":"String","DefaultValue":"Toggle","Description":"Legend","List":""},{"Key":"LegendColor","DisplayName":"Label Color","FieldType":"String","DefaultValue":"","Description":"Label Color","List":""},{"Key":"Label","DisplayName":"Label","FieldType":"String","DefaultValue":"Radio","Description":"Label","List":""},{"Key":"LabelColor","DisplayName":"Label Color","FieldType":"String","DefaultValue":"","Description":"Legend Color","List":""},{"Key":"Value","DisplayName":"Value","FieldType":"String","DefaultValue":"","Description":"Value","List":""},{"Key":"Color","DisplayName":"Color","FieldType":"String","DefaultValue":"none","Description":"Color","List":"accent|error|info|neutral|none|primary|secondary|success|warning"},{"Key":"Size","DisplayName":"Size","FieldType":"String","DefaultValue":"none","Description":"Size","List":"lg|md|none|sm|xl|xs"},{"Key":"AriaLabel","DisplayName":"Aria Label","FieldType":"String","DefaultValue":"","Description":"Aria Label","List":""},{"Key":"GroupName","DisplayName":"Group Name","FieldType":"String","DefaultValue":"","Description":"Group Name","List":""},{"Key":"BackgroundColor","DisplayName":"Background Color","FieldType":"String","DefaultValue":"","Description":"Background Color","List":""},{"Key":"Checked","DisplayName":"Checked","FieldType":"Boolean","DefaultValue":"False","Description":"Checked","List":""},{"Key":"CheckedColor","DisplayName":"Checked Color","FieldType":"String","DefaultValue":"","Description":"Checked Color","List":""},{"Key":"ThemeController","DisplayName":"Theme Controller","FieldType":"Boolean","DefaultValue":"False","Description":"Theme Controller","List":""},{"Key":"Hint","DisplayName":"Hint","FieldType":"String","DefaultValue":"","Description":"Hint","List":""},{"Key":"Visible","DisplayName":"Visible","FieldType":"Boolean","DefaultValue":"True","Description":"If visible.","List":""},{"Key":"Enabled","DisplayName":"Enabled","FieldType":"Boolean","DefaultValue":"True","Description":"If enabled.","List":""},{"Key":"PositionStyle","DisplayName":"Position Style","FieldType":"String","DefaultValue":"none","Description":"Position","List":"absolute|fixed|none|relative|static|sticky"},{"Key":"Position","DisplayName":"Position Locations","FieldType":"String","DefaultValue":"t=?; b=?; r=?; l=?","Description":"Position Locations","List":""},{"Key":"MarginAXYTBLR","DisplayName":"Margins","FieldType":"String","DefaultValue":"a=?; x=?; y=?; t=?; b=?; l=?; r=?","Description":"Margins A(all)-X(LR)-Y(TB)-T-B-L-R","List":""},{"Key":"PaddingAXYTBLR","DisplayName":"Paddings","FieldType":"String","DefaultValue":"a=?; x=?; y=?; t=?; b=?; l=?; r=?","Description":"Paddings A(all)-X(LR)-Y(TB)-T-B-L-R","List":""},{"Key":"RawClasses","DisplayName":"Classes (;)","FieldType":"String","DefaultValue":"","Description":"Classes added to the HTML tag.","List":""},{"Key":"RawStyles","DisplayName":"Styles (JSON)","FieldType":"String","DefaultValue":"","Description":"Styles added to the HTML tag. Must be a json String use = and ;","List":""},{"Key":"RawAttributes","DisplayName":"Attributes (JSON)","FieldType":"String","DefaultValue":"","Description":"Attributes added to the HTML tag. Must be a json String use = and ;","List":""}],"events":[{"name":"Change (Value As String)"}],"methods":[{"name":"Class_Globals","signature":"Class_Globals"},{"name":"Initialize","signature":"Initialize (Callback As Object, Name As String, EventName As String)"},{"name":"getID","signature":"getID() As String"},{"name":"SetProperties","signature":"SetProperties(props As Map)"},{"name":"GetProperties","signature":"GetProperties As Map"},{"name":"AddComponent","signature":"AddComponent"},{"name":"Remove","signature":"Remove()"},{"name":"setLegendColor\t\t\t\t","signature":"setLegendColor(s As String)\t\t\t\t"},{"name":"getLegendColor","signature":"getLegendColor As String"},{"name":"setParentID","signature":"setParentID(s As String)"},{"name":"getParentID","signature":"getParentID As String"},{"name":"getHere","signature":"getHere() As String"},{"name":"setVisible","signature":"setVisible(b As Boolean)"},{"name":"getVisible","signature":"getVisible As Boolean"},{"name":"setEnabled\t\t\t\t","signature":"setEnabled(b As Boolean)\t\t\t\t"},{"name":"getEnabled","signature":"getEnabled As Boolean"},{"name":"setPositionStyle","signature":"setPositionStyle(s As String)"},{"name":"getPositionStyle","signature":"getPositionStyle As String"},{"name":"setPosition","signature":"setPosition(s As String)"},{"name":"getPosition","signature":"getPosition As String"},{"name":"setAttributes","signature":"setAttributes(s As String)"},{"name":"setStyles","signature":"setStyles(s As String)"},{"name":"setClasses","signature":"setClasses(s As String)"},{"name":"setPaddingAXYTBLR","signature":"setPaddingAXYTBLR(s As String)"},{"name":"setMarginAXYTBLR","signature":"setMarginAXYTBLR(s As String)"},{"name":"getAttributes","signature":"getAttributes As String"},{"name":"getStyles","signature":"getStyles As String"},{"name":"getClasses","signature":"getClasses As String"},{"name":"getPaddingAXYTBLR","signature":"getPaddingAXYTBLR As String"},{"name":"getMarginAXYTBLR","signature":"getMarginAXYTBLR As String"},{"name":"DesignerCreateView","signature":"DesignerCreateView (Target As BANanoElement, Props As Map)"},{"name":"setThemeController\t\t\t","signature":"setThemeController(b As Boolean)\t\t\t"},{"name":"getThemeController","signature":"getThemeController As Boolean"},{"name":"setLabelColor\t\t\t","signature":"setLabelColor(s As String)\t\t\t"},{"name":"getLabelColor","signature":"getLabelColor As String"},{"name":"Focus","signature":"Focus"},{"name":"setRadioType","signature":"setRadioType(s As String)"},{"name":"getRadioType","signature":"getRadioType As String"},{"name":"setLegend","signature":"setLegend(s As String)"},{"name":"getLegend","signature":"getLegend As String"},{"name":"setAriaLabel\t\t\t\t\t","signature":"setAriaLabel(s As String)\t\t\t\t\t"},{"name":"setBackgroundColor\t\t\t\t","signature":"setBackgroundColor(s As String)\t\t\t\t"},{"name":"setChecked\t\t\t\t","signature":"setChecked(b As Boolean)\t\t\t\t"},{"name":"setCheckedColor\t\t\t\t","signature":"setCheckedColor(s As String)\t\t\t\t"},{"name":"setColor\t\t\t","signature":"setColor(s As String)\t\t\t"},{"name":"setGroupName\t\t\t","signature":"setGroupName(s As String)\t\t\t"},{"name":"setHint","signature":"setHint(s As String)"},{"name":"HintError\t\t\t","signature":"HintError(s As String)\t\t\t"},{"name":"setLabel","signature":"setLabel(s As String)"},{"name":"setSize\t\t\t\t","signature":"setSize(s As String)\t\t\t\t"},{"name":"setValue\t\t\t\t","signature":"setValue(s As String)\t\t\t\t"},{"name":"getAriaLabel","signature":"getAriaLabel As String"},{"name":"getBackgroundColor","signature":"getBackgroundColor As String"},{"name":"getChecked","signature":"getChecked As Boolean"},{"name":"getCheckedColor","signature":"getCheckedColor As String"},{"name":"getColor","signature":"getColor As String"},{"name":"getGroupName","signature":"getGroupName As String"},{"name":"getHint","signature":"getHint As String"},{"name":"getLabel","signature":"getLabel As String"},{"name":"getValue","signature":"getValue As String"}]}