{"name":"SDUI5Indicator","properties":[{"Key":"ParentID","DisplayName":"ParentID","FieldType":"String","DefaultValue":"","Description":"The ParentID of this component","List":""},{"Key":"TypeOf","DisplayName":"Type Of","FieldType":"String","DefaultValue":"badge","Description":"Type Of","List":"badge|status|text"},{"Key":"Text","DisplayName":"Text","FieldType":"String","DefaultValue":"Text","Description":"Text","List":""},{"Key":"BackgroundColor","DisplayName":"Background Color","FieldType":"String","DefaultValue":"","Description":"Background Color","List":""},{"Key":"Color","DisplayName":"Color","FieldType":"String","DefaultValue":"none","Description":"Color","List":"accent|error|info|neutral|none|primary|secondary|success|warning"},{"Key":"Position","DisplayName":"Position","FieldType":"String","DefaultValue":"top-start","Description":"Indicator Position","List":"bottom-center|middle-center|bottom-end|bottom-start|middle-end|middle-start|top-center|top-end|top-start"},{"Key":"Size","DisplayName":"Size","FieldType":"String","DefaultValue":"none","Description":"Indicator Size","List":"lg|md|none|sm|xl|xs"},{"Key":"Visible","DisplayName":"Visible","FieldType":"Boolean","DefaultValue":"True","Description":"If visible.","List":""},{"Key":"Enabled","DisplayName":"Enabled","FieldType":"Boolean","DefaultValue":"True","Description":"If enabled.","List":""}],"events":[],"methods":[{"name":"Class_Globals","signature":"Class_Globals"},{"name":"Initialize","signature":"Initialize (Callback As Object, Name As String, EventName As String)"},{"name":"getID","signature":"getID() As String"},{"name":"SetProperties","signature":"SetProperties(props As Map)"},{"name":"GetProperties","signature":"GetProperties As Map"},{"name":"AddComponent","signature":"AddComponent"},{"name":"Remove","signature":"Remove()"},{"name":"setParentID","signature":"setParentID(s As String)"},{"name":"getParentID","signature":"getParentID As String"},{"name":"getHere","signature":"getHere() As String"},{"name":"setVisible","signature":"setVisible(b As Boolean)"},{"name":"getVisible","signature":"getVisible As Boolean"},{"name":"setEnabled","signature":"setEnabled(b As Boolean)"},{"name":"getEnabled","signature":"getEnabled As Boolean"},{"name":"setText\t\t\t\t","signature":"setText(text As String)\t\t\t\t"},{"name":"getText","signature":"getText As String"},{"name":"DesignerCreateView","signature":"DesignerCreateView (Target As BANanoElement, Props As Map)"},{"name":"setPosition\t\t\t\t\t","signature":"setPosition(s As String)\t\t\t\t\t"},{"name":"getPosition","signature":"getPosition As String"},{"name":"setBackgroundColor\t\t\t","signature":"setBackgroundColor(s As String)\t\t\t"},{"name":"setColor\t\t\t\t","signature":"setColor(s As String)\t\t\t\t"},{"name":"setIndicatorSize\t\t\t","signature":"setIndicatorSize(s As String)\t\t\t"},{"name":"setTypeOf\t\t\t\t","signature":"setTypeOf(s As String)\t\t\t\t"},{"name":"getBackgroundColor","signature":"getBackgroundColor As String"},{"name":"getColor","signature":"getColor As String"},{"name":"getIndicatorSize","signature":"getIndicatorSize As String"},{"name":"getTypeOf","signature":"getTypeOf As String"}]}