{"name":"SDUI5Range","properties":[{"Key":"ParentID","DisplayName":"ParentID","FieldType":"String","DefaultValue":"","Description":"The ParentID of this component","List":""},{"Key":"RangeType","DisplayName":"Range Type","FieldType":"String","DefaultValue":"normal","Description":"Range Type","List":"legend|normal|tooltip"},{"Key":"Label","DisplayName":"Label","FieldType":"String","DefaultValue":"Range","Description":"Label","List":""},{"Key":"LegendColor","DisplayName":"Label Color","FieldType":"String","DefaultValue":"","Description":"Label Color","List":""},{"Key":"Value","DisplayName":"Value","FieldType":"String","DefaultValue":"10","Description":"Value","List":""},{"Key":"MinValue","DisplayName":"Min Value","FieldType":"String","DefaultValue":"0","Description":"Min Value","List":""},{"Key":"StepValue","DisplayName":"Step Value","FieldType":"String","DefaultValue":"1","Description":"Step Value","List":""},{"Key":"MaxValue","DisplayName":"Max Value","FieldType":"String","DefaultValue":"100","Description":"Max Value","List":""},{"Key":"Measure","DisplayName":"Measure","FieldType":"Boolean","DefaultValue":"False","Description":"Measure","List":""},{"Key":"Color","DisplayName":"Color","FieldType":"String","DefaultValue":"none","Description":"Color","List":"accent|error|info|neutral|none|primary|secondary|success|warning"},{"Key":"TextColor","DisplayName":"Text Color","FieldType":"String","DefaultValue":"","Description":"Text Color","List":""},{"Key":"ThumbColor","DisplayName":"Thumb Color","FieldType":"String","DefaultValue":"","Description":"Thumb Color","List":""},{"Key":"RangeBackgroundColor","DisplayName":"Range Background Color","FieldType":"String","DefaultValue":"","Description":"Range Background Color","List":""},{"Key":"Height","DisplayName":"Height","FieldType":"String","DefaultValue":"","Description":"Height","List":""},{"Key":"Width","DisplayName":"Width","FieldType":"String","DefaultValue":"full","Description":"Width","List":""},{"Key":"Size","DisplayName":"Size","FieldType":"String","DefaultValue":"none","Description":"Size","List":"lg|md|none|sm|xl|xs"},{"Key":"Hint","DisplayName":"Hint","FieldType":"String","DefaultValue":"","Description":"Hint","List":""},{"Key":"BackgroundColor","DisplayName":"Background Color","FieldType":"String","DefaultValue":"base-200","Description":"Background Color","List":""},{"Key":"Border","DisplayName":"Border","FieldType":"Boolean","DefaultValue":"True","Description":"Border","List":""},{"Key":"BorderColor","DisplayName":"Border Color","FieldType":"String","DefaultValue":"base-300","Description":"Border Color","List":""},{"Key":"RoundedBox","DisplayName":"Rounded Box","FieldType":"Boolean","DefaultValue":"False","Description":"Rounded Box","List":""},{"Key":"Shadow","DisplayName":"Shadow","FieldType":"String","DefaultValue":"none","Description":"Shadow","List":"2xl|inner|lg|md|none|shadow|sm|xl"},{"Key":"Visible","DisplayName":"Visible","FieldType":"Boolean","DefaultValue":"True","Description":"If visible.","List":""},{"Key":"Enabled","DisplayName":"Enabled","FieldType":"Boolean","DefaultValue":"True","Description":"If enabled.","List":""},{"Key":"PositionStyle","DisplayName":"Position Style","FieldType":"String","DefaultValue":"none","Description":"Position","List":"absolute|fixed|none|relative|static|sticky"},{"Key":"Position","DisplayName":"Position Locations","FieldType":"String","DefaultValue":"t=?; b=?; r=?; l=?","Description":"Position Locations","List":""},{"Key":"MarginAXYTBLR","DisplayName":"Margins","FieldType":"String","DefaultValue":"a=?; x=?; y=?; t=?; b=?; l=?; r=?","Description":"Margins A(all)-X(LR)-Y(TB)-T-B-L-R","List":""},{"Key":"PaddingAXYTBLR","DisplayName":"Paddings","FieldType":"String","DefaultValue":"a=?; x=?; y=?; t=?; b=?; l=?; r=?","Description":"Paddings A(all)-X(LR)-Y(TB)-T-B-L-R","List":""},{"Key":"RawClasses","DisplayName":"Classes (;)","FieldType":"String","DefaultValue":"","Description":"Classes added to the HTML tag.","List":""},{"Key":"RawStyles","DisplayName":"Styles (JSON)","FieldType":"String","DefaultValue":"","Description":"Styles added to the HTML tag. Must be a json String use = and ;","List":""},{"Key":"RawAttributes","DisplayName":"Attributes (JSON)","FieldType":"String","DefaultValue":"","Description":"Attributes added to the HTML tag. Must be a json String use = and ;","List":""}],"events":[{"name":"Change (Value As String)"}],"methods":[{"name":"Class_Globals","signature":"Class_Globals"},{"name":"Initialize","signature":"Initialize (Callback As Object, Name As String, EventName As String)"},{"name":"getID","signature":"getID() As String"},{"name":"SetProperties","signature":"SetProperties(props As Map)"},{"name":"GetProperties","signature":"GetProperties As Map"},{"name":"AddComponent","signature":"AddComponent"},{"name":"Remove","signature":"Remove()"},{"name":"setParentID","signature":"setParentID(s As String)"},{"name":"getParentID","signature":"getParentID As String"},{"name":"getHere","signature":"getHere() As String"},{"name":"setVisible","signature":"setVisible(b As Boolean)"},{"name":"setLegendColor\t\t\t\t\t","signature":"setLegendColor(s As String)\t\t\t\t\t"},{"name":"getLegendColor","signature":"getLegendColor As String"},{"name":"getVisible","signature":"getVisible As Boolean"},{"name":"setEnabled\t\t\t","signature":"setEnabled(b As Boolean)\t\t\t"},{"name":"getEnabled","signature":"getEnabled As Boolean"},{"name":"setPositionStyle","signature":"setPositionStyle(s As String)"},{"name":"getPositionStyle","signature":"getPositionStyle As String"},{"name":"setPosition","signature":"setPosition(s As String)"},{"name":"getPosition","signature":"getPosition As String"},{"name":"setAttributes","signature":"setAttributes(s As String)"},{"name":"setStyles","signature":"setStyles(s As String)"},{"name":"setClasses","signature":"setClasses(s As String)"},{"name":"setPaddingAXYTBLR","signature":"setPaddingAXYTBLR(s As String)"},{"name":"setMarginAXYTBLR","signature":"setMarginAXYTBLR(s As String)"},{"name":"getAttributes","signature":"getAttributes As String"},{"name":"getStyles","signature":"getStyles As String"},{"name":"getClasses","signature":"getClasses As String"},{"name":"getPaddingAXYTBLR","signature":"getPaddingAXYTBLR As String"},{"name":"getMarginAXYTBLR","signature":"getMarginAXYTBLR As String"},{"name":"DesignerCreateView","signature":"DesignerCreateView (Target As BANanoElement, Props As Map)"},{"name":"Focus","signature":"Focus"},{"name":"setBackgroundColor\t\t\t","signature":"setBackgroundColor(s As String)\t\t\t"},{"name":"setBorder\t\t\t\t","signature":"setBorder(b As Boolean)\t\t\t\t"},{"name":"setBorderColor\t\t\t","signature":"setBorderColor(s As String)\t\t\t"},{"name":"setRoundedBox\t\t\t","signature":"setRoundedBox(b As Boolean)\t\t\t"},{"name":"setShadow\t\t\t\t\t","signature":"setShadow(s As String)\t\t\t\t\t"},{"name":"getBackgroundColor","signature":"getBackgroundColor As String"},{"name":"getBorder","signature":"getBorder As Boolean"},{"name":"getBorderColor","signature":"getBorderColor As String"},{"name":"getRoundedBox","signature":"getRoundedBox As Boolean"},{"name":"getShadow","signature":"getShadow As String"},{"name":"setWidth\t\t\t","signature":"setWidth(s As String)\t\t\t"},{"name":"getWidth","signature":"getWidth As String"},{"name":"setHeight\t\t\t","signature":"setHeight(s As String)\t\t\t"},{"name":"getHeight","signature":"getHeight As String"},{"name":"setRangeType","signature":"setRangeType(s As String)"},{"name":"getRangeType","signature":"getRangeType As String"},{"name":"SetEndValue","signature":"SetEndValue(s As String)"},{"name":"SetShowStartEnd","signature":"SetShowStartEnd(b As Boolean)"},{"name":"SetStartValue","signature":"SetStartValue(s As String)"},{"name":"SetTooltip","signature":"SetTooltip(s As String)"},{"name":"SetTooltipVisible","signature":"SetTooltipVisible(b As Boolean)"},{"name":"setRangeBackgroundColor\t\t\t\t","signature":"setRangeBackgroundColor(s As String)\t\t\t\t"},{"name":"setColor\t\t\t","signature":"setColor(s As String)\t\t\t"},{"name":"setHint","signature":"setHint(s As String)"},{"name":"HintError\t\t\t","signature":"HintError(s As String)\t\t\t"},{"name":"setLabel","signature":"setLabel(s As String)"},{"name":"setMaxValue\t\t\t","signature":"setMaxValue(s As String)\t\t\t"},{"name":"setMeasure","signature":"setMeasure(b As Boolean)"},{"name":"setMinValue\t\t\t\t","signature":"setMinValue(s As String)\t\t\t\t"},{"name":"setSize\t\t\t","signature":"setSize(s As String)\t\t\t"},{"name":"setStepValue\t\t\t","signature":"setStepValue(s As String)\t\t\t"},{"name":"setTextColor","signature":"setTextColor(s As String)"},{"name":"setThumbColor","signature":"setThumbColor(s As String)"},{"name":"setValue\t\t\t\t","signature":"setValue(s As String)\t\t\t\t"},{"name":"getRangeBackgroundColor","signature":"getRangeBackgroundColor As String"},{"name":"getColor","signature":"getColor As String"},{"name":"getHint","signature":"getHint As String"},{"name":"getLabel","signature":"getLabel As String"},{"name":"getMaxValue","signature":"getMaxValue As String"},{"name":"getMeasure","signature":"getMeasure As Boolean"},{"name":"getMinValue","signature":"getMinValue As String"},{"name":"getSize","signature":"getSize As String"},{"name":"getStepValue","signature":"getStepValue As String"},{"name":"getTextColor","signature":"getTextColor As String"},{"name":"getThumbColor","signature":"getThumbColor As String"},{"name":"getValue","signature":"getValue As String"},{"name":"IsBlank","signature":"IsBlank As Boolean"},{"name":"ResetValidation","signature":"ResetValidation"}]}