{"name":"SDUI5TreeSpider","properties":[{"Key":"ParentID","DisplayName":"ParentID","FieldType":"String","DefaultValue":"","Description":"The ParentID of this component","List":""},{"Key":"AnimationRotationInterval","DisplayName":"Animation Rotation Interval","FieldType":"Int","DefaultValue":"1","Description":"Animation Rotation Interval","List":""},{"Key":"AnimationRotationSpeed","DisplayName":"Animation Rotation Speed","FieldType":"Int","DefaultValue":"10","Description":"Animation Rotation Speed","List":""},{"Key":"AutoInitialize","DisplayName":"Auto Initialize","FieldType":"Boolean","DefaultValue":"True","Description":"Auto Initialize","List":""},{"Key":"AutoSetChartHeadBg","DisplayName":"Auto Set Chart Head Bg","FieldType":"Boolean","DefaultValue":"False","Description":"Auto Set Chart Head Bg","List":""},{"Key":"BackgroundPattern","DisplayName":"Background Pattern","FieldType":"String","DefaultValue":"default","Description":"Background Pattern","List":"blurry|chaos|default|flurry|flux|gyrrate|leaves|none|quad|replicate|scribble|spiral|spot|squiggly|whirling"},{"Key":"ChartHeadType","DisplayName":"Chart Head Type","FieldType":"String","DefaultValue":"default","Description":"Chart Head Type","List":"default|landscape|rounded"},{"Key":"ChartHeadBg","DisplayName":"Chart Head Bg","FieldType":"String","DefaultValue":"#ffffff","Description":"Chart Head Bg","List":""},{"Key":"HeadImageShape","DisplayName":"Head Image Shape","FieldType":"String","DefaultValue":"symbolCircle","Description":"Head Image Shape","List":"symbolCircle|symbolCross|symbolDiamond|symbolDiamond2|symbolSquare|symbolSquare2|symbolStar|symbolTriangle|symbolTriangle2|symbolWye"},{"Key":"HeadLinkerThumbCircleRadius","DisplayName":"Head Linker Thumb Circle Radius","FieldType":"Int","DefaultValue":"8","Description":"Head Linker Thumb Circle Radius","List":""},{"Key":"LinkerThumbShape","DisplayName":"Linker Thumb Shape","FieldType":"String","DefaultValue":"symbolCircle","Description":"Linker Thumb Shape","List":"symbolAsterisk|symbolCircle|symbolCross|symbolDiamond|symbolDiamond2|symbolPlus|symbolSquare|symbolSquare2|symbolStar|symbolTriangle|symbolTriangle2|symbolWye|symbolX"},{"Key":"ShowChartHeadBorder","DisplayName":"Show Chart Head Border","FieldType":"Boolean","DefaultValue":"True","Description":"Show Chart Head Border","List":""},{"Key":"ShowTools","DisplayName":"Show Tools","FieldType":"Boolean","DefaultValue":"True","Description":"Show Tools","List":""},{"Key":"TreeType","DisplayName":"Tree Type","FieldType":"String","DefaultValue":"default","Description":"Tree Type","List":"cellar|default|goldenRod|hSpider|hSpiderWalk|radialSpiderLeg|vSpiderWalk"},{"Key":"TreeLinkType","DisplayName":"Tree Link Type","FieldType":"String","DefaultValue":"none","Description":"Tree Link Type","List":"curveBasisClosed|curveBumpX|curveBumpY|curveLinear|curveStep|curveStepAfter|curveStepBefore|none"},{"Key":"VerticalSpace","DisplayName":"Vertical Space","FieldType":"String","DefaultValue":"120px","Description":"Vertical Space","List":""},{"Key":"Width","DisplayName":"Width","FieldType":"String","DefaultValue":"900px","Description":"Width","List":""},{"Key":"Height","DisplayName":"Height","FieldType":"String","DefaultValue":"500px","Description":"Height","List":""},{"Key":"ZoomInDistance","DisplayName":"Zoom In Distance","FieldType":"String","DefaultValue":"1.5","Description":"Zoom In Distance","List":""},{"Key":"ZoomOutDistance","DisplayName":"Zoom Out Distance","FieldType":"String","DefaultValue":"0.5","Description":"Zoom Out Distance","List":""},{"Key":"Visible","DisplayName":"Visible","FieldType":"Boolean","DefaultValue":"True","Description":"If visible.","List":""},{"Key":"Enabled","DisplayName":"Enabled","FieldType":"Boolean","DefaultValue":"True","Description":"If enabled.","List":""},{"Key":"PositionStyle","DisplayName":"Position Style","FieldType":"String","DefaultValue":"none","Description":"Position","List":"absolute|fixed|none|relative|static|sticky"},{"Key":"Position","DisplayName":"Position Locations","FieldType":"String","DefaultValue":"t=?; b=?; r=?; l=?","Description":"Position Locations","List":""},{"Key":"MarginAXYTBLR","DisplayName":"Margins","FieldType":"String","DefaultValue":"a=?; x=?; y=?; t=?; b=?; l=?; r=?","Description":"Margins A(all)-X(LR)-Y(TB)-T-B-L-R","List":""},{"Key":"PaddingAXYTBLR","DisplayName":"Paddings","FieldType":"String","DefaultValue":"a=?; x=?; y=?; t=?; b=?; l=?; r=?","Description":"Paddings A(all)-X(LR)-Y(TB)-T-B-L-R","List":""},{"Key":"RawClasses","DisplayName":"Classes (;)","FieldType":"String","DefaultValue":"","Description":"Classes added to the HTML tag.","List":""},{"Key":"RawStyles","DisplayName":"Styles (JSON)","FieldType":"String","DefaultValue":"","Description":"Styles added to the HTML tag. Must be a json String use = and ;","List":""},{"Key":"RawAttributes","DisplayName":"Attributes (JSON)","FieldType":"String","DefaultValue":"","Description":"Attributes added to the HTML tag. Must be a json String use = and ;","List":""}],"events":[],"methods":[{"name":"Class_Globals","signature":"Class_Globals"},{"name":"Initialize","signature":"Initialize (Callback As Object, Name As String, EventName As String)"},{"name":"getID","signature":"getID() As String"},{"name":"SetProperties","signature":"SetProperties(props As Map)"},{"name":"GetProperties","signature":"GetProperties As Map"},{"name":"AddComponent","signature":"AddComponent"},{"name":"Remove","signature":"Remove()"},{"name":"setParentID","signature":"setParentID(s As String)"},{"name":"getParentID","signature":"getParentID As String"},{"name":"getHere","signature":"getHere() As String"},{"name":"setVisible","signature":"setVisible(b As Boolean)"},{"name":"getVisible","signature":"getVisible As Boolean"},{"name":"setEnabled","signature":"setEnabled(b As Boolean)"},{"name":"getEnabled","signature":"getEnabled As Boolean"},{"name":"OnEvent","signature":"OnEvent(event As String, methodName As String)"},{"name":"setPositionStyle","signature":"setPositionStyle(s As String)"},{"name":"getPositionStyle","signature":"getPositionStyle As String"},{"name":"setPosition","signature":"setPosition(s As String)"},{"name":"getPosition","signature":"getPosition As String"},{"name":"setAttributes","signature":"setAttributes(s As String)"},{"name":"setStyles","signature":"setStyles(s As String)"},{"name":"setClasses","signature":"setClasses(s As String)"},{"name":"setPaddingAXYTBLR","signature":"setPaddingAXYTBLR(s As String)"},{"name":"setMarginAXYTBLR","signature":"setMarginAXYTBLR(s As String)"},{"name":"getAttributes","signature":"getAttributes As String"},{"name":"getStyles","signature":"getStyles As String"},{"name":"getClasses","signature":"getClasses As String"},{"name":"getPaddingAXYTBLR","signature":"getPaddingAXYTBLR As String"},{"name":"getMarginAXYTBLR","signature":"getMarginAXYTBLR As String"},{"name":"DesignerCreateView","signature":"DesignerCreateView (Target As BANanoElement, Props As Map)"},{"name":"Clear","signature":"Clear"},{"name":"AddItem","signature":"AddItem(parentID As String, id As String, name As String, role As String, location As String, image As String)"},{"name":"Refresh","signature":"Refresh"},{"name":"setAnimationRotationInterval","signature":"setAnimationRotationInterval(i As Int)"},{"name":"setAnimationRotationSpeed","signature":"setAnimationRotationSpeed(i As Int)"},{"name":"setAutoInitialize","signature":"setAutoInitialize(b As Boolean)"},{"name":"setAutoSetChartHeadBg","signature":"setAutoSetChartHeadBg(b As Boolean)"},{"name":"setBackgroundPattern","signature":"setBackgroundPattern(s As String)"},{"name":"setChartHeadType","signature":"setChartHeadType(s As String)"},{"name":"setChartHeadBg","signature":"setChartHeadBg(s As String)"},{"name":"setHeadImageShape","signature":"setHeadImageShape(s As String)"},{"name":"setHeadLinkerThumbCircleRadius","signature":"setHeadLinkerThumbCircleRadius(i As Int)"},{"name":"setHeight","signature":"setHeight(s As String)"},{"name":"setLinkerThumbShape","signature":"setLinkerThumbShape(s As String)"},{"name":"setShowChartHeadBorder","signature":"setShowChartHeadBorder(b As Boolean)"},{"name":"setShowTools","signature":"setShowTools(b As Boolean)"},{"name":"setTreeType","signature":"setTreeType(s As String)"},{"name":"setTreeLinkType","signature":"setTreeLinkType(s As String)"},{"name":"setVerticalSpace","signature":"setVerticalSpace(s As String)"},{"name":"setWidth","signature":"setWidth(s As String)"},{"name":"setZoomInDistance","signature":"setZoomInDistance(d As Double)"},{"name":"setZoomOutDistance","signature":"setZoomOutDistance(d As Double)"},{"name":"getAnimationRotationInterval","signature":"getAnimationRotationInterval As Int"},{"name":"getAnimationRotationSpeed","signature":"getAnimationRotationSpeed As Int"},{"name":"getAutoInitialize","signature":"getAutoInitialize As Boolean"},{"name":"getAutoSetChartHeadBg","signature":"getAutoSetChartHeadBg As Boolean"},{"name":"getBackgroundPattern","signature":"getBackgroundPattern As String"},{"name":"getChartHeadType","signature":"getChartHeadType As String"},{"name":"getChartHeadBg","signature":"getChartHeadBg As String"},{"name":"getHeadImageShape","signature":"getHeadImageShape As String"},{"name":"getHeadLinkerThumbCircleRadius","signature":"getHeadLinkerThumbCircleRadius As Int"},{"name":"getHeight","signature":"getHeight As String"},{"name":"getLinkerThumbShape","signature":"getLinkerThumbShape As String"},{"name":"getShowChartHeadBorder","signature":"getShowChartHeadBorder As Boolean"},{"name":"getShowTools","signature":"getShowTools As Boolean"},{"name":"getTreeType","signature":"getTreeType As String"},{"name":"getTreeLinkType","signature":"getTreeLinkType As String"},{"name":"getVerticalSpace","signature":"getVerticalSpace As String"},{"name":"getWidth","signature":"getWidth As String"},{"name":"getZoomInDistance","signature":"getZoomInDistance As Double"},{"name":"getZoomOutDistance","signature":"getZoomOutDistance As Double"}]}