{"name":"SDUI5ApexChart","properties":[{"Key":"ParentID","DisplayName":"Parent ID","FieldType":"String","DefaultValue":"","Description":"Parent ID","List":""},{"Key":"TypeOf","DisplayName":"Chart Type","FieldType":"String","DefaultValue":"bar","Description":"Chart type (bar","line":"line","pie":"pie","etc.)":"etc.)","List":"area|bar|column|donut|line|pie|polarArea|radar|radialBar|rangeArea|scatter"},{"Key":"Title","DisplayName":"Title","FieldType":"String","DefaultValue":"","Description":"Chart title","List":""},{"Key":"TitleFontSize","DisplayName":"Title Font Size","FieldType":"String","DefaultValue":"14px","Description":"Title font size","List":""},{"Key":"Subtitle","DisplayName":"Subtitle","FieldType":"String","DefaultValue":"","Description":"Chart subtitle","List":""},{"Key":"SubtitleFontSize","DisplayName":"Subtitle Font Size","FieldType":"String","DefaultValue":"12px","Description":"Subtitle font size","List":""},{"Key":"Width","DisplayName":"Width","FieldType":"String","DefaultValue":"100%","Description":"Chart width","List":""},{"Key":"Height","DisplayName":"Height","FieldType":"String","DefaultValue":"350px","Description":"Chart height","List":""},{"Key":"BarLabels","DisplayName":"Bar Labels","FieldType":"Boolean","DefaultValue":"False","Description":"Show bar labels","List":""},{"Key":"BorderRadius","DisplayName":"Border Radius","FieldType":"Int","DefaultValue":"4","Description":"Border radius","List":""},{"Key":"ColumnWidth","DisplayName":"Column Width","FieldType":"String","DefaultValue":"70%","Description":"Column width","List":""},{"Key":"Curve","DisplayName":"Curve","FieldType":"String","DefaultValue":"smooth","Description":"Line curve","List":"smooth|straight|stepline"},{"Key":"DashedRadial","DisplayName":"Dashed Radial","FieldType":"Boolean","DefaultValue":"False","Description":"Dashed radial bars","List":""},{"Key":"DataLabelOrientation","DisplayName":"Data Label Orientation","FieldType":"String","DefaultValue":"horizontal","Description":"Data label orientation","List":"vertical|horizontal"},{"Key":"DataLabelPosition","DisplayName":"Data Label Position","FieldType":"String","DefaultValue":"center","Description":"Data label position","List":"top|center|bottom"},{"Key":"DonutShowTotal","DisplayName":"Donut Show Total","FieldType":"Boolean","DefaultValue":"True","Description":"Show total in donut","List":""},{"Key":"EndAngle","DisplayName":"End Angle","FieldType":"Int","DefaultValue":"360","Description":"End angle","List":""},{"Key":"Gradient","DisplayName":"Gradient","FieldType":"Boolean","DefaultValue":"True","Description":"Enable gradient","List":""},{"Key":"GridShow","DisplayName":"Grid Show","FieldType":"Boolean","DefaultValue":"True","Description":"Show grid","List":""},{"Key":"HollowSize","DisplayName":"Hollow Size","FieldType":"String","DefaultValue":"50%","Description":"Hollow size for donut/pie","List":""},{"Key":"LegendPosition","DisplayName":"Legend Position","FieldType":"String","DefaultValue":"bottom","Description":"Legend position","List":"bottom|top|left|right"},{"Key":"LegendVisible","DisplayName":"Legend Visible","FieldType":"Boolean","DefaultValue":"True","Description":"Legend visible","List":""},{"Key":"LineWidth","DisplayName":"Line Width","FieldType":"Int","DefaultValue":"2","Description":"Line width","List":""},{"Key":"MarkerSize","DisplayName":"Marker Size","FieldType":"Int","DefaultValue":"6","Description":"Marker size","List":""},{"Key":"Realtime","DisplayName":"Realtime","FieldType":"Boolean","DefaultValue":"False","Description":"Enable realtime updates","List":""},{"Key":"ShowDataLabels","DisplayName":"Show Data Labels","FieldType":"Boolean","DefaultValue":"False","Description":"Show data labels","List":""},{"Key":"ShowLegend","DisplayName":"Show Legend","FieldType":"Boolean","DefaultValue":"True","Description":"Show legend","List":""},{"Key":"ShowToolbar","DisplayName":"Show Toolbar","FieldType":"Boolean","DefaultValue":"True","Description":"Show toolbar","List":""},{"Key":"Sparkline","DisplayName":"Sparkline","FieldType":"Boolean","DefaultValue":"False","Description":"Enable sparkline","List":""},{"Key":"Stacked","DisplayName":"Stacked","FieldType":"Boolean","DefaultValue":"False","Description":"Enable stacking","List":""},{"Key":"StartAngle","DisplayName":"Start Angle","FieldType":"Int","DefaultValue":"0","Description":"Start angle","List":""},{"Key":"Theme","DisplayName":"Theme","FieldType":"String","DefaultValue":"","Description":"Chart theme","List":""},{"Key":"TooltipEnabled","DisplayName":"Tooltip Enabled","FieldType":"Boolean","DefaultValue":"True","Description":"Enable tooltip","List":""},{"Key":"TrackWidth","DisplayName":"Track Width","FieldType":"String","DefaultValue":"97%","Description":"Track width for radial","List":""},{"Key":"XAxisTitle","DisplayName":"X-Axis Title","FieldType":"String","DefaultValue":"","Description":"X-axis title","List":""},{"Key":"XAxisLabelRotate","DisplayName":"X-Axis Label Rotate","FieldType":"Int","DefaultValue":"0","Description":"X-axis label rotation","List":""},{"Key":"XAxisLabelRotateOffsetY","DisplayName":"X-Axis Label Rotate Offset Y","FieldType":"Int","DefaultValue":"25","Description":"X-axis label rotate offset Y","List":""},{"Key":"XAxisOffsetY","DisplayName":"X-Axis Offset Y","FieldType":"Int","DefaultValue":"2","Description":"X-axis offset Y","List":""},{"Key":"XAxisOutputFormat","DisplayName":"X-Axis Output Format","FieldType":"String","DefaultValue":"normal","Description":"X-axis output format","List":"normal|money|thousand|date|datetime|time"},{"Key":"YAxisTitle","DisplayName":"Y-Axis Title","FieldType":"String","DefaultValue":"","Description":"Y-axis title","List":""},{"Key":"YAxisOutputFormat","DisplayName":"Y-Axis Output Format","FieldType":"String","DefaultValue":"normal","Description":"Y-axis output format","List":"normal|money|thousand|date|datetime|time"},{"Key":"Rounded","DisplayName":"Rounded","FieldType":"String","DefaultValue":"lg","Description":"Rounded","List":"0|2xl|3xl|full|lg|md|none|rounded|sm|xl"},{"Key":"RoundedBox","DisplayName":"Rounded Box","FieldType":"Boolean","DefaultValue":"False","Description":"Rounded Box","List":""},{"Key":"Shadow","DisplayName":"Shadow","FieldType":"String","DefaultValue":"lg","Description":"Shadow","List":"2xl|inner|lg|md|none|shadow|sm|xl"},{"Key":"Visible","DisplayName":"Visible","FieldType":"Boolean","DefaultValue":"True","Description":"If visible.","List":""},{"Key":"Enabled","DisplayName":"Enabled","FieldType":"Boolean","DefaultValue":"True","Description":"If enabled.","List":""},{"Key":"PositionStyle","DisplayName":"Position Style","FieldType":"String","DefaultValue":"none","Description":"Position","List":"absolute|fixed|none|relative|static|sticky"},{"Key":"Position","DisplayName":"Position Locations","FieldType":"String","DefaultValue":"t=?; b=?; r=?; l=?","Description":"Position Locations","List":""},{"Key":"MarginAXYTBLR","DisplayName":"Margins","FieldType":"String","DefaultValue":"a=?; x=?; y=?; t=?; b=?; l=?; r=?","Description":"Margins A(all)-X(LR)-Y(TB)-T-B-L-R","List":""},{"Key":"PaddingAXYTBLR","DisplayName":"Paddings","FieldType":"String","DefaultValue":"a=4; x=?; y=?; t=?; b=?; l=?; r=?","Description":"Paddings A(all)-X(LR)-Y(TB)-T-B-L-R","List":""},{"Key":"RawClasses","DisplayName":"Classes (;)","FieldType":"String","DefaultValue":"","Description":"Classes added to the HTML tag.","List":""},{"Key":"RawStyles","DisplayName":"Styles (JSON)","FieldType":"String","DefaultValue":"","Description":"Styles added to the HTML tag. Must be a json String use = and ;","List":""},{"Key":"RawAttributes","DisplayName":"Attributes (JSON)","FieldType":"String","DefaultValue":"","Description":"Attributes added to the HTML tag. Must be a json String use = and ;","List":""}],"events":[],"methods":[{"name":"Class_Globals","signature":"Class_Globals"},{"name":"Initialize","signature":"Initialize (Callback As Object, Name As String, EventName As String)"},{"name":"OnEvent","signature":"OnEvent(event As String, MethodName As String)"},{"name":"getID","signature":"getID() As String"},{"name":"SetProperties","signature":"SetProperties(props As Map)"},{"name":"GetProperties","signature":"GetProperties As Map"},{"name":"AddComponent","signature":"AddComponent"},{"name":"Remove","signature":"Remove()"},{"name":"setParentID","signature":"setParentID(s As String)"},{"name":"getParentID","signature":"getParentID As String"},{"name":"getHere","signature":"getHere() As String"},{"name":"DesignerCreateView","signature":"DesignerCreateView (Target As BANanoElement, Props As Map)"},{"name":"setVisible","signature":"setVisible(b As Boolean)"},{"name":"getVisible","signature":"getVisible As Boolean"},{"name":"setEnabled","signature":"setEnabled(b As Boolean)"},{"name":"getEnabled","signature":"getEnabled As Boolean"},{"name":"setPositionStyle","signature":"setPositionStyle(s As String)"},{"name":"getPositionStyle","signature":"getPositionStyle As String"},{"name":"setPosition","signature":"setPosition(s As String)"},{"name":"getPosition","signature":"getPosition As String"},{"name":"setAttributes","signature":"setAttributes(s As String)"},{"name":"setStyles","signature":"setStyles(s As String)"},{"name":"setClasses","signature":"setClasses(s As String)"},{"name":"setPaddingAXYTBLR","signature":"setPaddingAXYTBLR(s As String)"},{"name":"setMarginAXYTBLR","signature":"setMarginAXYTBLR(s As String)"},{"name":"AddClass","signature":"AddClass(className As String)"},{"name":"getShadow","signature":"getShadow As String"},{"name":"getRounded","signature":"getRounded As String"},{"name":"getRoundedBox","signature":"getRoundedBox As Boolean"},{"name":"setShadow","signature":"setShadow(s As String)"},{"name":"setRounded","signature":"setRounded(s As String)"},{"name":"setRoundedBox","signature":"setRoundedBox(b As Boolean)"},{"name":"getAttributes","signature":"getAttributes As String"},{"name":"getStyles","signature":"getStyles As String"},{"name":"getClasses","signature":"getClasses As String"},{"name":"getPaddingAXYTBLR","signature":"getPaddingAXYTBLR As String"},{"name":"getMarginAXYTBLR","signature":"getMarginAXYTBLR As String"},{"name":"setTypeOf","signature":"setTypeOf(s As String)"},{"name":"getTypeOf","signature":"getTypeOf As String"},{"name":"setHeight","signature":"setHeight(s As String)"},{"name":"getHeight","signature":"getHeight As String"},{"name":"setWidth","signature":"setWidth(s As String)"},{"name":"getWidth","signature":"getWidth As String"},{"name":"setTheme","signature":"setTheme(s As String)"},{"name":"getTheme","signature":"getTheme As String"},{"name":"setShowLegend","signature":"setShowLegend(b As Boolean)"},{"name":"getShowLegend","signature":"getShowLegend As Boolean"},{"name":"setLegendPosition","signature":"setLegendPosition(s As String)"},{"name":"getLegendPosition","signature":"getLegendPosition As String"},{"name":"setShowToolbar","signature":"setShowToolbar(b As Boolean)"},{"name":"getShowToolbar","signature":"getShowToolbar As Boolean"},{"name":"setTitle","signature":"setTitle(s As String)"},{"name":"getTitle","signature":"getTitle As String"},{"name":"setShowDataLabels","signature":"setShowDataLabels(b As Boolean)"},{"name":"getShowDataLabels","signature":"getShowDataLabels As Boolean"},{"name":"setDataLabelOrientation","signature":"setDataLabelOrientation(s As String)"},{"name":"getDataLabelOrientation","signature":"getDataLabelOrientation As String"},{"name":"setDataLabelPosition","signature":"setDataLabelPosition(s As String)"},{"name":"getDataLabelPosition","signature":"getDataLabelPosition As String"},{"name":"setXAxisTitle","signature":"setXAxisTitle(s As String)"},{"name":"getXAxisTitle","signature":"getXAxisTitle As String"},{"name":"setYAxisTitle","signature":"setYAxisTitle(s As String)"},{"name":"getYAxisTitle","signature":"getYAxisTitle As String"},{"name":"setCurve","signature":"setCurve(s As String)"},{"name":"getCurve","signature":"getCurve As String"},{"name":"setLineWidth","signature":"setLineWidth(i As Int)"},{"name":"getLineWidth","signature":"getLineWidth As Int"},{"name":"setDonutShowTotal","signature":"setDonutShowTotal(b As Boolean)"},{"name":"getDonutShowTotal","signature":"getDonutShowTotal As Boolean"},{"name":"setHollowSize","signature":"setHollowSize(s As String)"},{"name":"getHollowSize","signature":"getHollowSize As String"},{"name":"setDashedRadial","signature":"setDashedRadial(b As Boolean)"},{"name":"getDashedRadial","signature":"getDashedRadial As Boolean"},{"name":"setTrackWidth","signature":"setTrackWidth(s As String)"},{"name":"getTrackWidth","signature":"getTrackWidth As String"},{"name":"setXAxisOffsetY","signature":"setXAxisOffsetY(i As Int)"},{"name":"getXAxisOffsetY","signature":"getXAxisOffsetY As Int"},{"name":"setXAxisLabelRotate","signature":"setXAxisLabelRotate(i As Int)"},{"name":"getXAxisLabelRotate","signature":"getXAxisLabelRotate As Int"},{"name":"setXAxisLabelRotateOffsetY","signature":"setXAxisLabelRotateOffsetY(i As Int)"},{"name":"getXAxisLabelRotateOffsetY","signature":"getXAxisLabelRotateOffsetY As Int"},{"name":"setGradient","signature":"setGradient(b As Boolean)"},{"name":"getGradient","signature":"getGradient As Boolean"},{"name":"setRealtime","signature":"setRealtime(b As Boolean)"},{"name":"getRealtime","signature":"getRealtime As Boolean"},{"name":"setMarkerSize","signature":"setMarkerSize(i As Int)"},{"name":"getMarkerSize","signature":"getMarkerSize As Int"},{"name":"setStacked","signature":"setStacked(b As Boolean)"},{"name":"getStacked","signature":"getStacked As Boolean"},{"name":"setBorderRadius","signature":"setBorderRadius(i As Int)"},{"name":"getBorderRadius","signature":"getBorderRadius As Int"},{"name":"setXAxisOutputFormat","signature":"setXAxisOutputFormat(s As String)"},{"name":"getXAxisOutputFormat","signature":"getXAxisOutputFormat As String"},{"name":"setYAxisOutputFormat","signature":"setYAxisOutputFormat(s As String)"},{"name":"getYAxisOutputFormat","signature":"getYAxisOutputFormat As String"},{"name":"setColumnWidth","signature":"setColumnWidth(s As String)"},{"name":"getColumnWidth","signature":"getColumnWidth As String"},{"name":"setCategories","signature":"setCategories(s As String)"},{"name":"getCategories","signature":"getCategories As String"},{"name":"setStartAngle","signature":"setStartAngle(i As Int)"},{"name":"getStartAngle","signature":"getStartAngle As Int"},{"name":"setEndAngle","signature":"setEndAngle(i As Int)"},{"name":"getEndAngle","signature":"getEndAngle As Int"},{"name":"setBarLabels","signature":"setBarLabels(b As Boolean)"},{"name":"getBarLabels","signature":"getBarLabels As Boolean"},{"name":"setSparkline","signature":"setSparkline(b As Boolean)"},{"name":"getSparkline","signature":"getSparkline As Boolean"},{"name":"setGridShow","signature":"setGridShow(b As Boolean)"},{"name":"getGridShow","signature":"getGridShow As Boolean"},{"name":"setTooltipEnabled","signature":"setTooltipEnabled(b As Boolean)"},{"name":"getTooltipEnabled","signature":"getTooltipEnabled As Boolean"},{"name":"setSubtitle","signature":"setSubtitle(s As String)"},{"name":"getSubtitle","signature":"getSubtitle As String"},{"name":"setSubtitleFontSize","signature":"setSubtitleFontSize(s As String)"},{"name":"getSubtitleFontSize","signature":"getSubtitleFontSize As String"},{"name":"setTitleFontSize","signature":"setTitleFontSize(s As String)"},{"name":"getTitleFontSize","signature":"getTitleFontSize As String"},{"name":"setData","signature":"setData(s As String)"},{"name":"getData","signature":"getData As String"},{"name":"setOptions","signature":"setOptions(s As String)"},{"name":"getOptions","signature":"getOptions As String"},{"name":"setSeries","signature":"setSeries(s As String)"},{"name":"getSeries","signature":"getSeries As String"},{"name":"setColors","signature":"setColors(s As String)"},{"name":"getColors","signature":"getColors As String"},{"name":"setLegendVisible","signature":"setLegendVisible(b As Boolean)"},{"name":"getLegendVisible","signature":"getLegendVisible As Boolean"},{"name":"Clear","signature":"Clear"},{"name":"Refresh","signature":"Refresh"},{"name":"AddCategories","signature":"AddCategories(cats As List)"},{"name":"AddSeries","signature":"AddSeries(serName As String, serColor As String, serValues As Object)"},{"name":"AddSeriesColor","signature":"AddSeriesColor(serName As String, serColor As String)"},{"name":"AddSeriesPoint","signature":"AddSeriesPoint(serName As String, x As String, y As Object)"},{"name":"UpdateSeries","signature":"UpdateSeries(mSeries As Map)"},{"name":"UpdateOptions","signature":"UpdateOptions(mOptions As Map)"}]}