{"name":"SDUI5Slider","properties":[{"Key":"ParentID","DisplayName":"ParentID","FieldType":"String","DefaultValue":"","Description":"The ParentID of this component","List":""},{"Key":"Orientation","DisplayName":"Orientation","FieldType":"String","DefaultValue":"horizontal","Description":"Orientation","List":"horizontal|vertical"},{"Key":"ShowButtons","DisplayName":"Show Buttons","FieldType":"Boolean","DefaultValue":"False","Description":"Show Navigation Buttons","List":""},{"Key":"ShowIndicators","DisplayName":"Show Indicators","FieldType":"Boolean","DefaultValue":"True","Description":"Show Page Indicators","List":""},{"Key":"Loop","DisplayName":"Loop","FieldType":"Boolean","DefaultValue":"False","Description":"Enable Looping","List":""},{"Key":"Autoplay","DisplayName":"Autoplay","FieldType":"Boolean","DefaultValue":"True","Description":"Enable Autoplay","List":""},{"Key":"AutoplayInterval","DisplayName":"Autoplay Interval","FieldType":"Int","DefaultValue":"3000","Description":"Autoplay interval in milliseconds","List":""},{"Key":"AllowNext","DisplayName":"Allow Next","FieldType":"Boolean","DefaultValue":"True","Description":"Allow next navigation","List":""},{"Key":"AllowBack","DisplayName":"Allow Back","FieldType":"Boolean","DefaultValue":"True","Description":"Allow back navigation","List":""},{"Key":"LazyLoading","DisplayName":"Lazy Loading","FieldType":"Boolean","DefaultValue":"False","Description":"Enable lazy loading","List":""},{"Key":"Height","DisplayName":"Height","FieldType":"String","DefaultValue":"500px","Description":"Height","List":""},{"Key":"Width","DisplayName":"Width","FieldType":"String","DefaultValue":"900px","Description":"Width","List":""},{"Key":"Shadow","DisplayName":"Shadow","FieldType":"String","DefaultValue":"none","Description":"DaisyUI shadow class","List":"2xl|inner|lg|md|none|shadow|sm|xl"},{"Key":"Rounded","DisplayName":"Rounded","FieldType":"String","DefaultValue":"none","Description":"DaisyUI rounded class","List":"0|2xl|3xl|full|lg|md|none|rounded|sm|xl"},{"Key":"Visible","DisplayName":"Visible","FieldType":"Boolean","DefaultValue":"True","Description":"If visible.","List":""},{"Key":"Enabled","DisplayName":"Enabled","FieldType":"Boolean","DefaultValue":"True","Description":"If enabled.","List":""},{"Key":"PositionStyle","DisplayName":"Position Style","FieldType":"String","DefaultValue":"none","Description":"Position","List":"absolute|fixed|none|relative|static|sticky"},{"Key":"Position","DisplayName":"Position Locations","FieldType":"String","DefaultValue":"t=?; b=?; r=?; l=?","Description":"Position Locations","List":""},{"Key":"MarginAXYTBLR","DisplayName":"Margins","FieldType":"String","DefaultValue":"a=?; x=?; y=?; t=?; b=?; l=?; r=?","Description":"Margins A(all)-X(LR)-Y(TB)-T-B-L-R","List":""},{"Key":"PaddingAXYTBLR","DisplayName":"Paddings","FieldType":"String","DefaultValue":"a=?; x=?; y=?; t=?; b=?; l=?; r=?","Description":"Paddings A(all)-X(LR)-Y(TB)-T-B-L-R","List":""},{"Key":"RawClasses","DisplayName":"Classes (;)","FieldType":"String","DefaultValue":"","Description":"Classes added to the HTML tag.","List":""},{"Key":"RawStyles","DisplayName":"Styles (JSON)","FieldType":"String","DefaultValue":"","Description":"Styles added to the HTML tag. Must be a json String use = and ;","List":""},{"Key":"RawAttributes","DisplayName":"Attributes (JSON)","FieldType":"String","DefaultValue":"","Description":"Attributes added to the HTML tag. Must be a json String use = and ;","List":""}],"events":[{"name":"PageChanged (index As Int)"},{"name":"ItemClicked (id As String)"}],"methods":[{"name":"Class_Globals","signature":"Class_Globals"},{"name":"Initialize","signature":"Initialize (Callback As Object, Name As String, EventName As String)"},{"name":"getID","signature":"getID() As String"},{"name":"SetProperties","signature":"SetProperties(props As Map)"},{"name":"GetProperties","signature":"GetProperties As Map"},{"name":"AddComponent","signature":"AddComponent"},{"name":"Remove","signature":"Remove()"},{"name":"setParentID","signature":"setParentID(s As String)"},{"name":"getParentID","signature":"getParentID As String"},{"name":"getHere","signature":"getHere() As String"},{"name":"setVisible","signature":"setVisible(b As Boolean)"},{"name":"getVisible","signature":"getVisible As Boolean"},{"name":"setEnabled","signature":"setEnabled(b As Boolean)"},{"name":"getEnabled","signature":"getEnabled As Boolean"},{"name":"setPositionStyle","signature":"setPositionStyle(s As String)"},{"name":"getPositionStyle","signature":"getPositionStyle As String"},{"name":"setPosition","signature":"setPosition(s As String)"},{"name":"getPosition","signature":"getPosition As String"},{"name":"setAttributes","signature":"setAttributes(s As String)"},{"name":"setStyles","signature":"setStyles(s As String)"},{"name":"setClasses","signature":"setClasses(s As String)"},{"name":"setPaddingAXYTBLR","signature":"setPaddingAXYTBLR(s As String)"},{"name":"setMarginAXYTBLR","signature":"setMarginAXYTBLR(s As String)"},{"name":"getAttributes","signature":"getAttributes As String"},{"name":"getStyles","signature":"getStyles As String"},{"name":"getClasses","signature":"getClasses As String"},{"name":"getPaddingAXYTBLR","signature":"getPaddingAXYTBLR As String"},{"name":"getMarginAXYTBLR","signature":"getMarginAXYTBLR As String"},{"name":"DesignerCreateView","signature":"DesignerCreateView (Target As BANanoElement, Props As Map)"},{"name":"setOrientation","signature":"setOrientation(s As String)"},{"name":"setShowButtons","signature":"setShowButtons(b As Boolean)"},{"name":"setShowIndicators","signature":"setShowIndicators(b As Boolean)"},{"name":"setLoop","signature":"setLoop(b As Boolean)"},{"name":"setAutoplay","signature":"setAutoplay(b As Boolean)"},{"name":"setAutoplayInterval","signature":"setAutoplayInterval(i As Int)"},{"name":"setAllowNext","signature":"setAllowNext(b As Boolean)"},{"name":"setAllowBack","signature":"setAllowBack(b As Boolean)"},{"name":"setLazyLoading","signature":"setLazyLoading(b As Boolean)"},{"name":"setHeight","signature":"setHeight(s As String)"},{"name":"setWidth","signature":"setWidth(s As String)"},{"name":"setShadow","signature":"setShadow(value As String)"},{"name":"setRounded","signature":"setRounded(value As String)"},{"name":"getOrientation","signature":"getOrientation As String"},{"name":"getShowButtons","signature":"getShowButtons As Boolean"},{"name":"getShowIndicators","signature":"getShowIndicators As Boolean"},{"name":"getLoop","signature":"getLoop As Boolean"},{"name":"getAutoplay","signature":"getAutoplay As Boolean"},{"name":"getAutoplayInterval","signature":"getAutoplayInterval As Int"},{"name":"getAllowNext","signature":"getAllowNext As Boolean"},{"name":"getAllowBack","signature":"getAllowBack As Boolean"},{"name":"getLazyLoading","signature":"getLazyLoading As Boolean"},{"name":"getHeight","signature":"getHeight As String"},{"name":"getWidth","signature":"getWidth As String"},{"name":"getShadow","signature":"getShadow As String"},{"name":"getRounded","signature":"getRounded As String"},{"name":"AddItem","signature":"AddItem(ItemID As String, Src As String)"},{"name":"AddPage","signature":"AddPage(PageElement As BANanoElement, Value As String)"},{"name":"AddPageAt","signature":"AddPageAt(PageElement As BANanoElement, Index As Int, Value As String)"},{"name":"GetPanel","signature":"GetPanel(Index As Int) As BANanoObject"},{"name":"GetValue","signature":"GetValue(Index As Int) As String"},{"name":"RemovePageAt","signature":"RemovePageAt(Index As Int)"},{"name":"SetLazyLoadingExtraSize","signature":"SetLazyLoadingExtraSize(Size As Int)"},{"name":"SetLazyLoadingAddContent","signature":"SetLazyLoadingAddContent(Handler As Object)"},{"name":"GetIndex","signature":"GetIndex As Int"},{"name":"SetIndex","signature":"SetIndex(index As Int)"},{"name":"NextPage","signature":"NextPage"},{"name":"PreviousPage","signature":"PreviousPage"},{"name":"GetSize","signature":"GetSize As Int"},{"name":"Clear","signature":"Clear"},{"name":"StartAutoplay","signature":"StartAutoplay"},{"name":"StopAutoplay","signature":"StopAutoplay"}]}