{"name":"SDUI5FileInput","properties":[{"Key":"ParentID","DisplayName":"ParentID","FieldType":"String","DefaultValue":"","Description":"The ParentID of this component","List":""},{"Key":"InputType","DisplayName":"Input Type","FieldType":"String","DefaultValue":"normal","Description":"Input Type","List":"normal|legend|buttons|label-input|microphone|progress|camera|camcorder|legend-microphone|legend-progress|legend-camera|legend-camcorder"},{"Key":"Label","DisplayName":"Label","FieldType":"String","DefaultValue":"Please select a file","Description":"Label","List":""},{"Key":"LegendColor","DisplayName":"Label Color","FieldType":"String","DefaultValue":"","Description":"Label Color","List":""},{"Key":"Color","DisplayName":"Color","FieldType":"String","DefaultValue":"none","Description":"Color","List":""},{"Key":"Ghost","DisplayName":"Ghost","FieldType":"Boolean","DefaultValue":"False","Description":"Ghost","List":""},{"Key":"HideSelectorButton","DisplayName":"Hide Selector Button","FieldType":"Boolean","DefaultValue":"False","Description":"Hide Selector Button","List":""},{"Key":"Hint","DisplayName":"Hint","FieldType":"String","DefaultValue":"","Description":"Hint","List":""},{"Key":"Required","DisplayName":"Required","FieldType":"Boolean","DefaultValue":"False","Description":"Required","List":""},{"Key":"Size","DisplayName":"Size","FieldType":"String","DefaultValue":"none","Description":"Size","List":"lg|md|none|sm|xl|xs"},{"Key":"Width","DisplayName":"Width","FieldType":"String","DefaultValue":"full","Description":"Width","List":""},{"Key":"Validator","DisplayName":"Validator","FieldType":"Boolean","DefaultValue":"False","Description":"Validator","List":""},{"Key":"ValidatorHint","DisplayName":"Validator Hint","FieldType":"String","DefaultValue":"","Description":"Validator Hint","List":""},{"Key":"BackgroundColor","DisplayName":"Background Color","FieldType":"String","DefaultValue":"base-200","Description":"Background Color","List":""},{"Key":"Border","DisplayName":"Border","FieldType":"Boolean","DefaultValue":"True","Description":"Border","List":""},{"Key":"BorderColor","DisplayName":"Border Color","FieldType":"String","DefaultValue":"base-300","Description":"Border Color","List":""},{"Key":"RoundedBox","DisplayName":"Rounded Box","FieldType":"Boolean","DefaultValue":"False","Description":"Rounded Box","List":""},{"Key":"Shadow","DisplayName":"Shadow","FieldType":"String","DefaultValue":"none","Description":"Shadow","List":"2xl|inner|lg|md|none|shadow|sm|xl"},{"Key":"Accept","DisplayName":"Accept","FieldType":"String","DefaultValue":"","Description":"Accept","List":""},{"Key":"Capture","DisplayName":"Capture","FieldType":"String","DefaultValue":"none","Description":"Capture","List":"environment|none|user"},{"Key":"Multiple","DisplayName":"Multiple","FieldType":"Boolean","DefaultValue":"False","Description":"Multiple","List":""},{"Key":"ButtonSize","DisplayName":"Button Size","FieldType":"String","DefaultValue":"80px","Description":"Button Size","List":""},{"Key":"Icon","DisplayName":"Icon","FieldType":"String","DefaultValue":"","Description":"Icon","List":""},{"Key":"IconColor","DisplayName":"Icon Color","FieldType":"String","DefaultValue":"#ffffff","Description":"Icon Color","List":""},{"Key":"IconSize","DisplayName":"Icon Size","FieldType":"String","DefaultValue":"42px","Description":"Icon Size","List":""},{"Key":"ProgressValue","DisplayName":"Progress Value","FieldType":"String","DefaultValue":"","Description":"Progress Value","List":""},{"Key":"Visible","DisplayName":"Visible","FieldType":"Boolean","DefaultValue":"True","Description":"If visible.","List":""},{"Key":"Enabled","DisplayName":"Enabled","FieldType":"Boolean","DefaultValue":"True","Description":"If enabled.","List":""},{"Key":"PositionStyle","DisplayName":"Position Style","FieldType":"String","DefaultValue":"none","Description":"Position","List":"absolute|fixed|none|relative|static|sticky"},{"Key":"Position","DisplayName":"Position Locations","FieldType":"String","DefaultValue":"t=?; b=?; r=?; l=?","Description":"Position Locations","List":""},{"Key":"MarginAXYTBLR","DisplayName":"Margins","FieldType":"String","DefaultValue":"a=?; x=?; y=?; t=?; b=?; l=?; r=?","Description":"Margins A(all)-X(LR)-Y(TB)-T-B-L-R","List":""},{"Key":"PaddingAXYTBLR","DisplayName":"Paddings","FieldType":"String","DefaultValue":"a=?; x=?; y=?; t=?; b=?; l=?; r=?","Description":"Paddings A(all)-X(LR)-Y(TB)-T-B-L-R","List":""},{"Key":"RawClasses","DisplayName":"Classes (;)","FieldType":"String","DefaultValue":"","Description":"Classes added to the HTML tag.","List":""},{"Key":"RawStyles","DisplayName":"Styles (JSON)","FieldType":"String","DefaultValue":"","Description":"Styles added to the HTML tag. Must be a json String use = and ;","List":""},{"Key":"RawAttributes","DisplayName":"Attributes (JSON)","FieldType":"String","DefaultValue":"","Description":"Attributes added to the HTML tag. Must be a json String use = and ;","List":""}],"events":[{"name":"Change (e As BANanoEvent)"}],"methods":[{"name":"Class_Globals","signature":"Class_Globals"},{"name":"Initialize","signature":"Initialize (Callback As Object, Name As String, EventName As String)"},{"name":"getID","signature":"getID() As String"},{"name":"SetProperties","signature":"SetProperties(props As Map)"},{"name":"GetProperties","signature":"GetProperties As Map"},{"name":"AddComponent","signature":"AddComponent"},{"name":"Remove","signature":"Remove()"},{"name":"setLegendColor\t\t\t\t","signature":"setLegendColor(s As String)\t\t\t\t"},{"name":"getLegendColor","signature":"getLegendColor As String"},{"name":"setParentID","signature":"setParentID(s As String)"},{"name":"getParentID","signature":"getParentID As String"},{"name":"getHere","signature":"getHere() As String"},{"name":"setVisible","signature":"setVisible(b As Boolean)"},{"name":"getVisible","signature":"getVisible As Boolean"},{"name":"setEnabled","signature":"setEnabled(b As Boolean)"},{"name":"getEnabled","signature":"getEnabled As Boolean"},{"name":"setPositionStyle","signature":"setPositionStyle(s As String)"},{"name":"getPositionStyle","signature":"getPositionStyle As String"},{"name":"setPosition","signature":"setPosition(s As String)"},{"name":"getPosition","signature":"getPosition As String"},{"name":"setAttributes","signature":"setAttributes(s As String)"},{"name":"setStyles","signature":"setStyles(s As String)"},{"name":"setClasses","signature":"setClasses(s As String)"},{"name":"setPaddingAXYTBLR","signature":"setPaddingAXYTBLR(s As String)"},{"name":"setMarginAXYTBLR","signature":"setMarginAXYTBLR(s As String)"},{"name":"getAttributes","signature":"getAttributes As String"},{"name":"getStyles","signature":"getStyles As String"},{"name":"getClasses","signature":"getClasses As String"},{"name":"getPaddingAXYTBLR","signature":"getPaddingAXYTBLR As String"},{"name":"getMarginAXYTBLR","signature":"getMarginAXYTBLR As String"},{"name":"DesignerCreateView","signature":"DesignerCreateView (Target As BANanoElement, Props As Map)"},{"name":"TriggerClick","signature":"TriggerClick"},{"name":"setCapture\t\t\t","signature":"setCapture(s As String)\t\t\t"},{"name":"getCapture","signature":"getCapture As String"},{"name":"setAccept\t\t\t","signature":"setAccept(s As String)\t\t\t"},{"name":"setButtonSize\t\t\t","signature":"setButtonSize(s As String)\t\t\t"},{"name":"setIcon\t\t\t","signature":"setIcon(s As String)\t\t\t"},{"name":"setIconColor\t\t\t\t","signature":"setIconColor(s As String)\t\t\t\t"},{"name":"setIconSize\t\t\t\t","signature":"setIconSize(s As String)\t\t\t\t"},{"name":"setMultiple\t\t\t","signature":"setMultiple(b As Boolean)\t\t\t"},{"name":"setProgressValue\t\t\t","signature":"setProgressValue(s As String)\t\t\t"},{"name":"getAccept","signature":"getAccept As String"},{"name":"getButtonSize","signature":"getButtonSize As String"},{"name":"getIcon","signature":"getIcon As String"},{"name":"getIconColor","signature":"getIconColor As String"},{"name":"getIconSize","signature":"getIconSize As String"},{"name":"getMultiple","signature":"getMultiple As Boolean"},{"name":"getProgressValue","signature":"getProgressValue As String"},{"name":"Focus","signature":"Focus"},{"name":"setBackgroundColor\t\t\t","signature":"setBackgroundColor(s As String)\t\t\t"},{"name":"setBorder\t\t\t\t","signature":"setBorder(b As Boolean)\t\t\t\t"},{"name":"setBorderColor\t\t\t","signature":"setBorderColor(s As String)\t\t\t"},{"name":"setRoundedBox\t\t\t","signature":"setRoundedBox(b As Boolean)\t\t\t"},{"name":"setShadow\t\t\t\t\t","signature":"setShadow(s As String)\t\t\t\t\t"},{"name":"getBackgroundColor","signature":"getBackgroundColor As String"},{"name":"getBorder","signature":"getBorder As Boolean"},{"name":"getBorderColor","signature":"getBorderColor As String"},{"name":"getRoundedBox","signature":"getRoundedBox As Boolean"},{"name":"getShadow","signature":"getShadow As String"},{"name":"setHideSelectorButton\t\t\t\t","signature":"setHideSelectorButton(b As Boolean)\t\t\t\t"},{"name":"getHideSelectorButton","signature":"getHideSelectorButton As Boolean"},{"name":"setWidth\t\t\t\t","signature":"setWidth(s As String)\t\t\t\t"},{"name":"getWidth","signature":"getWidth As String"},{"name":"setInputType","signature":"setInputType(s As String)"},{"name":"getInputType","signature":"getInputType As String"},{"name":"setColor","signature":"setColor(s As String)     "},{"name":"setGhost\t\t\t","signature":"setGhost(b As Boolean)\t\t\t"},{"name":"setHint","signature":"setHint(s As String)"},{"name":"HintError\t\t\t","signature":"HintError(s As String)\t\t\t"},{"name":"setLabel","signature":"setLabel(s As String)"},{"name":"setRequired\t\t\t\t","signature":"setRequired(b As Boolean)\t\t\t\t"},{"name":"setSize\t\t\t\t","signature":"setSize(s As String)\t\t\t\t"},{"name":"setValidator","signature":"setValidator(b As Boolean)"},{"name":"setValidatorHint","signature":"setValidatorHint(s As String)"},{"name":"getColor","signature":"getColor As String"},{"name":"getGhost","signature":"getGhost As Boolean"},{"name":"getHint","signature":"getHint As String"},{"name":"getLabel","signature":"getLabel As String"},{"name":"getRequired","signature":"getRequired As Boolean"},{"name":"getSize","signature":"getSize As String"},{"name":"getValidator","signature":"getValidator As Boolean"},{"name":"getValidatorHint","signature":"getValidatorHint As String"},{"name":"ChangeSingle","signature":"ChangeSingle"},{"name":"ChangeMultiple","signature":"ChangeMultiple"},{"name":"GetFiles","signature":"GetFiles As List"},{"name":"GetFile","signature":"GetFile As Map"},{"name":"GetFileDataURL","signature":"GetFileDataURL As String"},{"name":"setValue","signature":"setValue(v As Object)"},{"name":"getValue","signature":"getValue As Object"},{"name":"Nullify","signature":"Nullify"},{"name":"IsBlank","signature":"IsBlank As Boolean"},{"name":"ResetValidation","signature":"ResetValidation"},{"name":"CamCorder","signature":"CamCorder"},{"name":"Microphone","signature":"Microphone"},{"name":"BackCamera","signature":"BackCamera"},{"name":"FrontCamera","signature":"FrontCamera"},{"name":"AcceptVideosOnly","signature":"AcceptVideosOnly"},{"name":"AcceptImagesOnly","signature":"AcceptImagesOnly"},{"name":"AcceptJSON","signature":"AcceptJSON"},{"name":"AcceptExcel","signature":"AcceptExcel"},{"name":"AcceptPDF","signature":"AcceptPDF"},{"name":"AccectWord","signature":"AccectWord"}]}