{"name":"SDUI5CheckBoxGroup","properties":[{"Key":"ParentID","DisplayName":"ParentID","FieldType":"String","DefaultValue":"","Description":"The ParentID of this component","List":""},{"Key":"TypeOf","DisplayName":"Type","FieldType":"String","DefaultValue":"checkbox","Description":"Type Of","List":"checkbox|toggle"},{"Key":"Label","DisplayName":"Label","FieldType":"String","DefaultValue":"CheckBox Group","Description":"Label","List":""},{"Key":"LegendColor","DisplayName":"Label Color","FieldType":"String","DefaultValue":"","Description":"Label Color","List":""},{"Key":"RawOptions","DisplayName":"Options","FieldType":"String","DefaultValue":"b4a=b4a; b4j=b4j; b4i=b4i; b4r=b4r","Description":"Options","List":""},{"Key":"Selected","DisplayName":"Selected","FieldType":"String","DefaultValue":"","Description":"Selected","List":""},{"Key":"Color","DisplayName":"Color","FieldType":"String","DefaultValue":"none","Description":"Color","List":"accent|error|info|neutral|none|primary|secondary|success|warning"},{"Key":"CheckedColor","DisplayName":"Checked Color","FieldType":"String","DefaultValue":"","Description":"Checked Color","List":""},{"Key":"Size","DisplayName":"Size","FieldType":"String","DefaultValue":"none","Description":"Size","List":"lg|md|none|sm|xl|xs"},{"Key":"GroupName","DisplayName":"Group Name","FieldType":"String","DefaultValue":"","Description":"Group Name","List":""},{"Key":"ColumnView","DisplayName":"Column View","FieldType":"Boolean","DefaultValue":"False","Description":"Column View","List":""},{"Key":"LabelPosition","DisplayName":"Label Position","FieldType":"String","DefaultValue":"right","Description":"Label Position","List":"left|right"},{"Key":"BackgroundColor","DisplayName":"Background Color","FieldType":"String","DefaultValue":"base-200","Description":"Background Color","List":""},{"Key":"Border","DisplayName":"Border","FieldType":"Boolean","DefaultValue":"True","Description":"Border","List":""},{"Key":"BorderColor","DisplayName":"Border Color","FieldType":"String","DefaultValue":"base-300","Description":"Border Color","List":""},{"Key":"RoundedBox","DisplayName":"Rounded Box","FieldType":"Boolean","DefaultValue":"True","Description":"Rounded Box","List":""},{"Key":"Shadow","DisplayName":"Shadow","FieldType":"String","DefaultValue":"none","Description":"Shadow","List":"2xl|inner|lg|md|none|shadow|sm|xl"},{"Key":"Height","DisplayName":"Height","FieldType":"String","DefaultValue":"","Description":"Height","List":""},{"Key":"Width","DisplayName":"Width","FieldType":"String","DefaultValue":"full","Description":"Width","List":""},{"Key":"Hint","DisplayName":"Hint","FieldType":"String","DefaultValue":"","Description":"Hint","List":""},{"Key":"Visible","DisplayName":"Visible","FieldType":"Boolean","DefaultValue":"True","Description":"If visible.","List":""},{"Key":"Enabled","DisplayName":"Enabled","FieldType":"Boolean","DefaultValue":"True","Description":"If enabled.","List":""},{"Key":"PositionStyle","DisplayName":"Position Style","FieldType":"String","DefaultValue":"none","Description":"Position","List":"absolute|fixed|none|relative|static|sticky"},{"Key":"Position","DisplayName":"Position Locations","FieldType":"String","DefaultValue":"t=?; b=?; r=?; l=?","Description":"Position Locations","List":""},{"Key":"MarginAXYTBLR","DisplayName":"Margins","FieldType":"String","DefaultValue":"a=?; x=?; y=?; t=?; b=?; l=?; r=?","Description":"Margins A(all)-X(LR)-Y(TB)-T-B-L-R","List":""},{"Key":"PaddingAXYTBLR","DisplayName":"Paddings","FieldType":"String","DefaultValue":"a=4; x=?; y=?; t=?; b=?; l=?; r=?","Description":"Paddings A(all)-X(LR)-Y(TB)-T-B-L-R","List":""},{"Key":"RawClasses","DisplayName":"Classes (;)","FieldType":"String","DefaultValue":"","Description":"Classes added to the HTML tag.","List":""},{"Key":"RawStyles","DisplayName":"Styles (JSON)","FieldType":"String","DefaultValue":"","Description":"Styles added to the HTML tag. Must be a json String use = and ;","List":""},{"Key":"RawAttributes","DisplayName":"Attributes (JSON)","FieldType":"String","DefaultValue":"","Description":"Attributes added to the HTML tag. Must be a json String use = and ;","List":""}],"events":[{"name":"Change (Value As String)"}],"methods":[{"name":"Class_Globals","signature":"Class_Globals"},{"name":"Initialize","signature":"Initialize (Callback As Object, Name As String, EventName As String)"},{"name":"getID","signature":"getID() As String"},{"name":"SetProperties","signature":"SetProperties(props As Map)"},{"name":"GetProperties","signature":"GetProperties As Map"},{"name":"AddComponent","signature":"AddComponent"},{"name":"Remove","signature":"Remove()"},{"name":"setParentID","signature":"setParentID(s As String)"},{"name":"getParentID","signature":"getParentID As String"},{"name":"getHere","signature":"getHere() As String"},{"name":"setVisible","signature":"setVisible(b As Boolean)"},{"name":"getVisible","signature":"getVisible As Boolean"},{"name":"setEnabled","signature":"setEnabled(b As Boolean)"},{"name":"getEnabled","signature":"getEnabled As Boolean"},{"name":"setPositionStyle","signature":"setPositionStyle(s As String)"},{"name":"getPositionStyle","signature":"getPositionStyle As String"},{"name":"setPosition","signature":"setPosition(s As String)"},{"name":"getPosition","signature":"getPosition As String"},{"name":"setAttributes","signature":"setAttributes(s As String)"},{"name":"setStyles","signature":"setStyles(s As String)"},{"name":"setClasses","signature":"setClasses(s As String)"},{"name":"setPaddingAXYTBLR","signature":"setPaddingAXYTBLR(s As String)"},{"name":"setMarginAXYTBLR","signature":"setMarginAXYTBLR(s As String)"},{"name":"getAttributes","signature":"getAttributes As String"},{"name":"getStyles","signature":"getStyles As String"},{"name":"getClasses","signature":"getClasses As String"},{"name":"getPaddingAXYTBLR","signature":"getPaddingAXYTBLR As String"},{"name":"getMarginAXYTBLR","signature":"getMarginAXYTBLR As String"},{"name":"DesignerCreateView","signature":"DesignerCreateView (Target As BANanoElement, Props As Map)"},{"name":"setLegendColor\t\t\t","signature":"setLegendColor(s As String)\t\t\t"},{"name":"getLegendColor","signature":"getLegendColor As String"},{"name":"setShadow","signature":"setShadow(s As String)"},{"name":"getShadow","signature":"getShadow As String"},{"name":"setSelected\t\t\t\t\t","signature":"setSelected(s As String)\t\t\t\t\t"},{"name":"AddOption","signature":"AddOption(k As String, v As String)"},{"name":"getSelected","signature":"getSelected As String"},{"name":"setColumnView","signature":"setColumnView(b As Boolean)"},{"name":"setLabelPosition","signature":"setLabelPosition(s As String)"},{"name":"getColumnView","signature":"getColumnView As Boolean"},{"name":"getLabelPosition","signature":"getLabelPosition As String"},{"name":"Clear\t\t\t\t","signature":"Clear\t\t\t\t"},{"name":"setOptions\t\t\t","signature":"setOptions(s As String)\t\t\t"},{"name":"SetOptionsFromMap\t\t\t","signature":"SetOptionsFromMap(m As Map)\t\t\t"},{"name":"SetItemsChips","signature":"SetItemsChips(titems As Map)"},{"name":"setHeight","signature":"setHeight(s As String)"},{"name":"getHeight","signature":"getHeight As String"},{"name":"setWidth","signature":"setWidth(s As String)"},{"name":"getWidth","signature":"getWidth As String"},{"name":"setRoundedBox","signature":"setRoundedBox(b As Boolean)"},{"name":"getRoundedBox","signature":"getRoundedBox As Boolean"},{"name":"SetOptionsFromList","signature":"SetOptionsFromList(m As List)"},{"name":"getOptions","signature":"getOptions As String"},{"name":"setBackgroundColor","signature":"setBackgroundColor(s As String)"},{"name":"getBackgroundColor","signature":"getBackgroundColor As String"},{"name":"setBorder","signature":"setBorder(b As Boolean)"},{"name":"getBorder","signature":"getBorder As Boolean"},{"name":"setBorderColor","signature":"setBorderColor(s As String)"},{"name":"getBorderColor","signature":"getBorderColor As String"},{"name":"setCheckedColor","signature":"setCheckedColor(s As String)"},{"name":"setColor","signature":"setColor(s As String)"},{"name":"setGroupName","signature":"setGroupName(s As String)"},{"name":"setHint","signature":"setHint(s As String)"},{"name":"HintError\t\t\t","signature":"HintError(s As String)\t\t\t"},{"name":"setLabel","signature":"setLabel(s As String)"},{"name":"setSize","signature":"setSize(s As String)"},{"name":"getCheckedColor","signature":"getCheckedColor As String"},{"name":"getColor","signature":"getColor As String"},{"name":"getGroupName","signature":"getGroupName As String"},{"name":"getHint","signature":"getHint As String"},{"name":"getLabel","signature":"getLabel As String"},{"name":"IsBlank","signature":"IsBlank As Boolean"},{"name":"ResetValidation","signature":"ResetValidation"},{"name":"getValue","signature":"getValue As String"},{"name":"setValue","signature":"setValue(s As String)"},{"name":"setTypeOf","signature":"setTypeOf(s As String)"},{"name":"getTypeOf","signature":"getTypeOf As String"}]}