{"name":"SDUI5Row","properties":[{"Key":"ParentID","DisplayName":"ParentID","FieldType":"String","DefaultValue":"","Description":"The ParentID of this component","List":""},{"Key":"GridCols","DisplayName":"Grid Cols","FieldType":"String","DefaultValue":"12","Description":"Grid Cols","List":""},{"Key":"GridColsSm","DisplayName":"SM Grid Cols","FieldType":"String","DefaultValue":"","Description":"SM Grid Cols","List":""},{"Key":"GridColsMd","DisplayName":"MD Grid Cols","FieldType":"String","DefaultValue":"","Description":"MD Grid Cols","List":""},{"Key":"GridColsLg","DisplayName":"LG Grid Cols","FieldType":"String","DefaultValue":"","Description":"LG Grid Cols","List":""},{"Key":"GridColsXl","DisplayName":"XL Grid Cols","FieldType":"String","DefaultValue":"","Description":"XL Grid Cols","List":""},{"Key":"GridColsXxl","DisplayName":"XXL Grid Cols","FieldType":"String","DefaultValue":"","Description":"XXL Grid Cols","List":""},{"Key":"Gap","DisplayName":"Gap","FieldType":"String","DefaultValue":"2","Description":"Gap","List":""},{"Key":"AlignContent","DisplayName":"Align Content","FieldType":"String","DefaultValue":"none","Description":"Align Content","List":"around|baseline|between|center|end|evenly|none|normal|start|stretch"},{"Key":"AlignItems","DisplayName":"Align Items","FieldType":"String","DefaultValue":"none","Description":"Align Items","List":"baseline|center|end|none|start|stretch"},{"Key":"AlignSelf","DisplayName":"Align Self","FieldType":"String","DefaultValue":"none","Description":"Align Self","List":"auto|baseline|center|end|none|start|stretch"},{"Key":"JustifyContent","DisplayName":"Justify Content","FieldType":"String","DefaultValue":"none","Description":"Justify Content","List":"around|baseline|between|center|end|evenly|none|normal|start|stretch"},{"Key":"JustifyItems","DisplayName":"Justify Items","FieldType":"String","DefaultValue":"none","Description":"Justify Items","List":"center|end|none|normal|start|stretch"},{"Key":"JustifySelf","DisplayName":"Justify Self","FieldType":"String","DefaultValue":"none","Description":"Justify Self","List":"auto|center|end|none|start|stretch"},{"Key":"PlaceContent","DisplayName":"Place Content","FieldType":"String","DefaultValue":"none","Description":"Place Content","List":"around|baseline|between|center|end|evenly|none|start|stretch"},{"Key":"PlaceItems","DisplayName":"Place Items","FieldType":"String","DefaultValue":"none","Description":"Place Items","List":"baseline|center|end|none|start|stretch"},{"Key":"PlaceSelf","DisplayName":"Place Self","FieldType":"String","DefaultValue":"none","Description":"Place Self","List":"auto|center|end|none|start|stretch"},{"Key":"TextAlign","DisplayName":"Text Align","FieldType":"String","DefaultValue":"none","Description":"Text Align","List":"center|end|justify|left|none|right|start"},{"Key":"TextColor","DisplayName":"Text Color","FieldType":"String","DefaultValue":"","Description":"Text Color","List":""},{"Key":"BackgroundColor","DisplayName":"Background Color","FieldType":"String","DefaultValue":"","Description":"Background Color","List":""},{"Key":"Height","DisplayName":"Height","FieldType":"String","DefaultValue":"","Description":"Height","List":""},{"Key":"Width","DisplayName":"Width","FieldType":"String","DefaultValue":"","Description":"Width","List":""},{"Key":"Rounded","DisplayName":"Rounded","FieldType":"String","DefaultValue":"none","Description":"Rounded","List":"none|rounded|2xl|3xl|full|lg|md|sm|xl|0"},{"Key":"Shadow","DisplayName":"Shadow","FieldType":"String","DefaultValue":"none","Description":"Shadow","List":"2xl|inner|lg|md|none|shadow|sm|xl"},{"Key":"CenterChildren","DisplayName":"Center Children","FieldType":"Boolean","DefaultValue":"False","Description":"Center Children","List":""},{"Key":"Visible","DisplayName":"Visible","FieldType":"Boolean","DefaultValue":"True","Description":"If visible.","List":""},{"Key":"Enabled","DisplayName":"Enabled","FieldType":"Boolean","DefaultValue":"True","Description":"If enabled.","List":""},{"Key":"PositionStyle","DisplayName":"Position Style","FieldType":"String","DefaultValue":"none","Description":"Position","List":"absolute|fixed|none|relative|static|sticky"},{"Key":"Position","DisplayName":"Position Locations","FieldType":"String","DefaultValue":"t=?; b=?; r=?; l=?","Description":"Position Locations","List":""},{"Key":"RawBorderColor","DisplayName":"Border Colors","FieldType":"String","DefaultValue":"a=?; t=?; r=?; b=?; l=?; tl=?; tr=?; bl=?; br=?; x=?; y=?","Description":"Border Colors","List":""},{"Key":"RawBorderStyle","DisplayName":"Border Styles","FieldType":"String","DefaultValue":"a=?; t=?; r=?; b=?; l=?; tl=?; tr=?; bl=?; br=?; x=?; y=?","Description":"Border Styles","List":""},{"Key":"RawBorderWidth","DisplayName":"Border Widths","FieldType":"String","DefaultValue":"a=?; t=?; r=?; b=?; l=?; tl=?; tr=?; bl=?; br=?; x=?; y=?","Description":"Border Widths","List":""},{"Key":"RawBorderRadius","DisplayName":"Border Radius","FieldType":"String","DefaultValue":"a=?; t=?; r=?; b=?; l=?; tl=?; tr=?; bl=?; br=?; x=?; y=?","Description":"Border Radius","List":""},{"Key":"MarginAXYTBLR","DisplayName":"Margins","FieldType":"String","DefaultValue":"a=?; x=?; y=?; t=?; b=?; l=?; r=?","Description":"Margins A(all)-X(LR)-Y(TB)-T-B-L-R","List":""},{"Key":"PaddingAXYTBLR","DisplayName":"Paddings","FieldType":"String","DefaultValue":"a=?; x=?; y=?; t=?; b=?; l=?; r=?","Description":"Paddings A(all)-X(LR)-Y(TB)-T-B-L-R","List":""},{"Key":"RawClasses","DisplayName":"Classes (;)","FieldType":"String","DefaultValue":"","Description":"Classes added to the HTML tag.","List":""},{"Key":"RawStyles","DisplayName":"Styles (JSON)","FieldType":"String","DefaultValue":"","Description":"Styles added to the HTML tag. Must be a json String use = and ;","List":""},{"Key":"RawAttributes","DisplayName":"Attributes (JSON)","FieldType":"String","DefaultValue":"","Description":"Attributes added to the HTML tag. Must be a json String use = and ;","List":""}],"events":[],"methods":[{"name":"Class_Globals","signature":"Class_Globals"},{"name":"Initialize","signature":"Initialize (Callback As Object, Name As String, EventName As String)"},{"name":"getID","signature":"getID() As String"},{"name":"SetProperties","signature":"SetProperties(props As Map)"},{"name":"GetProperties","signature":"GetProperties As Map"},{"name":"AddComponent","signature":"AddComponent"},{"name":"Remove","signature":"Remove()"},{"name":"setParentID","signature":"setParentID(s As String)"},{"name":"getParentID","signature":"getParentID As String"},{"name":"getHere","signature":"getHere() As String"},{"name":"setVisible","signature":"setVisible(b As Boolean)"},{"name":"getVisible","signature":"getVisible As Boolean"},{"name":"setEnabled","signature":"setEnabled(b As Boolean)"},{"name":"getEnabled","signature":"getEnabled As Boolean"},{"name":"setPositionStyle","signature":"setPositionStyle(s As String)"},{"name":"getPositionStyle","signature":"getPositionStyle As String"},{"name":"setPosition","signature":"setPosition(s As String)"},{"name":"getPosition","signature":"getPosition As String"},{"name":"setAttributes","signature":"setAttributes(s As String)"},{"name":"setStyles","signature":"setStyles(s As String)"},{"name":"setClasses","signature":"setClasses(s As String)"},{"name":"setPaddingAXYTBLR","signature":"setPaddingAXYTBLR(s As String)"},{"name":"setMarginAXYTBLR","signature":"setMarginAXYTBLR(s As String)"},{"name":"getAttributes","signature":"getAttributes As String"},{"name":"getStyles","signature":"getStyles As String"},{"name":"getClasses","signature":"getClasses As String"},{"name":"getPaddingAXYTBLR","signature":"getPaddingAXYTBLR As String"},{"name":"getMarginAXYTBLR","signature":"getMarginAXYTBLR As String"},{"name":"DesignerCreateView","signature":"DesignerCreateView (Target As BANanoElement, Props As Map)"},{"name":"setAlignContent","signature":"setAlignContent(s As String)"},{"name":"setAlignItems","signature":"setAlignItems(s As String)"},{"name":"setAlignSelf","signature":"setAlignSelf(s As String)"},{"name":"setJustifyContent","signature":"setJustifyContent(s As String)"},{"name":"setJustifyItems","signature":"setJustifyItems(s As String)"},{"name":"setJustifySelf","signature":"setJustifySelf(s As String)"},{"name":"setPlaceContent","signature":"setPlaceContent(s As String)"},{"name":"setPlaceItems","signature":"setPlaceItems(s As String)"},{"name":"setPlaceSelf","signature":"setPlaceSelf(s As String)"},{"name":"getAlignContent","signature":"getAlignContent As String"},{"name":"getAlignItems","signature":"getAlignItems As String"},{"name":"getAlignSelf","signature":"getAlignSelf As String"},{"name":"getJustifyContent","signature":"getJustifyContent As String"},{"name":"getJustifyItems","signature":"getJustifyItems As String"},{"name":"getJustifySelf","signature":"getJustifySelf As String"},{"name":"getPlaceContent","signature":"getPlaceContent As String"},{"name":"getPlaceItems","signature":"getPlaceItems As String"},{"name":"getPlaceSelf","signature":"getPlaceSelf As String"},{"name":"setCenterChildren","signature":"setCenterChildren(b As Boolean)"},{"name":"getCenterChildren","signature":"getCenterChildren As Boolean"},{"name":"setBackgroundColor","signature":"setBackgroundColor(s As String)"},{"name":"setGap","signature":"setGap(s As String)"},{"name":"setHeight","signature":"setHeight(s As String)"},{"name":"setGridCols","signature":"setGridCols(s As String)"},{"name":"setGridColsLg","signature":"setGridColsLg(s As String)"},{"name":"setGridColsMd","signature":"setGridColsMd(s As String)"},{"name":"setGridColsSm","signature":"setGridColsSm(s As String)"},{"name":"setGridColsXl","signature":"setGridColsXl(s As String)"},{"name":"setGridColsXxl","signature":"setGridColsXxl(s As String)"},{"name":"setTextColor","signature":"setTextColor(s As String)"},{"name":"setWidth","signature":"setWidth(s As String)"},{"name":"getBackgroundColor","signature":"getBackgroundColor As String"},{"name":"getGap","signature":"getGap As String"},{"name":"getHeight","signature":"getHeight As String"},{"name":"getGridCols","signature":"getGridCols As String"},{"name":"getGridColsLg","signature":"getGridColsLg As String"},{"name":"getGridColsMd","signature":"getGridColsMd As String"},{"name":"getGridColsSm","signature":"getGridColsSm As String"},{"name":"getGridColsXl","signature":"getGridColsXl As String"},{"name":"getGridColsXxl","signature":"getGridColsXxl As String"},{"name":"getTextColor","signature":"getTextColor As String"},{"name":"getWidth","signature":"getWidth As String"},{"name":"setBorderColor","signature":"setBorderColor(s As String)"},{"name":"getBorderColor","signature":"getBorderColor As String"},{"name":"setBorderStyle","signature":"setBorderStyle(s As String)"},{"name":"getBorderStyle","signature":"getBorderStyle As String"},{"name":"setBorderWidth","signature":"setBorderWidth(s As String)"},{"name":"getBorderWidth","signature":"getBorderWidth As String"},{"name":"setBorderRadius","signature":"setBorderRadius(s As String)"},{"name":"getBorderRadius","signature":"getBorderRadius As String"},{"name":"setRounded","signature":"setRounded(s As String)"},{"name":"setShadow","signature":"setShadow(s As String)"},{"name":"getRounded","signature":"getRounded As String"},{"name":"getShadow","signature":"getShadow As String"},{"name":"setTextAlign","signature":"setTextAlign(s As String)"},{"name":"getTextAlign","signature":"getTextAlign As String"},{"name":"Clear","signature":"Clear"},{"name":"Append","signature":"Append(s As String)"},{"name":"RemoveClass","signature":"RemoveClass(s As String)"},{"name":"AddClass","signature":"AddClass(s As String)"},{"name":"AddStyle","signature":"AddStyle(k As String, v As String)"},{"name":"AddAttribute","signature":"AddAttribute(k As String, v As String)"}]}