{"name":"SDUI5JsonTree","properties":[{"Key":"ParentID","DisplayName":"ParentID","FieldType":"String","DefaultValue":"","Description":"The ParentID of this component","List":""},{"Key":"ArrowColor","DisplayName":"Arrow Color","FieldType":"String","DefaultValue":"#475872","Description":"Arrow Color","List":""},{"Key":"FontSize","DisplayName":"Font Size","FieldType":"Int","DefaultValue":"12","Description":"Font Size","List":""},{"Key":"Height","DisplayName":"Height","FieldType":"String","DefaultValue":"500px","Description":"Height","List":""},{"Key":"KeyColor","DisplayName":"Key Color","FieldType":"String","DefaultValue":"#b16b2a","Description":"Key Color","List":""},{"Key":"LineHeight","DisplayName":"Line Height","FieldType":"Int","DefaultValue":"18","Description":"Line Height","List":""},{"Key":"NodeBackgroundColor","DisplayName":"Node Background Color","FieldType":"String","DefaultValue":"#f6f8fa","Description":"Node Background Color","List":""},{"Key":"NodeBorderColor","DisplayName":"Node Border Color","FieldType":"String","DefaultValue":"#475872","Description":"Node Border Color","List":""},{"Key":"Padding","DisplayName":"Padding","FieldType":"Int","DefaultValue":"10","Description":"Padding","List":""},{"Key":"ValueColor","DisplayName":"Value Color","FieldType":"String","DefaultValue":"#008000","Description":"Value Color","List":""},{"Key":"Width","DisplayName":"Width","FieldType":"String","DefaultValue":"500px","Description":"Width","List":""},{"Key":"Visible","DisplayName":"Visible","FieldType":"Boolean","DefaultValue":"True","Description":"If visible.","List":""},{"Key":"Enabled","DisplayName":"Enabled","FieldType":"Boolean","DefaultValue":"True","Description":"If enabled.","List":""},{"Key":"PositionStyle","DisplayName":"Position Style","FieldType":"String","DefaultValue":"none","Description":"Position","List":"absolute|fixed|none|relative|static|sticky"},{"Key":"Position","DisplayName":"Position Locations","FieldType":"String","DefaultValue":"t=?; b=?; r=?; l=?","Description":"Position Locations","List":""},{"Key":"MarginAXYTBLR","DisplayName":"Margins","FieldType":"String","DefaultValue":"a=?; x=?; y=?; t=?; b=?; l=?; r=?","Description":"Margins A(all)-X(LR)-Y(TB)-T-B-L-R","List":""},{"Key":"PaddingAXYTBLR","DisplayName":"Paddings","FieldType":"String","DefaultValue":"a=?; x=?; y=?; t=?; b=?; l=?; r=?","Description":"Paddings A(all)-X(LR)-Y(TB)-T-B-L-R","List":""},{"Key":"RawClasses","DisplayName":"Classes (;)","FieldType":"String","DefaultValue":"","Description":"Classes added to the HTML tag.","List":""},{"Key":"RawStyles","DisplayName":"Styles (JSON)","FieldType":"String","DefaultValue":"","Description":"Styles added to the HTML tag. Must be a json String use = and ;","List":""},{"Key":"RawAttributes","DisplayName":"Attributes (JSON)","FieldType":"String","DefaultValue":"","Description":"Attributes added to the HTML tag. Must be a json String use = and ;","List":""}],"events":[],"methods":[{"name":"Class_Globals","signature":"Class_Globals"},{"name":"Initialize","signature":"Initialize (Callback As Object, Name As String, EventName As String)"},{"name":"getID","signature":"getID() As String"},{"name":"SetProperties","signature":"SetProperties(props As Map)"},{"name":"GetProperties","signature":"GetProperties As Map"},{"name":"AddComponent","signature":"AddComponent"},{"name":"Remove","signature":"Remove()"},{"name":"setParentID","signature":"setParentID(s As String)"},{"name":"getParentID","signature":"getParentID As String"},{"name":"getHere","signature":"getHere() As String"},{"name":"setVisible","signature":"setVisible(b As Boolean)"},{"name":"getVisible","signature":"getVisible As Boolean"},{"name":"setEnabled","signature":"setEnabled(b As Boolean)"},{"name":"getEnabled","signature":"getEnabled As Boolean"},{"name":"OnEvent","signature":"OnEvent(event As String, methodName As String)"},{"name":"setPositionStyle","signature":"setPositionStyle(s As String)"},{"name":"getPositionStyle","signature":"getPositionStyle As String"},{"name":"setPosition","signature":"setPosition(s As String)"},{"name":"getPosition","signature":"getPosition As String"},{"name":"setAttributes","signature":"setAttributes(s As String)"},{"name":"setStyles","signature":"setStyles(s As String)"},{"name":"setClasses","signature":"setClasses(s As String)"},{"name":"setPaddingAXYTBLR","signature":"setPaddingAXYTBLR(s As String)"},{"name":"setMarginAXYTBLR","signature":"setMarginAXYTBLR(s As String)"},{"name":"getAttributes","signature":"getAttributes As String"},{"name":"getStyles","signature":"getStyles As String"},{"name":"getClasses","signature":"getClasses As String"},{"name":"getPaddingAXYTBLR","signature":"getPaddingAXYTBLR As String"},{"name":"getMarginAXYTBLR","signature":"getMarginAXYTBLR As String"},{"name":"DesignerCreateView","signature":"DesignerCreateView (Target As BANanoElement, Props As Map)"},{"name":"Clear","signature":"Clear"},{"name":"setJsonString","signature":"setJsonString(s As String)"},{"name":"getJsonString","signature":"getJsonString As String"},{"name":"setJSON","signature":"setJSON(m As Map)"},{"name":"getJSON","signature":"getJSON As Map"},{"name":"Refresh","signature":"Refresh"},{"name":"setArrowColor","signature":"setArrowColor(s As String)"},{"name":"setFontSize","signature":"setFontSize(i As Int)"},{"name":"setHeight","signature":"setHeight(s As String)"},{"name":"setKeyColor","signature":"setKeyColor(s As String)"},{"name":"setLineHeight","signature":"setLineHeight(i As Int)"},{"name":"setNodeBackgroundColor","signature":"setNodeBackgroundColor(s As String)"},{"name":"setNodeBorderColor","signature":"setNodeBorderColor(s As String)"},{"name":"setPadding","signature":"setPadding(i As Int)"},{"name":"setValueColor","signature":"setValueColor(s As String)"},{"name":"setWidth","signature":"setWidth(s As String)"},{"name":"getArrowColor","signature":"getArrowColor As String"},{"name":"getFontSize","signature":"getFontSize As Int"},{"name":"getHeight","signature":"getHeight As String"},{"name":"getKeyColor","signature":"getKeyColor As String"},{"name":"getLineHeight","signature":"getLineHeight As Int"},{"name":"getNodeBackgroundColor","signature":"getNodeBackgroundColor As String"},{"name":"getNodeBorderColor","signature":"getNodeBorderColor As String"},{"name":"getPadding","signature":"getPadding As Int"},{"name":"getValueColor","signature":"getValueColor As String"},{"name":"getWidth","signature":"getWidth As String"}]}